Year,Mendocino FK_13,Grayback_18,Grayback_4,Adin Pass apr_432,Big Oak Flat_A52,CogginsSaddle_1,CogginsSaddle_8,DogValley_B12,Prospect Peak_jpbyt3_15,StampedeReservoir_9,Lake Tahoe Basin_ws2_grh,Lake Tahoe Basin_ws5_gr21,Lake Tahoe Basin_ws6_gr,Lake Tahoe Basin_ws7_gre,Lake Tahoe Basin_ws7_gri,Bluff Lake_01_02,Bluff Lake_04_04,Bluff Lake_05_17,Cedar Basin 03_08,Crater Creek 01_02,Crater Creek 01_03,Crater Creek 01_04,Crater Creek 02_05,Goosenest 13_04,Goosenest 14_02,Goosenest 14_05,Goosenest 14_21,Hayfork 03_03,Hayfork 28_06,Hayfork 32_02,Hayfork 35_01,Hayfork 37_06,Hayfork 39_06,Hayfork 44_01,Hayfork 79_06
1160,,,,,,,,,,,,,2,,,,,,,,,,,,,,,,,,,,,,
1161,,,,,,,,,,,,,1,,,,,,,,,,,,,,,,,,,,,,
1162,,,,,,,,,,,,,1,,,,,,,,,,,,,,,,,,,,,,
1163,,,,,,,,,,,,,1,,,,,,,,,,,,,,,,,,,,,,
1164,,,,,,,,,,,,,1,,,,,,,,,,,,,,,,,,,,,,
1165,,,,,,,,,,,,,1,,,,,,,,,,,,,,,,,,,,,,
1166,,,,,,,,,,,,,1,,,,,,,,,,,,,,,,,,,,,,
1167,,,,,,,,,,,,,1,,,,,,,,,,,,,,,,,,,,,,
1168,,,,,,,,,,,,,1,,,,,,,,,,,,,,,,,,,,,,
1169,,,,,,,,,,,,,1,,,,,,,,,,,,,,,,,,,,,,
1170,,,,,,,,,,,,,1,,,,,,,,,,,,,,,,,,,,,,
1171,,,,,,,,,,,,,1,,,,,,,,,,,,,,,,,,,,,,
1172,,,,,,,,,,,,,1,,,,,,,,,,,,,,,,,,,,,,
1173,,,,,,,,,,,,,1,,,,,,,,,,,,,,,,,,,,,,
1174,,,,,,,,,,,,,1,,,,,,,,,,,,,,,,,,,,,,
1175,,,,,,,,,,,,,1,,,,,,,,,,,,,,,,,,,,,,
1176,,,,,,,,,,,,,1,,,,,,,,,,,,,,,,,,,,,,
1177,,,,,,,,,,,,,1,,,,,,,,,,,,,,,,,,,,,,
1178,,,,,,,,,,,,,1,,,,,,,,,,,,,,,,,,,,,,
1179,,,,,,,,,,,,,1,,,,,,,,,,,,,,,,,,,,,,
1180,,,,,,,,,,,,,1,,,,,,,,,,,,,,,,,,,,,,
1181,,,,,,,,,,,,,1,,,,,,,,,,,,,,,,,,,,,,
1182,,,,,,,,,,,,,1,,,,,,,,,,,,,,,,,,,,,,
1183,,,,,,,,,,,,,1,,,,,,,,,,,,,,,,,,,,,,
1184,,,,,,,,,,,,,1,,,,,,,,,,,,,,,,,,,,,,
1185,,,,,,,,,,,,,1,,,,,,,,,,,,,,,,,,,,,,
1186,,,,,,,,,,,,,1,,,,,,,,,,,,,,,,,,,,,,
1187,,,,,,,,,,,,,1,,,,,,,,,,,,,,,,,,,,,,
1188,,,,,,,,,,,,,1,,,,,,,,,,,,,,,,,,,,,,
1189,,,,,,,,,,,,,1,,,,,,,,,,,,,,,,,,,,,,
1190,,,,,,,,,,,,,1,,,,,,,,,,,,,,,,,,,,,,
1191,,,,,,,,,,,,,1,,,,,,,,,,,,,,,,,,,,,,
1192,,,,,,,,,,,,,1,,,,,,,,,,,,,,,,,,,,,,
1193,,,,,,,,,,,,,1,,,,,,,,,,,,,,,,,,,,,,
1194,,,,,,,,,,,,,1,,,,,,,,,,,,,,,,,,,,,,
1195,,,,,,,,,,,,,1,,,,,,,,,,,,,,,,,,,,,,
1196,,,,,,,,,,,,,1,,,,,,,,,,,,,,,,,,,,,,
1197,,,,,,,,,,,,,1,,,,,,,,,,,,,,,,,,,,,,
1198,,,,,,,,,,,,,1,,,,,,,,,,,,,,,,,,,,,,
1199,,,,,,,,,,,,,1,,,,,,,,,,,,,,,,,,,,,,
1200,,,,,,,,,,,,,1,,,,,,,,,,,,,,,,,,,,,,
1201,,,,,,,,,,,,,1,,,,,,,,,,,,,,,,,,,,,,
1202,,,,,,,,,,,,,1,,,,,,,,,,,,,,,,,,,,,,
1203,,,,,,,,,,,,,1,,,,,,,,,,,,,,,,,,,,,,
1204,,,,,,,,,,,,,1,,,,,,,,,,,,,,,,,,,,,,
1205,,,,,,,,,,,,,1,,,,,,,,,,,,,,,,,,,,,,
1206,,,,,,,,,,,,,1,,,,,,,,,,,,,,,,,,,,,,
1207,,,,,,,,,,,,,1,,,,,,,,,,,,,,,,,,,,,,
1208,,,,,,,,,,,,,1,,,,,,,,,,,,,,,,,,,,,,
1209,,,,,,,,,,,,,1,,,,,,,,,,,,,,,,,,,,,,
1210,,,,,,,,,,,,,1,,,,,,,,,,,,,,,,,,,,,,
1211,,,,,,,,,,,,,1,,,,,,,,,,,,,,,,,,,,,,
1212,,,,,,,,,,,,,1,,,,,,,,,,,,,,,,,,,,,,
1213,,,,,,,,,,,,,1,,,,,,,,,,,,,,,,,,,,,,
1214,,,,,,,,,,,,,1,,,,,,,,,,,,,,,,,,,,,,
1215,,,,,,,,,,,,,1,,,,,,,,,,,,,,,,,,,,,,
1216,,,,,,,,,,,,,1,,,,,,,,,,,,,,,,,,,,,,
1217,,,,,,,,,,,,,1,,,,,,,,,,,,,,,,,,,,,,
1218,,,,,,,,,,,,,1,,,,,,,,,,,,,,,,,,,,,,
1219,,,,,,,,,,,,,1,,,,,,,,,,,,,,,,,,,,,,
1220,,,,,,,,,,,,,1,,,,,,,,,,,,,,,,,,,,,,
1221,,,,,,,,,,,,,1,,,,,,,,,,,,,,,,,,,,,,
1222,,,,,,,,,,,,,1,,,,,,,,,,,,,,,,,,,,,,
1223,,,,,,,,,,,,,1,,,,,,,,,,,,,,,,,,,,,,
1224,,,,,,,,,,,,,1,,,,,,,,,,,,,,,,,,,,,,
1225,,,,,,,,,,,,,1,,,,,,,,,,,,,,,,,,,,,,
1226,,,,,,,,,,,,,1,,,,,,,,,,,,,,,,,,,,,,
1227,,,,,,,,,,,,,1,,,,,,,,,,,,,,,,,,,,,,
1228,,,,,,,,,,,,,1,,,,,,,,,,,,,,,,,,,,,,
1229,,,,,,,,,,,,,1,,,,,,,,,,,,,,,,,,,,,,
1230,,,,,,,,,,,,,1,,,,,,,,,,,,,,,,,,,,,,
1231,,,,,,,,,,,,,1,,,,,,,,,,,,,,,,,,,,,,
1232,,,,,,,,,,,,,1,,,,,,,,,,,,,,,,,,,,,,
1233,,,,,,,,,,,,,1,,,,,,,,,,,,,,,,,,,,,,
1234,,,,,,,,,,,,,1,,,,,,,,,,,,,,,,,,,,,,
1235,,,,,,,,,,,,,1,,,,,,,,,,,,,,,,,,,,,,
1236,,,,,,,,,,,,,1,,,,,,,,,,,,,,,,,,,,,,
1237,,,,,,,,,,,,,1,,,,,,,,,,,,,,,,,,,,,,
1238,,,,,,,,,,,,,1,,,,,,,,,,,,,,,,,,,,,,
1239,,,,,,,,,,,,,1,,,,,,,,,,,,,,,,,,,,,,
1240,,,,,,,,,,,,,1,,,,,,,,,,,,,,,,,,,,,,
1241,,,,,,,,,,,,,1,,,,,,,,,,,,,,,,,,,,,,
1242,,,,,,,,,,,,,1,,,,,,,,,,,,,,,,,,,,,,
1243,,,,,,,,,,,,,1,,,,,,,,,,,,,,,,,,,,,,
1244,,,,,,,,,,,,,1,,,,,,,,,,,,,,,,,,,,,,
1245,,,,,,,,,,,,,1,,,,,,,,,,,,,,,,,,,,,,
1246,,,,,,,,,,,,,1,,,,,,,,,,,,,,,,,,,,,,
1247,,,,,,,,,,,,,1,,,,,,,,,,,,,,,,,,,,,,
1248,,,,,,,,,,,,,1,,,,,,,,,,,,,,,,,,,,,,
1249,,,,,,,,,,,,,1,,,,,,,,,,,,,,,,,,,,,,
1250,,,,,,,,,,,,,1,,,,,,,,,,,,,,,,,,,,,,
1251,,,,,,,,,,,,,1,,,,,,,,,,,,,,,,,,,,,,
1252,,,,,,,,,,,,,1,,,,,,,,,,,,,,,,,,,,,,
1253,,,,,,,,,,,,,1,,,,,,,,,,,,,,,,,,,,,,
1254,,,,,,,,,,,,,1,,,,,,,,,,,,,,,,,,,,,,
1255,,,,,,,,,,,,,1,,,,,,,,,,,,,,,,,,,,,,
1256,,,,,,,,,,,,,1,,,,,,,,,,,,,,,,,,,,,,
1257,,,,,,,,,,,,,1,,,,,,,,,,,,,,,,,,,,,,
1258,,,,,,,,,,,,,1,,,,,,,,,,,,,,,,,,,,,,
1259,,,,,,,,,,,,,1,,,,,,,,,,,,,,,,,,,,,,
1260,,,,,,,,,,,,,1,,,,,,,,,,,,,,,,,,,,,,
1261,,,,,,,,,,,,,1,,,,,,,,,,,,,,,,,,,,,,
1262,,,,,,,,,,,,,1,,,,,,,,,,,,,,,,,,,,,,
1263,,,,,,,,,,,,,1,,,,,,,,,,,,,,,,,,,,,,
1264,,,,,,,,,,,,,1,,,,,,,,,,,,,,,,,,,,,,
1265,,,,,,,,,,,,,1,,,,,,,,,,,,,,,,,,,,,,
1266,,,,,,,,,,,,,1,,,,,,,,,,,,,,,,,,,,,,
1267,,,,,,,,,,,,,1,,,,,,,,,,,,,,,,,,,,,,
1268,,,,,,,,,,,,,1,,,,,,,,,,,,,,,,,,,,,,
1269,,,,,,,,,,,,,1,,,,,,,,,,,,,,,,,,,,,,
1270,,,,,,,,,,,,,1,,,,,,,,,,,,,,,,,,,,,,
1271,,,,,,,,,,,,,1,,,,,,,,,,,,,,,,,,,,,,
1272,,,,,,,,,,,,,1,,,,,,,,,,,,,,,,,,,,,,
1273,,,,,,,,,,,,,1,,,,,,,,,,,,,,,,,,,,,,
1274,,,,,,,,,,,,,1,,,,,,,,,,,,,,,,,,,,,,
1275,,,,,,,,,,,,,1,,,,,,,,,,,,,,,,,,,,,,
1276,,,,,,,,,,,,,1,,,,,,,,,,,,,,,,,,,,,,
1277,,,,,,,,,,,,,1,,,,,,,,,,,,,,,,,,,,,,
1278,,,,,,,,,,,,,1,,,,,,,,,,,,,,,,,,,,,,
1279,,,,,,,,,,,,,1,,,,,,,,,,,,,,,,,,,,,,
1280,,,,,,,,,,,,,1,,,,,,,,,,,,,,,,,,,,,,
1281,,,,,,,,,,,,,1,,,,,,,,,,,,,,,,,,,,,,
1282,,,,,,,,,,,,,1,,,,,,,,,,,,,,,,,,,,,,
1283,,,,,,,,,,,,,1,,,,,,,,,,,,,,,,,,,,,,
1284,,,,,,,,,,,,,1,,,,,,,,,,,,,,,,,,,,,,
1285,,,,,,,,,,,,,1,,,,,,,,,,,,,,,,,,,,,,
1286,,,,,,,,,,,,,1,,,,,,,,,,,,,,,,,,,,,,
1287,,,,,,,,,,,,,1,,,,,,,,,,,,,,,,,,,,,,
1288,,,,,,,,,,,,,1,,,,,,,,,,,,,,,,,,,,,,
1289,,,,,,,,,,,,,1,,,,,,,,,,,,,,,,,,,,,,
1290,,,,,,,,,,,,,1,,,,,,,,,,,,,,,,,,,,,,
1291,,,,,,,,,,,,,1,,,,,,,,,,,,,,,,,,,,,,
1292,,,,,,,,,,,,,1,,,,,,,,,,,,,,,,,,,,,,
1293,,,,,,,,,,,,,1,,,,,,,,,,,,,,,,,,,,,,
1294,,,,,,,,,,,,,1,,,,,,,,,,,,,,,,,,,,,,
1295,,,,,,,,,,,,,1,,,,,,,,,,,,,,,,,,,,,,
1296,,,,,,,,,,,,,1,,,,,,,,,,,,,,,,,,,,,,
1297,,,,,,,,,,,,,1,,,,,,,,,,,,,,,,,,,,,,
1298,,,,,,,,,,,,,1,,,,,,,,,,,,,,,,,,,,,,
1299,,,,,,,,,,,,,1,,,,,,,,,,,,,,,,,,,,,,
1300,,,,,,,,,,,,,1,,,,,,,,,,,,,,,,,,,,,,
1301,,,,,,,,,,,,,1,,,,,,,,,,,,,,,,,,,,,,
1302,,,,,,,,,,,,,1,,,,,,,,,,,,,,,,,,,,,,
1303,,,,,,,,,,,,,1,,,,,,,,,,,,,,,,,,,,,,
1304,,,,,,,,,,,,,1,,,,,,,,,,,,,,,,,,,,,,
1305,,,,,,,,,,,,,1,,,,,,,,,,,,,,,,,,,,,,
1306,,,,,,,,,,,,,1,,,,,,,,,,,,,,,,,,,,,,
1307,,,,,,,,,,,,,1,,,,,,,,,,,,,,,,,,,,,,
1308,,,,,,,,,,,,,1,,,,,,,,,,,,,,,,,,,,,,
1309,,,,,,,,,,,,,1,,,,,,,,,,,,,,,,,,,,,,
1310,,,,,,,,,,,,,1,,,,,,,,,,,,,,,,,,,,,,
1311,,,,,,,,,,,,,1,,,,,,,,,,,,,,,,,,,,,,
1312,,,,,,,,,,,,,1,,,,,,,,,,,,,,,,,,,,,,
1313,,,,,,,,,,,,,1,,,,,,,,,,,,,,,,,,,,,,
1314,,,,,,,,,,,,,1,,,,,,,,,,,,,,,,,,,,,,
1315,,,,,,,,,,,,,1,,,,,,,,,,,,,,,,,,,,,,
1316,,,,,,,,,,,,,1,,,,,,,,,,,,,,,,,,,,,,
1317,,,,,,,,,,,,,1,,,,,,,,,,,,,,,,,,,,,,
1318,,,,,,,,,,,,,1,,,,,,,,,,,,,,,,,,,,,,
1319,,,,,,,,,,,,,1,,,,,,,,,,,,,,,,,,,,,,
1320,,,,,,,,,,,,,1,,,,,,,,,,,,,,,,,,,,,,
1321,,,,,,,,,,,,,1,,,,,,,,,,,,,,,,,,,,,,
1322,,,,,,,,,,,,,1,,,,,,,,,,,,,,,,,,,,,,
1323,,,,,,,,,,,,,1,,,,,,,,,,,,,,,,,,,,,,
1324,,,,,,,,,,,,,1,,,,,,,,,,,,,,,,,,,,,,
1325,,,,,,,,,,,,,1,,,,,,,,,,,,,,,,,,,,,,
1326,,,,,,,,,,,,,1,,,,,,,,,,,,,,,,,,,,,,
1327,,,,,,,,,,,,,1,,,,,,,,,,,,,,,,,,,,,,
1328,,,,,,,,,,,,,1,,,,,,,,,,,,,,,,,,,,,,
1329,,,,,,,,,,,,,1,,,,,,,,,,,,,,,,,,,,,,
1330,,2,,,,,,,,,,,1,,,,,,,,,,,,,,,,,,,,,,
1331,,1,,,,,,,,,,,1,,,,,,,,,,,,,,,,,,,,,,
1332,,1,,,,,,,,,,,1,,,,,,,,,,,,,,,,,,,,,,
1333,,1,,,,,,,,,,,1,,,,,,,,,,,,,,,,,,,,,,
1334,,1,,,,,,,,,,,1,,,,,,,,,,,,,,,,,,,,,,
1335,,1,,,,,,,,,,,1,,,,,,,,,,,,,,,,,,,,,,
1336,,1,,,,,,,,,,,1,,,,,,,,,,,,,,,,,,,,,,
1337,,1,,,,,,,,,,,1,,,,,,,,,,,,,,,,,,,,,,
1338,,1,,,,,,,,,,,1,,,,,,,,,,,,,,,,,,,,,,
1339,,1,,,,,,,,,,,1,,,,,,,,,,,,,,,,,,,,,,
1340,,1,,,,,,,,,,,1,,,,,,,,,,,,,,,,,,,,,,
1341,,1,,,,,,,,,,,1,,,,,,,,,,,,,,,,,,,,,,
1342,,1,,,,,,,,,,,1,,,,,,,,,,,,,,,,,,,,,,
1343,,1,,,,,,,,,,,1,,,,,,,,,,,,,,,,,,,,,,
1344,,1,,,,,,,,,,,1,,,,,,,,,,,,,,,,,,,,,,
1345,,1,,,,,,,,,,,1,,,,,,,,,,,,,,,,,,,,,,
1346,,1,,,,,,,,,,,1,,,,,,,,,,,,,,,,,,,,,,
1347,,1,,,,,,,,,,,1,,,,,,,,,,,,,,,,,,,,,,
1348,,1,,,,,,,,,,,1,,,,,,,,,,,,,,,,,,,,,,
1349,,1,,,,,,,,,,,1,,,,,,,,,,,,,,,,,,,,,,
1350,,1,,,,,,,,,,,1,,,,,,,,,,,,,,,,,,,,,,
1351,,1,,,,,,,,,,,1,,,,,,,,,,,,,,,,,,,,,,
1352,,1,,,,,,,,,,,1,,,,,,,,,,,,,,,,,,,,,,
1353,,1,,,,,,,,,,,1,,,,,,,,,,,,,,,,,,,,,,
1354,,1,,,,,,,,,,,1,,,,,,,,,,,,,,,,,,,,,,
1355,,1,,,,,,,,,,,1,,,,,,,,,,,,,,,,,,,,,,
1356,,1,,,,,,,,,,,1,,,,,,,,,,,,,,,,,,,,,,
1357,,1,,,,,,,,,,,1,,,,,,,,,,,,,,,,,,,,,,
1358,,1,,,,,,,,,,,1,,,,,,,,,,,,,,,,,,,,,,
1359,,1,,,,,,,,,,,1,,,,,,,,,,,,,,,,,,,,,,
1360,,1,,,,,,,,,,,1,,,,,,,,,,,,,,,,,,,,,,
1361,,1,,,,,,,,,,,1,,,,,,,,,,,,,,,,2,,,,,,
1362,,1,,,,,,,,,,,1,,,,,,,,,,,,,,,,1,,,,,,
1363,,1,,,,,,,,,,,1,,,,,,,,,,,,,,,,1,,,,,,
1364,,1,,,,,,,,,,,1,,,,,,,,,,,,,,,,1,,,,,,
1365,,1,,,,,,,,,,,1,,,,,,,,,,,,,,,,1,,,,,,
1366,,1,,,,,,,,,,,1,,,,,,,,,,,,,,,,1,,,,,,
1367,,1,,,,,,,,,,,1,,,,,,,,,,,,,,,,1,,,,,,
1368,,1,,,,,,,,,,,1,,,,,,,,,,,,,,,,1,,,,,,
1369,,1,,,,,,,,,,,1,,,,,,,,,,,,,,,,1,,,,,,
1370,,1,,,,,,,,,2,,1,,,,,,,,,,,,,,,,1,,,,,,
1371,,1,,,,,,,,,1,,1,,,,,,,,,,,,,,,,1,,,,,,
1372,,1,,,,,,,,,1,,1,,,,,,,,,,,,,,,,1,,,,,,
1373,,1,,,,,,,,,1,,1,,,,,,,,,,,,,,,,1,,,,,,
1374,2,1,,,,,,,,,1,,1,,,,,,,,,,,,,,,,1,,,,,,
1375,1,1,,,,,,,,,1,,1,,,,,,,,,,,,,2,,,1,,,,,,
1376,1,1,,,,,,,,,1,,1,,,,,,2,,,,,,,1,,,1,,,,,,
1377,1,1,,,,,,,,,1,,1,,,,,,1,,,,,,,1,,,1,,,,,,
1378,1,1,,,,,,,,,1,,1,,,,,,1,,,,,,,1,,,1,,,,,,
1379,1,1,,2,,,,,,,1,,1,,,,,,1,,,,,,,1,,,1,,2,,,,
1380,1,1,,1,,,,,,,1,,1,,,,,,1,,,,,,,1,,,1,,1,,,,
1381,1,1,,1,,,,,,,1,,1,,,,,,1,,,,,,,1,,,1,,1,,,,
1382,2,1,,1,,,,,,,1,,1,,,,,,1,,,,,,,1,,,1,,1,,,,
1383,1,1,,1,,,,,,,1,,1,,,,,,1,,,,,,,1,,,1,,1,,,,
1384,1,1,,1,,,,,,,1,,1,,,,,,1,,,,,,,1,,,1,,1,,,,
1385,1,1,,1,,,,,,,1,,1,,,,,,1,,,,,,,1,,,1,,1,,,,
1386,1,1,,1,,,,,,,1,,1,,,,,,1,,,,,,,2,,,1,,1,,,,
1387,1,1,,1,,,,,,,1,,1,,,,,,1,,,,,,,1,,,1,,1,,,,
1388,1,1,,1,,,,,,,1,,1,,,,,,1,,,,,,,1,,,1,,1,,,,
1389,1,1,,1,,,,,,,1,,1,,,,,,1,,,,,,,1,,,1,,1,,,,
1390,2,1,,1,,,,,,,1,,1,,,,,,1,,,,,,,2,,,1,,1,,,,
1391,1,1,,1,,,,,,,1,,1,,,,,,2,,,,,,,1,,,2,,1,,,,
1392,1,1,,1,,,,,,,1,,1,,,,,,1,,,,,,,1,,,1,,1,,,,
1393,1,1,,1,,,,,,,1,,1,,,,,,1,,,,,,,1,,,1,,1,,,,
1394,1,1,,1,,,,,,,1,,1,,,,,,1,,,,,,,1,,,1,,1,,,,
1395,1,2,,2,,,,,,,1,,1,,,,,,1,,,,,,,1,,,1,,1,,,,
1396,1,1,,1,,,,,,,1,,1,,,,,,1,,,,,,,1,,,1,,1,,,,
1397,1,1,,1,,,,,,,1,,1,,,,,,1,,,,,,,1,,,1,,1,,,,
1398,1,1,,1,,,,,,,1,,1,,,,,,1,,,,,,,1,,,1,,1,,,,
1399,1,1,,1,,,,,,,1,,1,,,,,,1,,,,,,,1,,,1,,1,,,,
1400,1,1,2,1,,,,,,,1,,1,,,2,,,1,,,,,,,1,,,1,,1,,,,
1401,1,1,1,1,,,,,,,1,,1,,,1,2,,2,,,,,,,1,,,1,,1,,,,
1402,1,1,1,1,,,,,,,1,,1,,,1,1,,1,,,,,,,1,,,1,,1,,,,
1403,1,1,1,1,,,,,,,1,,1,,,1,1,,1,,,,,,,2,,,1,,1,,,,
1404,1,1,1,1,,,,,,,1,,1,,,1,1,,1,,,,2,,,1,,,1,,1,,,,
1405,1,1,1,1,,,,,,,1,,2,,,1,1,,1,,,,1,,,1,,,2,,1,,,,
1406,1,1,1,1,,,,,,,1,,1,,,1,1,,2,,,,1,,,1,,,1,,1,,,,
1407,1,1,1,1,,,,,,,1,,1,,,1,1,,1,,,,1,,,1,,,1,,1,,,,
1408,1,1,1,1,,,,,,,1,,1,,,1,1,,1,,,,1,,,1,,,1,,1,,,,
1409,1,1,1,1,,,,,,,1,,1,,,1,1,,1,,,,1,,,1,,,1,,1,,,,
1410,1,2,1,1,,,,,,,1,,2,,,1,1,,1,,,,1,,,1,,,1,,1,,,,
1411,1,1,1,1,,,,,,,1,,1,,,1,1,,1,,,,2,,,1,,,1,,1,,,,
1412,1,1,1,1,,,,,,,1,,1,,,1,1,,1,,,,1,,,1,,,1,,1,,,,
1413,1,1,1,1,,,,,,,1,,1,,,1,1,,1,,,,1,,,1,,,1,,1,,,,
1414,1,1,1,1,,,,,,,1,,1,,,1,1,,1,,,,1,,,1,,,1,,1,,,,
1415,1,1,1,1,,,,,,,1,,1,,,1,1,,1,,,,1,,,1,,,1,,1,,,,
1416,1,1,1,1,,,,,,,1,,1,,,1,1,,1,,,,1,,,1,,,1,,1,,,,
1417,1,1,1,1,,,,,,,1,,1,,,1,1,,1,,,,1,,,1,,,1,,1,,,,
1418,1,1,1,1,,,,,,,1,,1,,,1,1,,1,,,,1,,,1,,,1,,1,,,,
1419,1,1,1,1,,,,,,,1,,1,,,1,1,,1,,,,1,,,1,,,1,,1,,,,
1420,1,1,1,1,,,,,,,1,,1,,,1,1,,1,,,,1,,,1,,,1,,1,,,,
1421,1,1,1,1,,,,,,,1,,1,,2,1,2,,1,,,,1,,,1,,,1,,1,,,,
1422,1,1,1,1,,,,,,,1,,1,,1,1,1,,1,,,,1,,,1,,,1,,1,,,,
1423,1,1,1,1,2,,,,,,1,,1,,1,1,1,,1,,,,1,,,1,,,1,,1,,,,
1424,1,1,1,1,1,,,,,,1,,1,,1,1,1,,1,,,,1,,,1,,,1,,1,,,,
1425,1,1,1,1,1,,,,,,1,,1,,1,2,1,,1,,,,1,2,,1,,,1,,1,,,,
1426,1,1,1,1,1,,,,,,1,,1,,1,1,1,,1,,,,1,1,,2,,,1,2,1,,,,
1427,1,1,1,1,1,,,,,,1,,1,,1,1,1,,1,2,,,1,1,,1,,,1,1,1,,,,
1428,1,1,1,1,1,,,,,,1,,2,,1,1,1,,1,1,,,1,1,,1,,,1,1,1,,,,
1429,1,1,1,1,1,,,,,,1,,1,,1,2,1,,1,1,,,1,1,,1,,,1,1,1,,,,
1430,1,1,1,1,1,,,,,,1,,1,,1,1,1,,1,1,,,1,1,,1,,,1,1,1,,,,
1431,1,1,1,1,1,,,,,,1,,1,,1,1,1,,1,1,,,1,1,,1,,,1,1,1,,,,
1432,1,1,1,1,1,,,,,,1,,1,,1,1,1,,1,1,,,1,1,,1,,,1,1,1,,,,
1433,1,1,1,1,1,,,,,,1,,1,,1,1,1,,1,1,,,1,1,,1,,,1,1,1,,,,
1434,1,1,1,1,1,,,,,,1,,1,,1,1,1,,1,1,,,1,1,,1,,,1,1,1,,,,
1435,1,1,1,1,1,,,,,,1,,1,,1,1,1,,1,1,,,1,1,,1,,,1,1,1,,,,
1436,1,1,1,1,1,,,,,,1,,1,,1,1,1,,1,1,2,,1,1,,1,,,2,1,1,,,,
1437,1,1,1,1,1,,,,,,1,,1,,1,1,1,,1,1,1,,1,1,,1,,,1,1,1,,,,
1438,1,1,1,1,1,,,,,,1,,1,,1,1,1,,1,1,1,,1,1,,1,,,1,1,1,,,,
1439,1,1,1,1,1,,,,,,1,,1,,1,1,1,,1,1,1,,1,1,,1,,,1,1,1,,,,
1440,1,1,1,1,1,,,,,,1,,1,,1,1,1,,1,1,1,,1,1,,1,,,1,1,1,,,,
1441,1,1,1,1,1,,,,,,1,,1,,1,1,1,,1,1,1,,1,1,,1,,,1,1,1,,,,
1442,1,1,1,1,1,,,,,,1,,1,,1,1,1,,1,1,1,,1,1,,1,,,1,1,1,,,,
1443,1,1,1,1,1,,,,,,1,,1,,1,1,1,,1,1,1,,1,1,,1,,,1,1,1,,,,
1444,1,1,1,1,1,,,,,,1,,2,,1,1,1,,1,1,1,,1,1,,1,,,1,1,1,,,,
1445,1,1,1,1,1,,,,,,1,,1,,1,1,1,,1,1,1,,1,1,,1,,,1,1,1,,,,
1446,1,1,1,1,1,,,,,,1,,1,,1,1,1,,1,1,1,,1,1,,1,,,1,1,1,,,,
1447,1,1,1,1,1,,,,,,1,,1,,1,1,1,,1,1,1,,1,1,,1,,,1,1,1,,,,
1448,1,1,1,1,1,,,,,,1,,1,,1,1,1,,1,1,1,,1,1,,1,,,1,1,1,,,,
1449,1,1,1,1,1,,,,,,1,,1,,1,1,1,,1,1,1,,1,1,,1,,,1,1,1,,,,
1450,1,1,1,1,1,,,,,,1,,1,,1,1,1,,1,1,1,,1,1,,1,,,1,1,1,,,,
1451,1,1,1,2,1,,,,,,1,,1,,1,1,1,,1,1,1,,1,1,,1,,,1,1,1,,,,
1452,1,1,1,1,1,,,2,,,1,,1,,1,1,1,,1,1,1,,1,1,,1,,,1,1,1,,,,
1453,1,1,1,1,1,,,1,,,1,,1,,1,1,1,,1,1,1,,1,1,,1,,,1,1,1,,,,
1454,1,1,1,1,1,,,1,,,1,,1,,1,1,1,,1,1,1,,1,1,,1,,,1,1,1,,,,
1455,2,1,1,1,1,,,1,,,1,,1,,1,1,1,,1,1,1,,1,1,,1,,,1,1,1,,,,
1456,1,1,1,1,1,,,1,,,1,,1,,1,1,1,,1,1,1,,1,1,,1,,,1,1,1,,,,
1457,1,1,1,1,1,,,1,,,1,,1,,1,1,1,,1,1,1,,1,1,,1,,,1,1,1,,,,
1458,1,1,1,1,1,,,1,,,1,,1,,1,1,1,,1,1,1,,1,1,,1,,,2,1,1,,,,
1459,1,1,1,1,1,,,1,,2,1,,1,,1,1,1,,1,1,1,,1,1,,1,,,1,1,1,,,,
1460,1,1,1,1,2,,,1,,1,1,,1,,2,1,2,,1,1,1,,1,1,,1,,,1,1,1,,,,
1461,1,1,1,1,1,,,1,,1,1,,1,,1,1,1,,1,1,1,,1,1,,1,,,1,1,1,,,,
1462,1,1,1,1,1,,,1,,1,1,,1,,1,1,1,,1,1,1,,1,1,,1,,,1,1,1,,,,
1463,1,1,1,1,1,,,1,,1,1,,1,,1,1,1,,1,1,1,,1,1,,1,,,1,1,1,,,,
1464,1,1,1,1,1,,,1,,1,1,,1,,1,1,1,2,1,1,1,,1,1,,1,,,1,1,1,,,,
1465,1,1,1,1,1,,,1,,1,1,,1,,1,1,1,1,1,1,1,,1,1,,1,,,1,1,1,,,,
1466,1,1,1,1,1,2,,1,,1,2,,2,,1,1,1,1,1,1,1,,1,1,,1,2,,1,1,1,,,,
1467,1,1,1,1,1,1,,1,,1,1,,1,,1,1,1,1,1,1,1,,1,1,,1,1,,1,1,1,,,,
1468,1,1,1,1,1,1,,1,,1,1,,1,,1,1,1,1,1,1,1,,1,1,,1,1,,1,1,1,,,,
1469,1,1,1,1,1,1,,1,,1,1,,1,,1,1,1,1,1,1,1,,1,1,,1,1,,1,1,1,,,,
1470,1,1,1,1,1,1,,1,,1,1,,1,,1,1,2,1,1,1,1,,1,1,,1,1,,1,1,1,,,,
1471,1,1,1,1,1,1,,1,,1,1,,1,,1,1,1,1,1,1,1,,1,1,,1,1,,1,1,1,,,,
1472,1,1,1,1,1,1,,1,,1,1,,1,,1,1,1,1,1,1,1,,1,1,,1,1,2,1,1,1,,,,
1473,1,1,1,1,2,1,,1,,1,1,,1,,1,1,1,1,1,1,1,,1,1,,1,1,1,2,1,1,,,,
1474,1,1,1,1,1,1,,1,,1,1,,2,,1,1,1,1,1,1,1,,1,1,,1,1,1,1,1,1,,,,
1475,1,2,1,1,1,1,,1,2,1,1,,1,,1,1,1,1,1,1,1,,1,1,,1,1,1,1,1,1,,,,
1476,1,1,1,1,1,1,,1,1,1,1,,1,,1,1,1,1,1,1,1,,1,1,,1,1,1,1,1,1,,,,
1477,1,1,1,1,1,1,,2,1,1,1,,1,,1,1,1,1,1,1,1,,1,1,,1,1,1,1,1,1,,,,
1478,1,1,1,1,1,1,,1,1,1,1,2,1,,1,1,1,1,1,1,1,2,1,1,,1,1,1,1,1,1,,,,
1479,1,1,1,1,1,1,,1,1,1,1,1,1,,1,1,1,1,1,1,1,1,1,1,,1,1,1,1,1,1,,,,
1480,1,1,1,1,1,1,,1,1,1,1,1,1,,1,1,1,1,1,1,1,1,1,1,,1,1,1,2,1,1,,2,,
1481,1,1,1,1,1,1,,1,1,1,1,1,1,,2,1,1,1,1,1,1,1,1,2,,1,1,1,1,1,1,,1,,
1482,1,1,1,1,1,1,,1,1,1,1,1,1,,1,1,1,1,2,1,1,1,1,1,,1,1,1,1,1,1,,1,,
1483,1,1,1,1,1,1,,1,1,1,1,1,1,,1,1,1,1,1,1,1,2,1,1,,1,1,1,1,1,1,,1,,
1484,1,1,1,1,1,1,,1,1,1,1,1,1,,1,1,1,1,1,1,1,1,1,1,,1,1,1,1,1,1,,1,,
1485,1,1,1,1,1,1,,1,1,1,1,1,1,,2,1,2,1,1,1,1,1,1,1,,1,1,1,1,1,1,,1,,
1486,1,1,1,1,1,1,,1,1,1,1,1,1,,1,1,1,1,1,1,1,1,1,1,,1,1,1,1,1,1,,1,,
1487,1,1,1,1,1,1,,1,1,1,1,1,1,,1,1,1,1,1,1,1,1,1,1,,1,1,1,1,1,1,,1,,
1488,1,1,1,1,1,1,,1,1,1,1,1,1,,1,1,1,2,1,1,1,1,1,1,,1,1,1,1,1,1,,1,,
1489,1,1,1,1,1,1,,1,1,1,1,1,1,,1,1,1,1,1,1,1,1,1,1,,1,1,1,1,1,1,,1,,
1490,1,1,1,1,2,1,,2,1,1,1,1,1,,1,1,2,1,1,1,1,1,1,1,,1,1,1,1,1,1,,1,2,
1491,1,1,1,1,2,1,,1,1,1,1,1,1,2,1,1,1,1,1,1,1,1,1,1,,1,1,1,1,1,1,,1,1,
1492,1,1,1,1,1,2,,1,1,1,1,1,2,1,1,1,1,1,1,1,1,1,1,1,,1,1,1,1,1,1,,1,1,2
1493,1,1,1,1,1,1,,1,1,1,1,1,1,1,1,1,1,1,1,2,1,1,1,1,,1,1,1,1,1,1,2,1,1,2
1494,1,1,1,1,1,1,,1,1,1,1,1,1,1,1,1,1,1,1,1,1,1,1,1,,1,1,1,2,1,1,1,1,1,1
1495,1,1,1,1,1,1,,1,1,1,1,1,1,1,1,1,1,1,1,1,1,1,1,1,,1,1,1,1,1,1,1,1,1,1
1496,1,1,1,1,1,1,,1,1,1,1,1,1,1,1,1,1,1,1,1,1,1,1,1,,1,1,1,1,1,1,2,1,1,1
1497,1,1,1,1,1,1,,1,1,2,1,1,2,1,2,1,1,1,1,1,1,1,1,1,,1,1,1,1,1,1,1,1,1,1
1498,1,1,1,1,1,1,2,1,1,1,1,1,1,1,1,1,1,1,1,1,1,1,1,1,,1,1,1,1,1,1,1,1,1,1
1499,1,1,1,1,1,1,1,1,1,1,1,1,1,1,1,1,1,1,1,1,1,1,1,1,,1,1,1,1,1,1,1,1,1,1
1500,1,1,1,1,1,1,1,1,1,1,1,1,1,1,1,1,1,1,1,1,1,1,1,1,2,1,1,1,1,1,1,1,1,1,1
1501,1,1,1,1,1,1,1,1,1,1,1,1,1,1,1,1,1,1,1,1,1,1,1,1,1,1,1,1,1,1,1,1,1,1,1
1502,1,1,1,1,1,1,1,1,1,1,1,1,1,1,1,1,1,1,1,1,1,1,1,1,1,1,1,1,1,1,1,1,1,1,1
1503,1,1,1,1,1,1,1,1,1,1,1,1,1,1,1,1,1,1,1,1,1,1,1,1,1,1,1,1,2,1,1,1,1,1,1
1504,1,1,1,1,1,1,1,1,1,1,1,1,1,1,1,1,1,1,1,1,1,1,1,1,1,1,1,1,1,1,1,1,1,1,1
1505,1,1,1,1,1,1,1,2,1,1,1,1,1,1,1,1,1,1,1,1,1,1,1,1,1,1,1,1,1,1,1,2,1,1,1
1506,1,1,1,1,1,1,1,1,1,1,1,1,1,1,1,1,1,1,1,1,1,1,1,1,2,1,1,1,1,1,1,2,1,1,1
1507,1,1,1,1,1,1,1,1,2,1,1,1,1,1,1,1,1,1,1,1,1,1,1,1,1,1,1,1,1,1,1,1,1,1,1
1508,1,1,1,1,1,1,1,1,1,1,1,1,1,1,1,1,1,1,1,1,1,1,1,1,1,1,1,1,1,1,1,1,1,1,1
1509,1,1,1,1,1,1,1,1,1,1,1,1,1,1,1,1,1,1,1,1,1,1,1,1,1,1,1,1,1,1,1,1,1,1,1
1510,1,1,1,1,1,1,1,1,1,1,1,1,2,1,1,1,1,1,1,1,1,1,1,1,1,1,2,1,1,1,1,1,1,1,1
1511,1,1,1,1,1,1,1,1,1,1,1,1,1,1,1,1,1,1,1,1,1,1,1,1,2,1,1,1,1,1,1,1,1,1,1
1512,1,1,1,1,1,1,1,1,1,1,1,1,1,1,1,1,1,1,1,1,1,1,1,1,1,1,1,1,1,1,1,1,1,1,1
1513,1,1,1,1,1,1,1,1,1,1,1,1,1,1,1,1,1,1,1,1,1,1,1,1,1,1,1,1,1,1,1,1,1,1,1
1514,1,1,1,1,1,1,1,1,1,1,1,1,1,1,1,1,1,1,1,1,1,1,1,1,1,1,1,1,1,1,1,1,1,1,1
1515,1,1,1,1,1,1,1,1,1,1,1,1,1,1,1,1,1,1,1,1,1,1,1,1,1,1,1,1,1,1,1,1,1,1,1
1516,1,1,1,1,1,1,1,1,1,1,1,1,1,1,1,1,1,1,1,1,1,1,1,1,1,1,1,1,1,1,1,1,1,1,1
1517,1,1,1,1,1,1,2,1,1,1,1,1,1,1,1,1,1,1,1,1,1,1,1,2,1,1,1,1,1,1,1,1,1,1,1
1518,1,1,1,1,1,1,1,1,1,2,1,1,2,2,1,1,1,1,1,1,1,1,1,1,1,1,1,1,1,1,1,1,1,1,1
1519,1,1,1,1,1,1,1,1,1,1,2,1,1,1,1,1,1,1,1,1,1,1,1,1,1,1,1,1,1,1,1,1,1,1,1
1520,1,1,1,1,1,1,1,1,1,1,1,1,1,1,1,1,1,1,1,1,1,1,1,1,1,1,1,1,1,1,1,1,1,1,1
1521,1,1,1,1,1,1,1,2,1,1,1,1,1,1,1,1,1,1,1,1,1,1,1,1,1,1,1,1,1,1,1,1,2,1,1
1522,1,1,1,1,1,1,1,1,1,1,1,1,2,1,1,1,1,1,1,1,1,1,1,1,1,1,1,1,1,1,1,1,1,1,2
1523,1,1,1,1,1,1,1,1,2,1,1,1,1,1,1,1,1,1,1,1,1,1,1,1,1,1,1,1,2,2,1,1,1,1,2
1524,1,1,1,1,1,1,2,1,1,1,1,1,1,1,1,1,1,1,1,1,1,1,1,1,1,1,1,1,1,1,1,1,1,1,2
1525,1,1,1,1,1,1,1,1,1,1,1,1,1,1,1,1,1,1,1,1,1,1,1,1,1,1,1,1,1,1,1,1,1,1,1
1526,1,1,1,1,1,1,1,1,1,1,1,2,1,1,1,1,1,1,1,1,1,1,1,1,1,1,1,1,1,1,1,1,1,1,1
1527,1,1,1,1,1,1,1,1,1,1,1,1,1,1,1,1,1,1,1,1,1,1,1,1,1,1,1,1,1,1,1,1,1,1,1
1528,1,1,1,1,1,1,1,1,1,1,1,1,1,1,1,1,1,1,1,1,1,1,1,1,2,1,1,1,1,1,1,1,1,1,1
1529,1,1,1,1,1,1,2,1,1,1,1,1,2,1,1,1,1,1,1,1,1,1,1,1,1,2,1,1,1,1,1,1,1,1,1
1530,1,1,1,1,1,1,1,1,1,1,1,1,1,1,1,1,2,1,1,1,1,1,1,1,1,1,1,1,1,1,1,1,1,1,1
1531,1,1,1,1,1,1,1,2,1,1,1,1,1,1,1,1,1,1,1,1,1,1,1,1,1,1,1,1,1,1,1,1,1,1,1
1532,1,1,1,1,1,1,1,1,1,1,1,1,1,1,2,1,1,1,1,1,1,1,1,1,1,1,1,1,1,1,1,1,1,1,1
1533,1,1,1,1,1,1,1,1,1,1,1,1,1,1,1,1,2,1,1,1,1,1,2,1,1,1,1,1,1,1,1,1,1,1,1
1534,1,1,1,1,1,1,1,1,1,1,1,1,1,1,1,1,1,1,1,1,1,1,1,1,1,1,1,1,1,1,1,1,1,1,1
1535,1,1,1,1,1,1,1,1,1,1,1,1,1,1,1,1,1,1,1,1,1,1,1,1,1,1,1,1,1,1,1,1,1,1,1
1536,1,1,1,1,1,1,1,1,1,1,1,1,1,1,1,1,1,1,1,1,1,1,2,1,1,1,1,1,1,1,1,1,1,1,1
1537,1,1,1,1,1,1,1,1,1,1,1,1,1,1,1,1,1,1,1,1,1,1,1,1,1,1,1,1,1,1,1,1,1,1,1
1538,1,1,1,1,1,1,1,1,1,1,1,1,1,1,1,1,1,1,1,1,1,1,1,1,1,1,1,1,1,1,1,1,1,1,1
1539,1,1,1,1,1,1,1,1,1,1,1,1,1,1,1,1,1,1,1,1,1,1,1,1,1,1,1,1,1,1,1,1,1,1,1
1540,1,1,1,2,1,1,1,2,1,1,2,1,1,1,1,1,1,1,1,1,1,1,1,1,1,1,1,1,1,1,1,1,1,1,1
1541,1,1,1,1,1,1,1,1,1,1,1,1,1,2,1,1,1,1,1,1,1,1,1,1,1,1,1,1,1,1,1,1,1,2,1
1542,1,1,1,1,1,1,1,1,1,1,1,1,1,1,1,1,1,1,1,1,1,1,1,1,1,1,1,1,1,1,1,2,1,1,1
1543,1,1,1,1,1,1,1,1,1,1,1,1,1,1,1,1,1,1,1,1,1,1,1,1,1,1,1,1,1,1,1,1,1,1,1
1544,1,1,1,1,1,1,1,1,1,1,1,1,1,1,1,1,1,1,1,1,1,1,1,1,1,1,1,1,1,1,1,1,1,1,1
1545,1,1,1,1,1,1,1,1,1,1,1,2,2,2,2,2,1,1,1,1,1,1,1,1,1,1,1,1,1,1,1,1,1,1,1
1546,1,2,1,1,1,1,1,1,1,1,1,1,1,1,1,1,2,1,1,1,1,1,1,2,1,1,1,1,1,1,2,1,1,1,1
1547,1,1,1,1,1,1,1,1,1,1,1,1,1,1,1,1,1,1,1,1,1,1,1,1,1,1,1,1,1,1,1,1,1,1,1
1548,1,1,1,1,1,1,1,1,2,1,1,1,1,1,1,1,1,1,1,1,1,1,1,1,1,1,1,1,1,1,1,1,1,1,1
1549,1,1,1,1,1,1,1,1,1,1,1,1,2,1,1,1,1,1,1,1,1,1,1,1,1,1,1,1,1,1,1,1,1,1,1
1550,1,1,1,1,1,1,1,1,1,1,1,1,1,1,1,1,1,1,1,1,1,1,1,1,1,1,1,1,1,1,1,1,1,1,1
1551,1,1,1,1,1,1,1,1,1,1,1,1,1,1,1,1,1,1,1,1,1,1,1,1,1,1,1,1,1,1,1,1,1,1,1
1552,1,1,1,1,1,1,1,1,1,1,1,1,1,1,1,1,1,1,1,1,1,1,1,1,1,1,1,1,1,1,1,1,1,1,1
1553,1,1,1,1,1,1,1,1,1,1,1,1,1,1,1,1,1,1,1,1,1,1,1,1,1,1,1,1,1,1,1,1,1,1,1
1554,1,1,1,1,1,1,1,1,1,1,1,1,2,1,1,1,1,1,1,1,1,1,2,1,1,1,1,1,1,1,1,1,1,1,1
1555,1,1,1,1,1,1,1,1,1,1,1,1,1,1,1,1,1,1,1,1,1,1,1,1,1,1,1,1,1,1,1,1,1,1,1
1556,1,1,1,1,1,1,1,1,1,1,1,1,1,1,1,1,1,1,1,1,1,1,1,1,1,1,1,1,1,1,1,1,1,1,1
1557,1,1,1,1,1,1,1,1,1,1,1,1,1,1,1,1,1,1,1,1,1,1,1,1,1,1,1,1,1,1,1,1,1,1,1
1558,1,1,1,1,1,1,1,1,1,1,1,1,1,1,1,1,1,1,1,1,1,1,1,1,1,1,1,1,1,1,1,1,1,1,1
1559,1,1,1,1,1,1,1,1,1,1,1,1,1,1,1,1,1,1,1,1,1,1,1,1,1,1,1,1,1,1,1,2,1,1,1
1560,1,1,1,1,1,1,1,1,1,1,1,1,1,1,1,1,1,1,1,1,1,1,1,1,1,1,1,1,1,1,1,1,1,1,1
1561,1,1,1,1,1,1,1,1,1,2,1,1,1,1,1,1,1,1,1,1,1,1,1,1,1,1,1,1,1,1,1,1,1,1,1
1562,1,1,1,1,1,1,1,1,1,1,1,1,2,1,1,1,1,1,1,1,1,1,1,1,1,1,1,1,1,1,1,1,1,1,1
1563,1,1,1,1,1,1,1,1,2,1,1,1,1,1,1,1,1,1,1,1,1,1,1,1,1,1,1,1,1,1,1,1,1,1,1
1564,1,1,1,1,1,1,1,1,1,1,2,1,1,1,1,1,1,1,1,1,1,1,1,1,1,1,1,1,1,1,1,1,1,1,1
1565,1,1,1,1,1,1,1,1,1,1,1,1,1,1,1,1,1,1,1,1,1,1,1,1,1,1,1,1,1,1,1,1,1,1,1
1566,1,1,1,1,1,1,1,1,1,1,1,1,1,2,1,1,1,1,1,1,1,1,1,1,1,1,1,2,1,1,1,1,1,1,1
1567,1,1,1,1,1,1,1,1,1,1,1,1,1,1,1,1,1,1,1,1,1,1,1,1,1,1,1,1,1,1,1,1,1,1,1
1568,1,1,1,1,1,1,1,1,1,1,1,1,1,1,1,1,1,1,1,1,1,1,1,1,1,1,1,1,1,1,1,1,1,1,2
1569,1,1,1,1,1,1,1,1,1,1,1,1,1,1,1,1,1,1,1,1,1,1,1,1,1,1,1,1,1,1,1,1,1,1,1
1570,1,1,1,1,1,1,1,1,1,1,1,1,1,1,1,1,1,1,1,1,1,1,1,1,1,1,1,1,1,1,1,1,1,1,1
1571,1,1,1,1,1,1,1,2,1,1,1,2,1,1,2,1,1,1,1,1,1,1,1,1,1,1,1,1,1,1,1,1,1,1,1
1572,1,1,1,1,1,1,1,1,1,1,1,1,2,1,1,1,1,1,1,1,1,1,1,1,1,1,1,1,1,1,1,1,1,1,1
1573,1,1,1,1,1,1,1,1,1,1,1,1,1,1,1,1,1,1,1,1,1,1,1,2,1,1,1,1,1,1,1,1,1,1,1
1574,1,1,1,1,1,1,1,1,1,1,2,1,1,1,1,1,1,1,1,1,1,1,1,1,1,1,1,1,1,1,1,1,1,1,1
1575,1,1,1,1,1,1,1,1,1,1,1,1,1,1,1,1,1,1,1,1,1,1,1,1,1,1,1,1,1,1,1,2,2,1,1
1576,1,1,1,1,1,1,1,1,1,1,2,2,2,1,1,1,1,1,1,1,1,2,1,1,1,1,1,1,1,1,1,1,1,1,1
1577,1,1,1,2,1,1,1,1,1,1,1,2,1,1,1,1,2,1,2,1,1,1,1,1,1,1,1,1,1,1,1,1,1,1,1
1578,1,1,1,1,1,1,1,2,1,1,1,1,1,1,1,1,1,1,1,1,1,1,1,1,1,1,1,1,1,1,1,1,1,1,1
1579,1,1,1,1,1,1,1,1,2,2,1,1,1,1,1,1,1,1,1,1,1,1,1,1,1,1,1,1,1,1,1,1,1,1,1
1580,1,1,1,1,1,1,1,1,1,1,1,1,2,1,1,1,1,1,1,1,1,1,1,1,1,1,1,1,1,1,1,1,1,1,1
1581,1,2,1,1,1,1,1,1,1,1,1,1,1,1,1,1,1,1,1,1,1,1,1,1,1,1,1,1,1,1,1,1,1,1,1
1582,1,1,1,1,1,1,2,1,1,1,1,1,1,1,1,1,1,1,1,1,1,1,1,1,1,1,1,1,1,1,1,1,1,1,1
1583,1,1,1,1,1,1,1,1,1,1,1,1,1,1,1,1,2,1,1,1,1,1,1,1,1,1,1,1,1,1,1,1,1,1,1
1584,1,1,1,1,1,1,1,1,1,1,1,1,1,1,1,1,1,1,1,1,1,1,1,1,1,1,1,1,1,1,1,1,1,1,1
1585,1,1,1,1,1,1,1,1,1,1,1,1,1,1,1,1,1,1,1,1,1,1,1,1,1,1,1,1,1,1,1,1,1,1,1
1586,1,1,1,1,1,1,2,1,1,1,1,1,1,1,1,1,1,1,1,1,1,1,1,1,1,1,1,1,1,1,1,1,1,1,1
1587,1,1,1,1,1,1,1,1,1,1,1,1,1,1,1,1,1,1,1,1,1,1,1,1,1,1,1,1,1,1,1,1,1,1,1
1588,1,1,1,1,1,1,1,1,1,1,1,1,1,1,1,1,1,1,1,1,1,1,1,1,1,1,1,1,1,1,1,1,1,1,1
1589,1,1,1,1,1,1,1,1,1,1,1,1,1,1,1,1,1,1,1,1,1,1,1,1,1,1,1,1,1,1,1,1,1,1,1
1590,1,1,1,1,1,1,1,1,1,1,1,1,1,1,2,1,1,1,1,1,1,1,1,1,1,1,1,1,1,1,1,1,1,1,1
1591,1,1,1,1,1,1,1,1,1,1,1,1,1,1,1,1,2,1,1,1,1,1,1,1,1,1,1,1,1,1,1,1,1,1,1
1592,1,1,1,1,1,1,1,1,1,1,1,1,1,1,1,1,1,1,1,1,1,1,1,1,1,1,1,1,1,1,1,1,1,1,1
1593,1,1,1,1,1,1,2,1,1,1,1,1,1,1,1,1,1,1,1,1,1,1,2,1,1,1,1,1,1,1,1,1,1,1,1
1594,1,1,1,1,1,1,1,1,1,1,2,1,1,1,1,1,1,1,1,1,1,1,2,1,1,1,1,1,1,1,1,1,1,1,1
1595,1,1,1,1,1,1,1,1,1,1,1,1,1,1,1,1,1,1,1,1,1,1,1,1,1,1,1,1,1,1,1,1,1,1,1
1596,1,1,1,1,1,1,1,1,1,1,1,1,1,1,1,1,1,1,1,1,1,1,1,1,1,1,1,1,1,1,1,1,1,1,1
1597,1,1,1,1,1,1,1,1,1,1,1,2,1,1,1,1,1,1,1,1,1,1,1,1,1,1,1,1,1,1,1,1,1,1,1
1598,1,1,1,1,2,1,1,1,2,1,1,1,1,1,1,1,1,1,1,1,1,1,1,1,1,1,1,1,1,1,1,1,1,1,1
1599,1,1,1,1,1,1,1,1,1,1,1,1,1,1,1,1,1,1,1,1,1,1,1,1,1,1,1,1,1,1,1,1,1,1,1
1600,1,1,1,1,1,1,1,1,1,1,1,1,1,2,1,1,1,1,1,1,1,1,1,2,1,1,1,1,1,1,1,1,1,1,1
1601,1,1,1,1,1,1,1,1,1,1,1,1,1,1,1,1,1,1,1,1,1,1,1,1,1,1,1,1,1,1,1,1,1,1,1
1602,1,1,1,1,1,1,1,1,1,2,1,1,1,1,1,1,1,1,1,1,1,1,1,1,1,1,1,1,1,1,1,1,1,1,1
1603,1,1,1,1,1,1,1,1,1,1,1,1,1,1,1,1,1,1,1,1,1,1,1,1,1,2,1,1,1,1,1,1,1,1,1
1604,1,1,1,1,1,1,1,1,1,1,1,1,1,1,1,1,1,1,1,1,1,1,1,1,1,1,2,1,1,1,1,1,1,1,1
1605,1,1,1,1,1,1,1,1,1,1,1,1,1,1,1,1,1,1,1,1,1,1,1,1,1,1,1,1,1,1,1,1,1,1,1
1606,1,1,1,1,1,1,1,1,1,1,1,1,1,1,1,1,1,1,1,1,1,1,1,1,1,1,1,1,1,1,1,1,1,1,1
1607,1,1,1,2,1,1,1,1,1,1,1,1,1,1,1,1,1,1,1,1,1,1,1,1,1,1,1,1,1,1,1,1,1,1,1
1608,1,1,1,1,1,1,1,1,1,1,1,1,1,1,1,1,2,1,1,1,1,1,1,1,1,1,1,1,1,1,1,1,1,1,1
1609,1,1,1,1,1,1,1,1,1,1,1,1,1,1,1,1,1,1,1,1,1,1,1,1,1,1,1,1,1,1,1,1,1,1,1
1610,1,1,1,1,1,1,1,1,1,1,1,1,1,1,1,1,1,2,1,1,1,1,1,1,1,1,1,1,1,1,1,1,1,1,1
1611,1,1,1,1,1,1,1,2,1,1,1,1,1,1,1,1,1,1,1,1,1,1,1,1,1,1,1,1,1,1,1,1,1,1,1
1612,1,1,1,1,1,1,1,1,1,1,1,1,1,1,1,1,1,1,1,1,1,1,2,1,1,1,1,1,1,1,1,1,1,1,1
1613,1,1,1,1,1,1,1,1,1,1,1,1,1,1,1,1,1,1,1,1,1,1,1,1,1,1,1,1,1,1,1,2,1,1,1
1614,1,1,1,1,1,1,1,1,1,1,1,1,1,1,1,1,1,1,1,1,1,1,1,1,1,1,1,1,1,1,1,1,1,1,1
1615,1,1,1,1,1,1,1,1,2,1,1,1,1,1,1,1,1,1,1,1,1,1,1,1,1,1,1,1,1,1,1,1,1,1,1
1616,1,1,1,1,1,1,1,1,1,1,2,1,2,1,2,1,1,1,1,1,1,1,1,1,1,1,1,1,1,1,1,1,1,1,1
1617,1,1,1,1,1,1,2,1,1,1,1,1,1,1,1,1,1,1,1,1,1,1,1,1,1,1,1,1,1,1,1,1,1,1,1
1618,1,1,1,1,1,1,1,1,1,1,1,1,1,1,1,1,1,1,1,1,1,1,1,1,1,1,1,1,1,1,1,1,1,1,1
1619,1,1,1,1,1,1,1,1,1,1,1,2,1,1,1,1,1,1,1,1,1,1,1,1,1,1,1,1,1,1,1,2,1,1,1
1620,1,1,1,1,1,1,1,1,1,1,1,1,1,1,1,1,1,1,1,1,1,1,1,1,1,1,1,1,1,1,1,1,1,1,1
1621,1,1,1,1,1,1,1,1,1,1,2,1,1,1,1,1,1,1,1,1,1,1,1,1,1,1,1,1,1,1,1,1,1,1,1
1622,1,1,1,1,1,1,1,1,1,1,1,1,1,1,1,1,1,1,1,1,1,1,1,1,1,1,1,1,1,1,1,1,1,1,1
1623,1,1,1,1,1,1,1,2,1,1,1,1,1,1,1,1,1,1,1,1,1,1,1,1,1,1,1,1,1,1,1,1,1,1,1
1624,1,1,1,1,1,1,1,1,1,1,1,1,1,1,1,1,1,1,1,1,1,1,1,1,1,1,1,1,1,1,1,1,1,2,1
1625,1,1,1,1,1,1,1,1,1,1,1,1,1,1,1,1,1,1,1,1,1,1,1,1,1,1,1,1,1,1,1,1,1,1,1
1626,1,1,1,1,1,1,1,1,1,1,1,1,1,1,1,1,1,1,1,1,1,1,1,1,1,1,1,1,1,1,1,1,1,1,1
1627,1,1,1,1,1,1,1,1,1,1,1,1,1,2,1,1,2,1,1,1,1,1,1,1,1,1,1,1,1,2,1,1,1,1,1
1628,1,1,1,1,1,1,1,1,1,1,2,1,2,1,1,1,1,1,1,1,1,1,1,1,1,1,1,1,1,1,1,1,1,1,1
1629,1,1,1,1,1,1,1,1,1,2,2,1,1,1,1,1,1,1,1,1,1,1,1,2,1,1,1,1,1,1,1,1,1,1,1
1630,1,1,2,1,1,1,1,1,1,1,1,1,1,1,1,1,1,1,1,1,1,1,1,1,1,2,1,1,1,1,1,1,1,2,1
1631,1,1,1,1,1,1,1,2,1,1,1,1,1,1,1,1,1,1,1,1,1,1,1,1,1,1,1,1,1,1,1,1,1,1,1
1632,1,1,1,1,1,1,1,1,1,1,1,1,1,1,1,1,1,1,1,1,1,1,1,1,1,1,1,1,1,2,1,1,1,1,1
1633,1,1,1,2,1,1,1,1,1,1,1,1,1,1,1,1,1,1,1,1,1,1,1,1,1,1,1,1,1,1,1,1,1,1,1
1634,1,1,1,1,1,1,1,1,1,1,1,2,1,1,1,1,1,1,1,1,1,1,1,1,1,1,1,1,1,1,1,1,1,1,1
1635,1,1,1,1,1,2,2,1,1,1,1,2,2,2,2,1,1,1,1,1,1,1,1,1,1,1,1,1,1,1,1,1,1,1,1
1636,1,1,1,1,1,1,1,1,1,1,1,1,1,1,1,1,1,1,1,1,1,1,1,1,1,1,1,1,1,1,1,1,1,1,1
1637,1,1,1,1,1,1,1,1,1,1,2,1,1,1,1,1,1,1,1,1,1,1,1,1,1,1,1,1,1,1,1,1,1,1,1
1638,1,1,1,1,1,1,1,1,1,1,1,1,1,1,1,1,1,1,1,1,1,1,1,1,1,1,1,1,1,1,1,1,1,1,1
1639,1,1,1,1,1,1,1,1,2,1,1,1,1,1,1,1,2,1,1,1,1,1,1,1,1,2,1,1,1,1,1,1,1,2,1
1640,1,1,1,1,1,1,1,1,1,1,1,1,1,1,1,1,1,1,1,1,1,1,1,1,1,1,1,1,1,1,1,1,1,1,1
1641,1,1,1,1,1,1,1,1,1,1,1,1,1,1,1,1,1,1,1,1,1,1,1,1,1,1,1,1,1,1,1,1,1,1,1
1642,1,1,1,1,1,1,1,1,1,1,1,1,1,1,1,1,1,1,1,1,1,1,1,1,1,1,1,1,1,1,2,1,1,1,1
1643,1,1,1,1,1,1,1,2,1,1,1,1,1,1,1,1,1,1,1,1,1,1,1,1,1,1,1,1,1,1,1,1,1,1,1
1644,1,1,1,1,1,1,1,1,1,1,1,1,2,1,1,1,1,1,1,1,1,1,1,1,1,1,1,1,1,1,1,1,1,1,1
1645,1,1,1,1,1,1,1,1,1,1,1,1,1,1,1,1,1,1,1,1,1,1,1,1,1,1,1,1,1,1,1,1,1,1,1
1646,1,1,1,1,1,1,1,1,1,1,1,1,1,1,1,1,1,1,1,1,1,1,1,1,1,1,1,1,1,1,1,1,1,1,1
1647,1,1,1,1,2,1,1,1,1,2,1,1,1,1,1,1,1,1,1,1,1,1,1,1,1,1,1,1,1,1,1,1,1,1,1
1648,1,1,1,1,1,1,1,1,1,1,2,1,1,1,1,1,1,1,1,1,1,1,1,1,1,1,1,1,1,1,1,1,1,1,1
1649,1,1,1,1,1,1,1,1,1,1,1,2,1,1,1,1,1,1,1,1,1,1,1,1,1,1,1,1,1,1,1,2,1,1,1
1650,1,1,1,1,1,1,1,1,1,1,2,2,1,1,1,1,1,1,1,1,1,1,1,1,1,1,1,1,1,1,1,1,1,1,1
1651,1,1,1,1,1,1,1,1,1,1,1,1,1,1,1,1,1,1,1,1,1,1,1,1,2,1,1,1,2,1,1,1,1,1,1
1652,1,1,1,1,1,1,1,1,1,1,1,1,1,1,1,1,1,1,1,1,1,1,1,1,1,1,1,1,1,1,1,1,2,1,1
1653,1,1,1,1,1,1,1,2,1,1,1,1,1,1,1,1,1,1,1,1,1,1,1,1,1,1,1,1,1,1,1,1,0,1,1
1654,1,1,1,1,1,1,1,1,1,1,1,1,1,1,1,1,1,1,1,1,1,1,1,1,1,1,1,1,1,1,1,1,0,1,1
1655,1,1,1,1,1,1,1,1,1,1,1,2,2,2,2,1,1,1,1,1,1,1,1,1,1,1,1,1,1,1,1,1,0,1,1
1656,1,1,1,1,1,1,2,1,1,1,1,1,1,1,1,1,1,1,1,1,1,1,1,1,1,1,1,1,1,1,1,1,0,1,1
1657,1,1,1,1,1,1,1,1,1,1,1,1,1,1,1,1,1,1,1,1,1,1,1,1,1,1,1,1,1,1,1,1,0,1,1
1658,1,1,1,1,1,1,1,1,1,1,1,1,1,1,1,1,1,1,1,1,1,1,1,1,1,1,1,1,1,1,1,1,0,1,1
1659,1,1,1,2,1,1,1,1,1,1,1,1,1,1,1,1,1,1,1,1,1,1,1,1,1,1,1,1,1,1,1,1,0,1,1
1660,1,1,1,1,1,1,1,1,1,1,1,1,1,1,1,1,1,1,1,1,1,1,1,1,1,1,1,1,1,1,1,1,0,1,1
1661,1,1,1,1,1,1,1,1,1,1,1,1,1,1,1,1,1,1,1,1,1,1,1,1,1,1,1,1,2,1,1,1,0,1,1
1662,1,1,1,1,1,1,1,1,1,1,2,1,1,1,1,1,1,1,1,1,1,1,1,1,1,1,1,1,1,1,1,1,0,1,1
1663,1,1,1,1,1,1,1,1,1,1,1,1,1,1,1,1,1,1,1,1,1,1,1,1,1,1,1,1,1,1,1,1,0,1,1
1664,1,1,1,1,1,1,1,1,1,1,1,1,2,1,1,1,1,1,1,1,1,1,1,1,1,1,1,1,1,1,1,1,0,1,1
1665,1,1,1,1,1,1,1,2,1,1,1,1,1,1,1,1,1,1,1,1,1,1,1,1,1,1,1,1,1,1,1,1,0,1,1
1666,1,1,1,1,1,1,1,1,1,1,2,1,1,1,1,1,1,1,1,1,1,1,1,1,1,1,1,1,1,1,1,1,0,1,1
1667,1,1,1,1,1,1,2,1,1,1,2,2,2,1,1,1,1,1,1,1,1,1,1,1,1,1,1,1,1,1,1,1,0,2,1
1668,1,1,1,1,1,1,1,1,1,1,1,1,1,1,1,1,1,1,1,1,1,1,1,1,1,1,1,1,1,1,1,1,0,1,1
1669,1,1,1,2,1,1,1,1,1,2,1,1,1,1,1,1,1,1,1,1,1,1,1,1,1,1,1,1,1,1,1,1,0,1,1
1670,1,1,1,1,1,1,1,1,1,1,2,1,2,2,2,1,1,1,1,1,1,1,1,1,1,1,1,1,1,1,1,1,0,1,1
1671,1,1,1,1,1,1,1,1,1,1,1,1,1,1,1,1,1,1,2,1,1,1,1,1,1,1,1,1,1,1,1,1,0,1,1
1672,1,1,1,1,1,1,1,1,1,1,1,1,1,1,1,1,1,1,1,1,1,1,1,1,1,1,1,1,1,1,1,1,0,1,1
1673,2,1,1,1,1,1,1,1,1,1,1,1,1,1,1,1,1,1,1,1,1,1,1,1,1,1,1,1,1,1,1,1,0,1,1
1674,1,2,1,1,1,1,1,1,1,1,1,1,1,1,1,1,1,1,1,1,1,1,1,1,1,1,1,1,1,1,1,2,0,1,1
1675,1,0,2,1,1,1,1,1,1,1,1,1,1,1,1,1,1,1,1,1,1,1,1,1,1,1,1,1,1,1,1,1,0,1,1
1676,1,0,1,1,1,2,2,1,1,1,1,1,1,1,1,1,1,1,1,1,1,1,1,1,1,1,1,1,1,1,1,1,0,1,1
1677,2,0,1,1,1,1,1,1,1,1,1,1,1,1,1,1,1,1,1,1,1,1,1,1,1,1,1,1,1,1,1,1,0,1,1
1678,1,0,1,1,1,1,1,1,1,1,1,1,1,1,1,1,1,1,1,1,1,1,1,1,1,1,1,1,1,1,1,1,0,1,1
1679,1,0,1,1,1,1,1,1,1,1,2,2,2,1,1,1,1,1,1,1,1,1,1,1,1,1,1,1,1,1,1,1,0,1,1
1680,1,0,1,1,1,1,1,2,1,1,1,1,1,1,1,1,1,1,1,1,1,1,1,1,1,1,1,1,1,1,1,1,0,1,1
1681,1,0,1,1,1,1,1,1,1,1,1,1,1,1,1,1,1,1,1,1,1,1,1,1,1,1,1,1,1,1,1,1,0,1,1
1682,1,0,1,1,1,1,1,1,1,1,1,1,2,1,1,1,1,1,1,1,1,1,1,1,1,1,1,1,1,1,1,1,0,1,1
1683,1,0,1,1,1,1,2,1,1,1,1,1,1,1,1,1,1,1,1,1,1,1,1,1,2,1,1,1,1,1,2,1,0,1,1
1684,1,0,1,1,1,1,1,1,2,1,1,1,1,1,1,1,1,1,1,1,1,1,1,1,1,1,1,1,1,1,1,1,0,1,1
1685,1,0,1,1,1,1,1,1,1,2,1,1,1,1,1,1,1,1,1,1,1,1,1,1,1,1,1,1,1,1,1,1,0,1,1
1686,1,0,1,1,2,1,1,1,1,1,1,1,1,1,1,1,1,1,1,1,1,1,1,1,1,2,1,1,1,1,1,1,0,1,1
1687,1,0,1,1,1,1,1,1,1,1,1,1,1,1,1,1,1,1,1,1,1,1,1,1,1,1,1,1,1,1,1,1,0,1,1
1688,1,0,1,1,1,1,1,1,1,1,2,1,1,1,1,1,1,1,1,1,1,1,1,1,1,1,1,1,1,1,1,1,0,1,1
1689,1,0,1,1,1,1,1,1,1,1,1,1,1,1,1,1,1,1,1,1,1,1,1,1,1,1,1,1,1,1,1,1,0,1,1
1690,1,0,1,1,1,1,1,1,1,1,1,2,1,1,1,1,1,1,1,1,1,1,1,1,1,1,1,1,1,1,1,1,0,1,1
1691,1,0,1,1,1,1,1,1,1,1,1,1,2,1,1,1,1,1,1,1,1,1,1,1,1,1,1,1,1,1,1,2,0,1,1
1692,1,0,1,1,1,1,1,1,1,1,1,1,1,1,1,1,1,1,1,1,1,1,1,1,1,1,1,1,1,1,1,1,0,1,1
1693,1,0,1,1,1,2,2,1,1,1,1,1,1,1,1,1,1,1,1,1,1,1,1,1,1,1,1,1,1,1,1,1,0,1,1
1694,1,0,1,1,1,1,1,2,1,1,1,2,1,2,2,1,1,1,1,1,1,1,1,1,1,1,1,1,1,1,1,2,0,1,1
1695,1,0,1,1,1,1,1,1,1,1,1,1,1,1,1,1,1,1,1,1,1,1,1,1,2,1,1,1,1,1,1,1,0,1,1
1696,1,0,1,1,1,1,1,1,1,1,1,1,1,1,1,1,1,1,1,1,1,1,1,1,1,1,1,1,1,1,1,1,0,1,1
1697,1,0,1,1,1,1,1,1,1,1,1,1,1,1,1,1,1,1,1,1,1,1,1,1,1,1,1,1,1,1,1,1,0,1,1
1698,1,0,1,1,1,2,1,1,1,1,2,1,1,1,2,1,1,1,1,1,1,1,1,1,1,1,1,1,1,1,1,1,0,1,1
1699,1,0,1,1,1,1,1,1,1,1,2,1,1,1,1,1,1,1,1,1,1,1,1,1,1,1,1,1,1,1,1,1,0,1,1
1700,1,0,1,1,1,1,1,1,1,1,2,2,2,1,1,1,1,1,1,1,1,1,1,1,1,1,1,1,1,1,1,1,0,1,1
1701,2,0,1,1,1,1,1,1,1,1,1,1,1,1,1,1,1,1,1,1,1,1,1,1,1,1,1,1,1,1,1,1,0,1,1
1702,1,0,1,1,1,1,1,1,1,1,1,1,1,1,1,1,1,1,1,1,1,1,1,1,1,1,1,1,1,1,1,1,0,1,1
1703,1,0,1,1,1,1,1,2,2,1,1,1,1,1,1,1,1,1,1,1,1,1,1,2,1,1,1,1,1,1,1,1,0,1,1
1704,1,0,1,1,1,1,1,1,1,1,1,1,1,1,1,1,1,1,1,1,1,1,1,1,1,1,1,1,1,1,1,1,0,1,1
1705,1,0,1,1,1,1,2,1,1,1,1,1,2,2,1,1,1,1,1,1,1,1,1,1,1,1,1,1,1,1,1,1,0,1,1
1706,1,0,1,1,1,1,1,1,1,1,2,2,1,1,1,1,1,2,1,1,1,1,1,1,1,1,1,1,1,1,1,1,0,1,1
1707,1,0,1,1,1,1,1,1,1,1,1,1,1,1,1,1,1,1,1,1,1,1,1,1,1,1,1,1,1,1,1,1,0,1,1
1708,1,0,1,1,1,1,1,1,1,1,1,1,1,1,1,1,1,1,1,1,1,1,1,1,1,1,1,1,1,1,1,1,0,1,1
1709,1,0,1,1,1,1,1,1,1,1,1,1,2,1,1,1,1,1,1,1,1,1,1,1,1,1,1,1,1,1,1,1,0,1,1
1710,1,0,1,1,1,1,1,1,1,1,1,1,1,1,1,1,1,1,1,1,1,1,1,1,1,1,1,1,1,1,1,1,0,1,1
1711,1,0,1,1,1,1,1,1,1,1,1,1,1,1,1,1,1,1,1,1,1,1,1,1,1,1,1,1,1,1,1,1,0,1,1
1712,1,0,1,1,1,1,1,1,1,1,1,1,1,1,1,1,1,1,1,1,2,1,1,1,1,2,1,1,1,2,2,1,0,1,1
1713,1,0,1,1,1,2,1,1,1,1,1,1,1,1,1,1,1,1,1,1,0,1,1,1,1,1,1,1,1,1,1,1,0,1,1
1714,1,0,1,1,1,1,2,2,1,2,2,1,1,1,1,1,1,1,1,1,0,1,1,1,1,1,1,1,1,1,1,1,0,1,1
1715,1,0,1,1,1,1,1,1,1,1,1,1,1,1,1,1,1,1,1,1,0,1,1,1,1,1,1,1,1,1,1,1,0,1,1
1716,2,0,1,1,1,1,1,1,1,1,1,1,1,1,1,1,1,1,1,1,0,1,1,1,1,1,1,1,1,1,1,1,0,1,1
1717,0,0,1,1,1,1,1,1,1,1,1,2,1,2,1,1,1,1,1,1,0,1,1,1,2,1,1,1,1,1,1,1,0,1,1
1718,0,0,1,1,1,1,1,1,1,1,1,1,1,1,1,1,1,1,1,1,0,1,1,1,1,1,1,1,1,1,1,1,0,1,1
1719,0,0,1,1,1,1,1,1,1,1,1,1,1,1,1,1,1,1,1,1,0,1,1,1,1,1,1,1,1,1,1,1,0,1,1
1720,0,0,1,1,1,1,1,1,1,1,1,1,1,1,1,1,1,1,1,1,0,1,1,1,1,1,1,1,1,1,1,2,0,1,1
1721,0,0,1,1,1,1,1,1,1,1,2,2,2,1,1,1,2,1,1,1,0,1,1,1,1,1,1,1,1,1,1,1,0,1,1
1722,0,0,1,1,1,1,1,1,1,1,1,1,1,2,1,1,1,1,1,1,0,1,1,1,1,1,1,1,1,1,1,1,0,1,1
1723,0,0,1,1,1,1,1,1,1,1,1,1,1,1,2,1,1,1,1,1,0,1,1,1,1,1,1,1,1,1,1,1,0,1,1
1724,0,0,1,1,1,1,1,1,1,1,1,1,1,1,1,1,1,1,2,1,0,1,1,1,1,1,1,1,1,1,1,1,0,1,1
1725,0,0,1,1,1,1,1,1,1,1,1,1,1,1,1,1,1,1,1,1,0,1,1,1,1,1,1,1,1,1,1,1,0,1,1
1726,0,0,1,1,1,2,1,1,1,1,1,2,1,1,1,1,1,1,1,1,0,1,1,1,1,1,1,1,1,1,1,1,0,1,1
1727,0,0,2,1,1,1,1,1,1,1,1,1,2,1,1,1,1,1,1,1,0,1,1,1,1,1,1,1,1,1,1,1,0,1,1
1728,0,0,1,1,1,1,1,1,1,1,1,1,1,1,1,1,1,1,1,1,0,1,1,1,1,1,1,1,1,1,1,1,0,1,1
1729,0,0,1,1,1,1,1,1,1,1,2,2,1,2,2,1,1,1,1,1,0,1,1,2,1,1,1,1,1,1,1,1,0,1,1
1730,0,0,1,1,1,1,2,1,1,1,1,1,1,1,1,1,1,1,1,1,0,1,1,1,1,1,1,1,1,1,1,1,0,1,1
1731,0,0,1,1,1,1,1,1,1,1,2,1,1,1,1,1,1,1,1,1,0,1,1,1,1,2,2,1,1,1,1,1,0,1,1
1732,0,0,1,1,1,1,1,1,1,1,1,1,1,1,1,1,1,1,1,1,0,1,1,1,1,1,1,1,1,1,1,1,0,1,1
1733,0,0,1,1,1,1,1,2,1,1,1,1,1,1,1,1,1,1,1,1,0,1,1,1,1,1,1,1,1,1,1,2,0,1,1
1734,0,0,1,1,1,1,1,1,1,1,1,1,1,1,1,1,1,1,1,2,0,2,1,1,1,1,1,1,1,1,1,1,0,1,1
1735,0,0,1,1,1,1,1,1,1,1,1,1,1,1,1,1,1,1,1,1,0,1,1,1,1,1,2,1,1,1,1,1,0,1,1
1736,0,0,1,1,2,1,1,1,1,1,2,1,2,1,1,1,1,1,1,1,0,1,1,1,1,1,1,1,1,1,1,1,0,1,1
1737,0,0,1,1,1,1,1,1,1,1,1,1,1,1,1,1,1,1,1,1,0,1,1,1,1,1,1,1,1,1,1,1,0,1,1
1738,0,0,1,1,1,1,1,1,1,1,1,1,1,1,1,1,1,1,1,1,0,1,1,1,1,1,1,1,1,1,1,1,0,1,1
1739,0,0,1,1,1,2,2,1,1,1,2,1,1,1,1,1,1,1,1,1,0,1,1,1,1,1,1,1,1,1,1,1,0,1,1
1740,0,0,1,1,1,1,1,1,1,1,2,2,2,2,1,1,1,1,1,1,0,1,1,2,2,2,1,1,1,1,2,1,0,1,1
1741,0,0,1,1,1,1,1,1,1,1,1,1,1,1,1,1,1,1,1,1,0,1,1,1,1,1,1,1,1,1,1,1,0,1,1
1742,0,0,1,1,1,1,1,1,1,1,1,1,1,1,1,1,1,1,1,1,0,1,1,1,1,1,1,1,1,1,1,1,0,1,1
1743,0,0,1,1,1,2,1,1,1,1,1,1,1,1,1,1,1,1,1,1,0,1,1,1,1,1,1,1,1,1,1,1,0,1,1
1744,0,0,1,2,1,1,1,1,1,2,1,1,1,1,1,1,1,1,1,1,0,1,1,1,1,1,1,1,1,1,1,1,0,1,1
1745,0,0,1,1,1,1,1,1,1,1,1,1,1,1,1,1,1,1,1,1,0,1,1,1,1,1,1,1,1,1,1,1,0,2,1
1746,0,0,1,1,1,1,1,2,1,1,1,1,1,1,1,1,1,1,1,1,0,1,1,1,1,1,1,1,1,1,1,1,0,1,1
1747,0,0,1,1,1,1,1,1,1,1,1,1,1,1,1,1,1,1,1,1,0,1,1,1,1,1,1,1,1,2,1,1,0,1,1
1748,0,0,1,1,1,2,1,1,1,1,1,1,1,1,1,1,1,1,1,1,0,1,1,1,1,1,1,1,1,1,1,1,0,1,1
1749,0,0,1,1,1,1,1,1,1,1,1,1,1,1,1,1,1,1,1,1,0,1,1,1,1,1,1,1,1,2,1,1,0,1,1
1750,0,0,1,1,1,1,1,1,1,1,1,1,1,1,1,1,1,1,1,1,0,1,1,1,1,1,1,1,1,1,1,1,0,1,1
1751,0,0,1,1,1,1,1,1,2,1,1,1,2,1,1,1,1,1,1,1,0,1,1,1,1,1,1,1,1,1,1,1,0,1,1
1752,0,0,1,1,1,1,2,1,1,1,2,1,1,1,1,1,1,1,1,1,0,1,1,1,1,1,1,1,1,1,1,1,0,1,1
1753,0,0,1,1,1,1,1,1,1,1,1,1,1,1,1,1,1,1,1,1,0,1,1,1,1,1,1,1,1,1,1,1,0,1,1
1754,0,0,1,1,1,1,1,1,1,1,1,1,1,1,1,1,1,1,1,1,0,1,1,1,1,1,1,1,1,1,1,1,0,1,1
1755,0,0,1,1,1,1,1,1,1,1,2,1,2,1,1,1,1,1,1,1,0,1,1,1,1,2,1,1,1,1,1,1,0,1,1
1756,0,0,1,1,1,1,1,1,1,1,1,1,1,1,1,1,1,1,1,1,0,1,1,1,1,1,1,1,1,1,1,1,0,1,1
1757,0,0,1,1,1,1,1,1,1,1,1,1,1,2,2,1,1,1,1,1,0,1,1,1,1,1,1,1,1,1,2,1,0,1,1
1758,0,0,1,1,1,1,1,1,1,1,1,1,1,2,1,1,1,1,1,1,0,1,1,1,1,1,1,1,1,1,1,1,0,1,1
1759,0,0,1,1,1,1,1,1,1,1,1,1,1,1,1,1,1,1,1,1,0,1,1,1,1,1,1,1,1,1,2,1,0,1,1
1760,0,0,1,1,1,1,1,1,1,1,1,1,1,1,1,1,1,1,1,1,0,1,1,1,1,1,1,1,1,1,1,1,0,1,1
1761,0,0,1,1,1,1,1,1,1,1,1,1,2,1,1,1,1,1,1,1,0,1,1,1,1,1,1,1,1,1,1,1,0,1,1
1762,0,0,1,1,1,2,2,1,1,1,2,2,1,1,1,1,1,1,1,1,0,1,1,1,1,1,1,1,1,1,1,1,0,1,1
1763,0,0,1,1,1,1,1,1,1,1,1,1,1,1,1,1,1,1,1,1,0,2,1,1,1,1,1,1,1,1,1,1,0,1,1
1764,0,0,1,1,1,1,1,1,1,1,2,1,1,1,1,1,1,1,1,1,0,1,1,1,1,1,1,1,1,1,1,1,0,1,1
1765,0,0,1,1,1,1,1,2,1,1,1,1,1,1,1,1,1,1,1,1,0,1,1,1,1,2,1,1,1,1,1,1,0,2,2
1766,0,0,1,1,1,1,1,1,1,1,1,1,1,1,1,1,1,1,1,1,0,1,1,1,1,0,1,1,1,1,1,1,0,1,1
1767,0,0,1,1,1,1,2,1,1,1,1,1,1,1,1,1,1,1,1,1,0,1,1,1,1,0,2,1,1,1,1,1,0,1,1
1768,0,0,1,1,1,1,1,1,1,1,1,1,2,1,1,1,1,1,1,1,0,1,1,1,1,0,1,1,1,1,1,1,0,1,1
1769,0,0,1,1,1,1,1,1,1,1,1,1,1,1,1,1,1,1,1,1,0,1,1,1,1,0,1,1,1,1,1,1,0,1,1
1770,0,0,2,1,1,1,1,1,1,1,2,2,1,1,1,1,1,1,1,1,0,1,1,1,1,0,1,1,1,1,2,1,0,1,1
1771,0,0,1,1,1,1,1,1,1,1,1,1,1,1,1,1,1,1,1,1,0,1,1,1,1,0,1,1,1,1,1,1,0,1,1
1772,0,0,1,1,1,1,1,1,1,1,1,1,1,1,1,1,1,1,1,1,0,1,1,1,1,0,1,1,1,1,1,1,0,1,1
1773,0,0,1,1,1,1,1,1,1,1,1,1,1,2,1,1,1,1,1,1,0,1,1,1,1,0,1,1,1,1,1,1,0,1,1
1774,0,0,1,1,1,1,1,1,1,1,1,1,1,1,1,1,1,1,1,1,0,1,1,1,1,0,1,1,1,1,1,1,0,1,1
1775,0,0,1,1,1,1,1,1,1,1,1,1,1,1,1,2,1,1,1,1,0,1,1,1,1,0,1,1,1,1,1,1,0,1,1
1776,0,0,1,1,1,1,1,1,1,1,1,1,2,2,2,1,1,1,1,1,0,1,1,1,1,0,1,1,1,1,1,1,0,1,1
1777,0,0,1,1,1,1,1,1,1,2,1,1,1,1,1,1,1,1,1,1,0,1,1,1,1,0,1,1,1,1,1,1,0,1,1
1778,0,0,1,1,1,1,1,1,1,1,1,1,1,1,1,1,1,1,1,1,0,1,1,1,1,0,1,1,1,1,1,1,0,1,1
1779,0,0,1,1,1,1,1,1,1,1,1,1,1,1,1,1,1,1,1,1,0,1,1,2,1,0,1,1,1,1,1,1,0,1,1
1780,0,0,1,1,1,1,1,1,1,1,1,1,1,1,1,1,1,1,1,1,0,1,1,1,1,0,1,1,1,1,1,1,0,1,1
1781,0,0,1,1,1,1,1,1,1,1,1,1,1,1,1,1,1,1,1,1,0,1,1,1,1,0,1,1,1,1,1,1,0,2,1
1782,0,0,1,1,1,1,1,1,1,1,2,2,2,1,1,1,1,1,1,1,0,1,1,1,1,0,1,1,1,1,2,1,0,0,1
1783,0,0,1,1,1,1,1,1,1,1,1,1,1,1,2,1,1,1,1,1,0,1,1,1,1,0,1,1,1,1,1,1,0,0,1
1784,0,0,1,1,1,1,1,1,1,1,1,1,1,1,1,1,1,1,1,2,0,1,1,1,1,0,1,1,1,1,1,1,0,0,1
1785,0,0,1,1,1,1,1,1,1,1,1,1,1,1,1,1,1,1,1,0,0,1,1,1,1,0,1,1,1,1,1,1,0,0,1
1786,0,0,1,2,1,1,2,1,1,1,1,1,1,1,1,1,1,1,1,0,0,1,1,1,1,0,1,1,1,1,1,1,0,0,1
1787,0,0,2,0,1,1,1,1,1,1,1,1,1,1,1,1,1,1,1,0,0,1,1,1,1,0,1,1,1,2,1,1,0,0,1
1788,0,0,1,0,1,1,1,1,1,1,1,1,1,1,1,1,1,1,1,0,0,1,1,1,1,0,1,1,1,0,1,1,0,0,1
1789,0,0,1,0,1,1,1,1,1,1,1,1,1,1,1,1,1,1,1,0,0,1,1,2,1,0,1,1,1,0,1,1,0,0,1
1790,0,0,1,0,1,1,1,2,1,1,1,1,1,1,1,1,1,1,1,0,0,1,1,0,1,0,1,1,1,0,1,1,0,0,1
1791,0,0,1,0,1,1,1,1,1,1,1,1,1,1,1,1,1,1,1,0,0,1,1,0,1,0,1,1,1,0,1,1,0,0,1
1792,0,0,1,0,1,2,2,1,1,1,1,1,1,1,1,1,1,1,1,0,0,1,1,0,1,0,1,1,1,0,1,1,0,0,1
1793,0,0,1,0,1,1,1,1,1,1,1,1,1,1,1,1,1,1,1,0,0,1,1,0,1,0,1,1,1,0,1,2,0,0,1
1794,0,0,1,0,2,1,1,1,1,1,2,2,2,2,2,1,1,1,1,0,0,1,1,0,2,0,1,1,1,0,1,1,0,0,1
1795,0,0,1,0,1,1,1,1,1,1,1,1,1,1,1,1,1,1,2,0,0,1,1,0,0,0,1,1,1,0,2,2,0,0,1
1796,0,0,1,0,1,1,1,1,1,1,1,1,1,1,1,1,1,1,1,0,0,1,1,0,0,0,1,1,1,0,1,1,0,0,1
1797,0,0,1,0,1,1,1,1,1,1,1,1,1,1,1,1,1,1,1,0,0,1,1,0,0,0,1,1,1,0,1,2,0,0,1
1798,0,0,1,0,1,1,1,1,1,1,1,1,1,1,2,1,1,1,1,0,0,1,1,0,0,0,1,1,1,0,1,1,0,0,1
1799,0,0,1,0,1,1,1,1,1,1,1,1,1,1,1,1,1,1,1,0,0,1,1,0,0,0,1,1,1,0,1,2,0,0,1
1800,0,0,1,0,1,1,1,1,1,1,1,1,1,1,1,1,1,1,1,0,0,1,1,0,0,0,2,1,1,0,1,1,0,0,2
1801,0,0,1,0,1,1,1,1,1,2,1,1,1,1,1,1,1,1,1,0,0,1,1,0,0,0,1,1,1,0,1,1,0,0,1
1802,0,0,1,0,1,1,1,1,1,0,1,1,1,1,1,1,1,1,1,0,0,1,1,0,0,0,1,1,1,0,1,2,0,0,1
1803,0,0,1,0,1,1,1,1,1,0,1,1,1,1,1,1,1,1,1,0,0,1,1,0,0,0,1,1,1,0,2,1,0,0,1
1804,0,0,1,0,1,1,1,1,1,0,1,1,1,1,1,1,1,1,1,0,0,1,1,0,0,0,1,1,1,0,1,2,0,0,1
1805,0,0,1,0,1,1,1,2,1,0,1,1,1,1,1,1,1,1,1,0,0,1,1,0,0,0,1,1,1,0,1,1,0,0,1
1806,0,0,1,0,1,1,1,0,1,0,1,1,1,2,1,1,1,1,1,0,0,1,1,0,0,0,1,1,1,0,1,1,0,0,1
1807,0,0,1,0,1,1,1,0,1,0,1,1,1,1,1,1,1,1,1,0,0,1,1,0,0,0,1,1,1,0,1,2,0,0,1
1808,0,0,1,0,1,1,1,0,1,0,1,1,1,1,1,1,1,1,1,0,0,1,1,0,0,0,1,1,1,0,1,1,0,0,1
1809,0,0,1,0,1,1,1,0,1,0,2,1,1,1,2,1,1,1,1,0,0,1,1,0,0,0,1,1,1,0,1,1,0,0,1
1810,0,0,1,0,1,2,2,0,1,0,1,1,1,1,1,1,1,1,1,0,0,1,1,0,0,0,1,1,1,0,1,1,0,0,1
1811,0,0,1,0,1,0,0,0,1,0,1,1,1,1,1,1,1,1,1,0,0,1,1,0,0,0,1,1,1,0,1,1,0,0,1
1812,0,0,1,0,1,0,0,0,2,0,1,2,1,1,1,1,1,1,1,0,0,1,1,0,0,0,2,1,1,0,1,1,0,0,1
1813,0,0,1,0,1,0,0,0,0,0,1,1,2,1,1,1,1,1,1,0,0,1,1,0,0,0,1,1,1,0,1,1,0,0,1
1814,0,0,1,0,1,0,0,0,0,0,1,1,1,1,1,1,1,1,1,0,0,1,1,0,0,0,1,1,1,0,2,1,0,0,1
1815,0,0,1,0,1,0,0,0,0,0,1,1,1,1,1,1,1,1,1,0,0,2,1,0,0,0,1,1,1,0,1,1,0,0,1
1816,0,0,1,0,1,0,0,0,0,0,1,2,1,1,1,1,1,1,1,0,0,0,1,0,0,0,1,1,1,0,1,2,0,0,1
1817,0,0,1,0,1,0,0,0,0,0,1,1,1,1,1,1,1,1,1,0,0,0,1,0,0,0,1,1,1,0,1,1,0,0,1
1818,0,0,1,0,1,0,0,0,0,0,1,1,1,2,1,1,1,1,1,0,0,0,1,0,0,0,1,1,1,0,1,1,0,0,1
1819,0,0,1,0,1,0,0,0,0,0,1,1,1,1,1,1,1,1,1,0,0,0,1,0,0,0,1,1,1,0,2,1,0,0,1
1820,0,0,1,0,1,0,0,0,0,0,1,2,1,1,2,1,1,1,1,0,0,0,1,0,0,0,1,1,1,0,1,1,0,0,1
1821,0,0,1,0,1,0,0,0,0,0,1,0,1,1,1,1,1,1,1,0,0,0,1,0,0,0,1,1,1,0,1,1,0,0,1
1822,0,0,1,0,2,0,0,0,0,0,1,0,2,1,1,1,1,1,1,0,0,0,1,0,0,0,1,2,1,0,1,1,0,0,1
1823,0,0,1,0,1,0,0,0,0,0,1,0,1,1,1,1,1,1,1,0,0,0,1,0,0,0,1,1,1,0,1,1,0,0,1
1824,0,0,1,0,1,0,0,0,0,0,1,0,1,1,1,1,1,1,1,0,0,0,1,0,0,0,1,1,1,0,1,1,0,0,1
1825,0,0,1,0,1,0,0,0,0,0,1,0,1,1,1,1,1,1,1,0,0,0,1,0,0,0,1,1,1,0,1,1,0,0,1
1826,0,0,1,0,1,0,0,0,0,0,1,0,1,1,1,1,1,1,1,0,0,0,1,0,0,0,1,1,1,0,1,1,0,0,1
1827,0,0,1,0,1,0,0,0,0,0,1,0,1,1,1,1,1,1,1,0,0,0,1,0,0,0,1,1,1,0,1,1,0,0,1
1828,0,0,1,0,1,0,0,0,0,0,1,0,1,1,1,1,1,1,1,0,0,0,1,0,0,0,1,1,1,0,1,1,0,0,1
1829,0,0,1,0,2,0,0,0,0,0,2,0,2,2,2,1,1,1,1,0,0,0,1,0,0,0,1,1,2,0,2,1,0,0,2
1830,0,0,1,0,1,0,0,0,0,0,0,0,1,1,0,1,1,1,1,0,0,0,1,0,0,0,1,1,0,0,1,1,0,0,1
1831,0,0,1,0,1,0,0,0,0,0,0,0,1,1,0,1,1,1,1,0,0,0,1,0,0,0,1,1,0,0,1,1,0,0,1
1832,0,0,1,0,1,0,0,0,0,0,0,0,1,1,0,1,1,1,1,0,0,0,1,0,0,0,1,1,0,0,1,1,0,0,1
1833,0,0,1,0,1,0,0,0,0,0,0,0,1,1,0,1,1,1,1,0,0,0,1,0,0,0,2,1,0,0,1,1,0,0,1
1834,0,0,1,0,1,0,0,0,0,0,0,0,1,1,0,1,1,1,1,0,0,0,1,0,0,0,0,1,0,0,1,1,0,0,1
1835,0,0,1,0,1,0,0,0,0,0,0,0,1,1,0,1,1,1,1,0,0,0,1,0,0,0,0,1,0,0,1,1,0,0,1
1836,0,0,1,0,1,0,0,0,0,0,0,0,1,1,0,1,1,1,1,0,0,0,1,0,0,0,0,1,0,0,1,1,0,0,1
1837,0,0,1,0,1,0,0,0,0,0,0,0,1,1,0,1,1,1,1,0,0,0,1,0,0,0,0,1,0,0,2,1,0,0,1
1838,0,0,1,0,1,0,0,0,0,0,0,0,1,1,0,1,1,1,1,0,0,0,1,0,0,0,0,1,0,0,1,1,0,0,1
1839,0,0,1,0,1,0,0,0,0,0,0,0,1,1,0,1,1,1,1,0,0,0,1,0,0,0,0,1,0,0,1,1,0,0,1
1840,0,0,1,0,1,0,0,0,0,0,0,0,1,2,0,1,1,1,1,0,0,0,1,0,0,0,0,1,0,0,1,1,0,0,1
1841,0,0,1,0,1,0,0,0,0,0,0,0,1,0,0,1,1,1,1,0,0,0,1,0,0,0,0,1,0,0,1,1,0,0,1
1842,0,0,1,0,1,0,0,0,0,0,0,0,1,0,0,1,1,1,1,0,0,0,1,0,0,0,0,1,0,0,1,1,0,0,1
1843,0,0,1,0,1,0,0,0,0,0,0,0,1,0,0,1,1,1,1,0,0,0,1,0,0,0,0,1,0,0,1,1,0,0,1
1844,0,0,1,0,1,0,0,0,0,0,0,0,2,0,0,1,1,1,1,0,0,0,1,0,0,0,0,1,0,0,1,1,0,0,1
1845,0,0,1,0,1,0,0,0,0,0,0,0,1,0,0,1,1,1,1,0,0,0,1,0,0,0,0,1,0,0,1,1,0,0,1
1846,0,0,1,0,1,0,0,0,0,0,0,0,1,0,0,1,1,1,1,0,0,0,1,0,0,0,0,1,0,0,1,1,0,0,1
1847,0,0,1,0,1,0,0,0,0,0,0,0,1,0,0,1,1,1,1,0,0,0,1,0,0,0,0,1,0,0,2,1,0,0,1
1848,0,0,1,0,1,0,0,0,0,0,0,0,1,0,0,1,1,1,1,0,0,0,1,0,0,0,0,1,0,0,1,1,0,0,1
1849,0,0,1,0,1,0,0,0,0,0,0,0,2,0,0,1,1,1,1,0,0,0,1,0,0,0,0,1,0,0,1,1,0,0,1
1850,0,0,1,0,1,0,0,0,0,0,0,0,0,0,0,1,1,1,1,0,0,0,1,0,0,0,0,1,0,0,1,1,0,0,1
1851,0,0,1,0,1,0,0,0,0,0,0,0,0,0,0,1,1,1,1,0,0,0,1,0,0,0,0,1,0,0,1,1,0,0,1
1852,0,0,1,0,1,0,0,0,0,0,0,0,0,0,0,1,1,1,1,0,0,0,1,0,0,0,0,1,0,0,1,1,0,0,1
1853,0,0,1,0,1,0,0,0,0,0,0,0,0,0,0,1,1,1,1,0,0,0,1,0,0,0,0,1,0,0,1,1,0,0,1
1854,0,0,1,0,1,0,0,0,0,0,0,0,0,0,0,1,1,1,1,0,0,0,1,0,0,0,0,1,0,0,1,1,0,0,1
1855,0,0,1,0,1,0,0,0,0,0,0,0,0,0,0,1,1,1,1,0,0,0,1,0,0,0,0,1,0,0,1,1,0,0,1
1856,0,0,1,0,2,0,0,0,0,0,0,0,0,0,0,1,1,1,1,0,0,0,1,0,0,0,0,1,0,0,1,1,0,0,1
1857,0,0,1,0,1,0,0,0,0,0,0,0,0,0,0,1,1,1,1,0,0,0,1,0,0,0,0,1,0,0,1,2,0,0,1
1858,0,0,1,0,1,0,0,0,0,0,0,0,0,0,0,1,1,1,1,0,0,0,1,0,0,0,0,1,0,0,1,0,0,0,1
1859,0,0,1,0,1,0,0,0,0,0,0,0,0,0,0,1,1,1,1,0,0,0,1,0,0,0,0,1,0,0,1,0,0,0,1
1860,0,0,1,0,1,0,0,0,0,0,0,0,0,0,0,1,1,1,1,0,0,0,1,0,0,0,0,1,0,0,1,0,0,0,1
1861,0,0,1,0,1,0,0,0,0,0,0,0,0,0,0,1,1,1,2,0,0,0,1,0,0,0,0,2,0,0,1,0,0,0,1
1862,0,0,1,0,1,0,0,0,0,0,0,0,0,0,0,1,1,1,0,0,0,0,1,0,0,0,0,0,0,0,1,0,0,0,1
1863,0,0,1,0,1,0,0,0,0,0,0,0,0,0,0,1,1,1,0,0,0,0,1,0,0,0,0,0,0,0,1,0,0,0,1
1864,0,0,1,0,1,0,0,0,0,0,0,0,0,0,0,1,1,1,0,0,0,0,1,0,0,0,0,0,0,0,1,0,0,0,1
1865,0,0,1,0,1,0,0,0,0,0,0,0,0,0,0,1,1,1,0,0,0,0,1,0,0,0,0,0,0,0,1,0,0,0,1
1866,0,0,1,0,1,0,0,0,0,0,0,0,0,0,0,1,1,1,0,0,0,0,1,0,0,0,0,0,0,0,1,0,0,0,1
1867,0,0,1,0,1,0,0,0,0,0,0,0,0,0,0,1,1,1,0,0,0,0,1,0,0,0,0,0,0,0,1,0,0,0,1
1868,0,0,1,0,1,0,0,0,0,0,0,0,0,0,0,1,1,1,0,0,0,0,1,0,0,0,0,0,0,0,1,0,0,0,1
1869,0,0,1,0,1,0,0,0,0,0,0,0,0,0,0,1,1,1,0,0,0,0,1,0,0,0,0,0,0,0,1,0,0,0,1
1870,0,0,1,0,1,0,0,0,0,0,0,0,0,0,0,1,1,1,0,0,0,0,1,0,0,0,0,0,0,0,2,0,0,0,2
1871,0,0,1,0,1,0,0,0,0,0,0,0,0,0,0,1,1,1,0,0,0,0,1,0,0,0,0,0,0,0,1,0,0,0,0
1872,0,0,2,0,1,0,0,0,0,0,0,0,0,0,0,1,1,1,0,0,0,0,1,0,0,0,0,0,0,0,1,0,0,0,0
1873,0,0,0,0,1,0,0,0,0,0,0,0,0,0,0,1,1,1,0,0,0,0,1,0,0,0,0,0,0,0,1,0,0,0,0
1874,0,0,0,0,1,0,0,0,0,0,0,0,0,0,0,1,1,1,0,0,0,0,1,0,0,0,0,0,0,0,1,0,0,0,0
1875,0,0,0,0,1,0,0,0,0,0,0,0,0,0,0,2,1,1,0,0,0,0,1,0,0,0,0,0,0,0,1,0,0,0,0
1876,0,0,0,0,1,0,0,0,0,0,0,0,0,0,0,1,1,1,0,0,0,0,1,0,0,0,0,0,0,0,1,0,0,0,0
1877,0,0,0,0,1,0,0,0,0,0,0,0,0,0,0,1,1,1,0,0,0,0,1,0,0,0,0,0,0,0,1,0,0,0,0
1878,0,0,0,0,1,0,0,0,0,0,0,0,0,0,0,1,1,1,0,0,0,0,1,0,0,0,0,0,0,0,1,0,0,0,0
1879,0,0,0,0,1,0,0,0,0,0,0,0,0,0,0,1,2,1,0,0,0,0,1,0,0,0,0,0,0,0,1,0,0,0,0
1880,0,0,0,0,1,0,0,0,0,0,0,0,0,0,0,1,0,1,0,0,0,0,1,0,0,0,0,0,0,0,1,0,0,0,0
1881,0,0,0,0,1,0,0,0,0,0,0,0,0,0,0,1,0,1,0,0,0,0,1,0,0,0,0,0,0,0,1,0,0,0,0
1882,0,0,0,0,1,0,0,0,0,0,0,0,0,0,0,1,0,1,0,0,0,0,1,0,0,0,0,0,0,0,1,0,0,0,0
1883,0,0,0,0,1,0,0,0,0,0,0,0,0,0,0,1,0,1,0,0,0,0,1,0,0,0,0,0,0,0,2,0,0,0,0
1884,0,0,0,0,1,0,0,0,0,0,0,0,0,0,0,1,0,1,0,0,0,0,1,0,0,0,0,0,0,0,1,0,0,0,0
1885,0,0,0,0,1,0,0,0,0,0,0,0,0,0,0,1,0,1,0,0,0,0,1,0,0,0,0,0,0,0,1,0,0,0,0
1886,0,0,0,0,1,0,0,0,0,0,0,0,0,0,0,1,0,1,0,0,0,0,1,0,0,0,0,0,0,0,1,0,0,0,0
1887,0,0,0,0,1,0,0,0,0,0,0,0,0,0,0,1,0,1,0,0,0,0,1,0,0,0,0,0,0,0,1,0,0,0,0
1888,0,0,0,0,1,0,0,0,0,0,0,0,0,0,0,1,0,1,0,0,0,0,1,0,0,0,0,0,0,0,1,0,0,0,0
1889,0,0,0,0,1,0,0,0,0,0,0,0,0,0,0,1,0,1,0,0,0,0,2,0,0,0,0,0,0,0,1,0,0,0,0
1890,0,0,0,0,1,0,0,0,0,0,0,0,0,0,0,1,0,1,0,0,0,0,1,0,0,0,0,0,0,0,1,0,0,0,0
1891,0,0,0,0,1,0,0,0,0,0,0,0,0,0,0,1,0,1,0,0,0,0,1,0,0,0,0,0,0,0,1,0,0,0,0
1892,0,0,0,0,1,0,0,0,0,0,0,0,0,0,0,1,0,1,0,0,0,0,1,0,0,0,0,0,0,0,1,0,0,0,0
1893,0,0,0,0,1,0,0,0,0,0,0,0,0,0,0,1,0,1,0,0,0,0,1,0,0,0,0,0,0,0,1,0,0,0,0
1894,0,0,0,0,1,0,0,0,0,0,0,0,0,0,0,2,0,1,0,0,0,0,1,0,0,0,0,0,0,0,1,0,0,0,0
1895,0,0,0,0,1,0,0,0,0,0,0,0,0,0,0,0,0,1,0,0,0,0,1,0,0,0,0,0,0,0,1,0,0,0,0
1896,0,0,0,0,1,0,0,0,0,0,0,0,0,0,0,0,0,1,0,0,0,0,1,0,0,0,0,0,0,0,1,0,0,0,0
1897,0,0,0,0,1,0,0,0,0,0,0,0,0,0,0,0,0,1,0,0,0,0,1,0,0,0,0,0,0,0,1,0,0,0,0
1898,0,0,0,0,1,0,0,0,0,0,0,0,0,0,0,0,0,1,0,0,0,0,1,0,0,0,0,0,0,0,2,0,0,0,0
1899,0,0,0,0,2,0,0,0,0,0,0,0,0,0,0,0,0,2,0,0,0,0,1,0,0,0,0,0,0,0,0,0,0,0,0
1900,0,0,0,0,0,0,0,0,0,0,0,0,0,0,0,0,0,0,0,0,0,0,1,0,0,0,0,0,0,0,0,0,0,0,0
1901,0,0,0,0,0,0,0,0,0,0,0,0,0,0,0,0,0,0,0,0,0,0,1,0,0,0,0,0,0,0,0,0,0,0,0
1902,0,0,0,0,0,0,0,0,0,0,0,0,0,0,0,0,0,0,0,0,0,0,1,0,0,0,0,0,0,0,0,0,0,0,0
1903,0,0,0,0,0,0,0,0,0,0,0,0,0,0,0,0,0,0,0,0,0,0,1,0,0,0,0,0,0,0,0,0,0,0,0
1904,0,0,0,0,0,0,0,0,0,0,0,0,0,0,0,0,0,0,0,0,0,0,1,0,0,0,0,0,0,0,0,0,0,0,0
1905,0,0,0,0,0,0,0,0,0,0,0,0,0,0,0,0,0,0,0,0,0,0,1,0,0,0,0,0,0,0,0,0,0,0,0
1906,0,0,0,0,0,0,0,0,0,0,0,0,0,0,0,0,0,0,0,0,0,0,1,0,0,0,0,0,0,0,0,0,0,0,0
1907,0,0,0,0,0,0,0,0,0,0,0,0,0,0,0,0,0,0,0,0,0,0,1,0,0,0,0,0,0,0,0,0,0,0,0
1908,0,0,0,0,0,0,0,0,0,0,0,0,0,0,0,0,0,0,0,0,0,0,1,0,0,0,0,0,0,0,0,0,0,0,0
1909,0,0,0,0,0,0,0,0,0,0,0,0,0,0,0,0,0,0,0,0,0,0,1,0,0,0,0,0,0,0,0,0,0,0,0
1910,0,0,0,0,0,0,0,0,0,0,0,0,0,0,0,0,0,0,0,0,0,0,1,0,0,0,0,0,0,0,0,0,0,0,0
1911,0,0,0,0,0,0,0,0,0,0,0,0,0,0,0,0,0,0,0,0,0,0,1,0,0,0,0,0,0,0,0,0,0,0,0
1912,0,0,0,0,0,0,0,0,0,0,0,0,0,0,0,0,0,0,0,0,0,0,1,0,0,0,0,0,0,0,0,0,0,0,0
1913,0,0,0,0,0,0,0,0,0,0,0,0,0,0,0,0,0,0,0,0,0,0,2,0,0,0,0,0,0,0,0,0,0,0,0
1914,0,0,0,0,0,0,0,0,0,0,0,0,0,0,0,0,0,0,0,0,0,0,0,0,0,0,0,0,0,0,0,0,0,0,0
1915,0,0,0,0,0,0,0,0,0,0,0,0,0,0,0,0,0,0,0,0,0,0,0,0,0,0,0,0,0,0,0,0,0,0,0
1916,0,0,0,0,0,0,0,0,0,0,0,0,0,0,0,0,0,0,0,0,0,0,0,0,0,0,0,0,0,0,0,0,0,0,0
1917,0,0,0,0,0,0,0,0,0,0,0,0,0,0,0,0,0,0,0,0,0,0,0,0,0,0,0,0,0,0,0,0,0,0,0
1918,0,0,0,0,0,0,0,0,0,0,0,0,0,0,0,0,0,0,0,0,0,0,0,0,0,0,0,0,0,0,0,0,0,0,0
1919,0,0,0,0,0,0,0,0,0,0,0,0,0,0,0,0,0,0,0,0,0,0,0,0,0,0,0,0,0,0,0,0,0,0,0
1920,0,0,0,0,0,0,0,0,0,0,0,0,0,0,0,0,0,0,0,0,0,0,0,0,0,0,0,0,0,0,0,0,0,0,0
1921,0,0,0,0,0,0,0,0,0,0,0,0,0,0,0,0,0,0,0,0,0,0,0,0,0,0,0,0,0,0,0,0,0,0,0
1922,0,0,0,0,0,0,0,0,0,0,0,0,0,0,0,0,0,0,0,0,0,0,0,0,0,0,0,0,0,0,0,0,0,0,0
1923,0,0,0,0,0,0,0,0,0,0,0,0,0,0,0,0,0,0,0,0,0,0,0,0,0,0,0,0,0,0,0,0,0,0,0
1924,0,0,0,0,0,0,0,0,0,0,0,0,0,0,0,0,0,0,0,0,0,0,0,0,0,0,0,0,0,0,0,0,0,0,0
1925,0,0,0,0,0,0,0,0,0,0,0,0,0,0,0,0,0,0,0,0,0,0,0,0,0,0,0,0,0,0,0,0,0,0,0
1926,0,0,0,0,0,0,0,0,0,0,0,0,0,0,0,0,0,0,0,0,0,0,0,0,0,0,0,0,0,0,0,0,0,0,0
1927,0,0,0,0,0,0,0,0,0,0,0,0,0,0,0,0,0,0,0,0,0,0,0,0,0,0,0,0,0,0,0,0,0,0,0
1928,0,0,0,0,0,0,0,0,0,0,0,0,0,0,0,0,0,0,0,0,0,0,0,0,0,0,0,0,0,0,0,0,0,0,0
1929,0,0,0,0,0,0,0,0,0,0,0,0,0,0,0,0,0,0,0,0,0,0,0,0,0,0,0,0,0,0,0,0,0,0,0
1930,0,0,0,0,0,0,0,0,0,0,0,0,0,0,0,0,0,0,0,0,0,0,0,0,0,0,0,0,0,0,0,0,0,0,0
1931,0,0,0,,0,0,0,0,0,0,0,0,0,0,0,0,0,0,0,0,0,0,0,0,0,0,0,0,0,0,0,0,0,0,0
1932,0,0,0,,0,0,0,0,0,0,0,0,0,0,0,0,0,0,0,0,0,0,0,0,0,0,0,0,0,0,0,0,0,0,0
1933,0,0,0,,0,0,0,0,0,0,0,0,0,0,0,0,0,0,0,0,0,0,0,0,0,0,0,0,0,0,0,0,0,0,0
1934,0,0,0,,0,0,0,0,0,0,0,0,0,0,0,0,0,0,0,0,0,0,0,0,0,0,0,0,0,0,0,0,0,0,0
1935,0,0,0,,0,0,0,0,0,0,0,0,0,0,0,0,0,0,0,0,0,0,0,0,0,0,0,0,0,0,0,0,0,0,0
1936,0,0,0,,0,0,0,0,0,0,0,0,0,0,0,0,0,0,0,0,0,0,0,0,0,0,0,0,0,0,0,0,0,0,0
1937,0,0,0,,0,0,0,0,0,0,0,0,0,0,0,0,0,0,0,0,0,0,0,0,0,0,0,0,0,0,0,0,0,0,0
1938,0,0,0,,0,0,0,0,0,0,0,0,0,0,0,0,0,0,0,0,0,0,0,0,0,0,0,0,0,0,0,0,0,0,0
1939,0,0,0,,0,0,0,0,0,0,0,0,0,0,0,0,0,0,0,0,0,0,0,0,0,0,0,0,0,0,0,0,0,0,0
1940,0,0,0,,0,0,0,0,0,0,0,0,0,0,0,0,0,0,0,0,0,0,0,0,0,0,0,0,0,0,0,0,0,0,0
1941,0,0,0,,0,0,0,0,0,0,0,0,0,0,0,0,0,0,0,0,0,0,0,0,0,0,0,0,0,0,0,0,0,0,0
1942,0,0,0,,0,0,0,0,0,0,0,0,0,0,0,0,0,0,0,0,0,0,0,0,0,0,0,0,0,0,0,0,0,0,0
1943,0,0,0,,0,0,0,0,0,0,0,0,0,0,0,0,0,0,0,0,0,0,0,0,0,0,0,0,0,0,0,0,0,0,0
1944,0,0,0,,0,0,0,0,0,0,0,0,0,0,0,0,0,0,0,0,0,0,0,0,0,0,0,0,0,0,0,0,0,0,0
1945,0,0,0,,0,0,0,0,0,0,0,0,0,0,0,0,0,0,0,0,0,0,0,0,0,0,0,0,0,0,0,0,0,0,0
1946,0,0,0,,0,0,0,0,0,0,0,0,0,0,0,0,0,0,0,0,0,0,0,0,0,0,0,0,0,0,0,0,0,0,0
1947,0,0,0,,0,0,0,0,0,0,0,0,0,0,0,0,0,0,0,0,0,0,0,0,0,0,0,0,0,0,0,0,0,0,0
1948,0,0,0,,0,0,0,0,0,0,0,0,0,0,0,0,0,0,0,0,0,0,0,0,0,0,0,0,0,0,0,0,0,0,0
1949,0,0,0,,0,0,0,0,0,0,0,0,0,0,0,0,0,0,0,0,0,0,0,0,0,0,0,0,0,0,0,0,0,0,0
1950,0,0,0,,0,0,0,0,0,0,0,0,0,0,0,0,0,0,0,0,0,0,0,0,0,0,0,0,0,0,0,0,0,0,0
1951,0,0,0,,0,0,0,0,0,0,0,0,0,0,0,0,0,0,0,0,0,0,0,0,0,0,0,0,0,0,0,0,0,0,0
1952,0,0,0,,0,0,0,0,0,0,0,0,0,0,0,0,0,0,0,0,0,0,0,0,0,0,0,0,0,0,0,0,0,0,0
1953,0,0,0,,0,0,0,0,0,0,0,0,0,0,0,0,0,0,0,0,0,0,0,0,0,0,0,0,0,0,0,0,0,0,0
1954,0,0,0,,0,0,0,0,0,0,0,0,0,0,0,0,0,0,0,0,0,0,0,0,0,0,0,0,0,0,0,0,0,0,0
1955,0,0,0,,0,0,0,0,0,0,0,0,0,0,0,0,0,0,0,0,0,0,0,0,0,0,0,0,0,0,0,0,0,0,0
1956,0,0,0,,0,0,0,0,0,0,0,0,0,0,0,0,0,0,0,0,0,0,0,0,0,0,0,0,0,0,0,0,0,0,0
1957,0,0,0,,0,0,0,0,0,0,0,0,0,0,0,0,0,0,0,0,0,0,0,0,0,0,0,0,0,0,0,0,0,0,0
1958,0,0,0,,0,0,0,0,0,0,0,0,0,0,0,0,0,0,0,0,0,0,0,0,0,0,0,0,0,0,0,0,0,0,0
1959,0,0,0,,0,0,0,0,0,0,0,0,0,0,0,0,0,0,0,0,0,0,0,0,0,0,0,0,0,0,0,0,0,0,0
1960,0,0,0,,0,0,0,0,0,0,0,0,0,0,0,0,0,0,0,0,0,0,0,0,0,0,0,0,0,0,0,0,0,0,0
1961,0,0,0,,0,0,0,0,0,0,0,0,0,0,0,0,0,0,0,0,0,0,0,0,0,0,0,0,0,0,0,0,0,0,0
1962,0,0,0,,0,0,0,0,0,0,0,0,0,0,0,0,0,0,0,0,0,0,0,0,0,0,0,0,0,0,0,0,0,0,0
1963,0,0,0,,0,0,0,0,0,0,0,0,0,0,0,0,0,0,0,0,0,0,0,0,0,0,0,0,0,0,0,0,0,0,0
1964,0,0,0,,0,0,0,0,0,0,0,0,0,0,0,0,0,0,0,0,0,0,0,0,0,0,0,0,0,0,0,0,0,0,0
1965,0,0,0,,0,0,0,0,0,0,0,0,0,0,0,0,0,0,0,0,0,0,0,0,0,0,0,0,0,0,0,0,0,0,0
1966,0,0,0,,0,0,0,0,0,0,0,0,0,0,0,0,0,0,0,0,0,0,0,0,0,0,0,0,0,0,0,0,0,0,0
1967,0,0,0,,0,0,0,0,0,0,0,0,0,0,0,0,0,0,0,0,0,0,0,0,0,0,0,0,0,0,0,0,0,0,0
1968,0,0,0,,0,0,0,0,0,0,0,0,0,0,0,0,0,0,0,0,0,0,0,0,0,0,0,0,0,0,0,0,0,0,0
1969,0,0,0,,0,0,0,0,0,0,0,0,0,0,0,0,0,0,0,0,0,0,0,0,0,0,0,0,0,0,0,0,0,0,0
1970,0,0,0,,0,0,0,0,0,0,0,0,0,0,0,0,0,0,0,0,0,0,0,0,0,0,0,0,0,0,0,0,0,0,0
1971,0,0,0,,0,0,0,0,0,0,0,0,0,0,0,0,0,0,0,0,0,0,0,0,0,0,0,0,0,0,0,0,0,0,0
1972,0,0,0,,0,0,0,0,0,0,0,0,0,0,0,0,0,0,0,0,0,0,0,0,0,0,0,0,0,0,0,0,0,0,0
1973,0,0,0,,0,0,0,0,0,0,0,0,0,0,0,0,0,0,0,0,0,0,0,0,0,0,0,0,0,0,0,0,0,0,0
1974,0,0,0,,0,0,0,0,0,0,0,0,0,0,0,0,0,0,0,0,0,0,0,0,0,0,0,0,0,0,0,0,0,0,0
1975,0,0,0,,0,0,0,0,0,0,0,0,0,0,0,0,0,0,0,0,0,0,0,0,0,0,0,0,0,0,0,0,0,0,0
1976,0,0,0,,0,0,0,0,0,0,0,0,0,0,0,0,0,0,0,0,0,0,0,0,0,0,0,0,0,0,0,0,0,0,0
1977,0,0,0,,0,0,0,0,0,0,0,0,0,0,0,0,0,0,0,0,0,0,0,0,0,0,0,0,0,0,0,0,0,0,0
1978,0,0,0,,0,0,0,0,0,0,0,0,0,0,0,0,0,0,0,0,0,0,0,0,0,0,0,0,0,0,0,0,0,0,0
1979,0,0,0,,0,0,0,0,0,0,0,0,0,0,0,0,0,0,0,0,0,0,0,0,0,0,0,0,0,0,0,0,0,0,0
1980,0,0,0,,0,0,0,0,0,0,0,0,0,0,0,0,0,0,0,0,0,0,0,0,0,0,0,0,0,0,0,0,0,0,0
1981,0,0,0,,0,0,0,0,0,0,0,0,0,0,0,0,0,0,0,0,0,0,0,0,0,0,0,0,0,0,0,0,0,0,0
1982,0,0,0,,0,0,0,0,0,0,0,0,0,0,0,0,0,0,0,0,0,0,0,0,0,0,0,0,0,0,0,0,0,0,0
1983,0,0,0,,0,0,0,0,0,0,0,0,0,0,0,0,0,0,0,0,0,0,0,0,0,0,0,0,0,0,0,0,0,0,0
1984,0,0,0,,0,0,0,0,0,0,0,0,0,0,0,0,0,0,0,0,0,0,0,0,0,0,0,0,0,0,0,0,0,0,0
1985,0,0,0,,0,0,0,0,0,0,0,0,0,0,0,0,0,0,0,0,0,0,0,0,0,0,0,0,0,0,0,0,0,0,0
1986,0,0,0,,0,0,0,0,0,0,0,0,0,0,0,0,0,0,0,0,0,0,0,0,0,0,0,0,0,0,0,0,0,0,0
1987,0,0,0,,0,0,0,0,0,0,0,0,0,0,0,0,0,0,0,0,0,0,0,0,0,0,0,0,0,0,0,0,0,0,0
1988,0,0,0,,0,0,0,0,0,0,0,0,0,0,0,0,0,0,0,0,0,0,0,0,0,0,0,0,0,0,0,0,0,0,0
1989,0,0,0,,0,0,0,0,0,0,0,0,0,0,0,0,0,0,0,0,0,0,0,0,0,0,0,0,0,0,0,0,0,0,0
1990,0,0,0,,0,0,0,0,0,0,0,0,0,0,0,0,0,0,0,0,0,0,0,0,0,0,0,0,0,0,0,0,0,0,0
1991,0,0,0,,0,0,0,0,0,0,0,0,0,0,0,0,0,0,0,0,0,0,0,0,0,0,0,0,0,0,0,0,0,0,0
1992,0,0,0,,0,0,0,0,0,0,0,0,0,0,0,0,0,0,0,0,0,0,0,0,0,0,0,0,0,0,0,0,0,0,0
1993,0,0,0,,0,0,0,0,0,0,0,0,0,0,0,0,0,0,0,0,0,0,0,0,0,0,0,0,0,0,0,0,0,0,0
1994,0,0,0,,0,0,0,0,0,0,0,0,0,0,0,0,0,0,0,0,0,0,0,0,0,0,0,0,0,0,0,0,0,0,0
1995,0,0,0,,0,0,0,0,0,0,0,0,0,0,0,0,0,0,0,0,0,0,0,0,0,0,0,0,0,0,0,0,0,0,0
1996,0,0,0,,0,0,0,0,0,0,0,0,0,0,0,0,0,0,0,0,0,0,0,0,0,0,0,0,0,0,0,0,0,0,0
1997,0,0,0,,0,0,0,0,0,0,0,0,0,0,0,0,0,0,0,0,0,0,0,0,0,0,0,0,0,0,0,0,0,0,0
1998,0,0,0,,0,0,0,0,0,0,0,0,0,0,0,0,0,0,0,0,0,0,0,0,0,0,0,0,0,0,0,0,0,0,0
1999,0,0,0,,0,0,0,0,0,0,0,0,0,0,0,0,0,0,0,0,0,0,0,0,0,0,0,0,0,0,0,0,0,0,0
2000,0,0,0,,0,0,0,0,0,0,0,0,0,0,0,0,0,0,0,0,0,0,0,0,0,0,0,0,0,0,0,0,0,0,0


