Year,Frosty Aspect 1_A93,Frosty Aspect 1_D65,Frosty Aspect 1_D66,Frosty Aspect 1_FP2,Frosty Aspect 1_FP14,Frosty Aspect 1_FP17,Frosty Aspect 4_DS24,Frosty Aspect 4_K22,Frosty Aspect 4_R69,Frosty Aspect 4_R72,Frosty Aspect 5-A4,Frosty Aspect 5-DS13,Frosty Aspect 5-P39,Frosty Aspect 5-P89,Frosty Aspect 5-R15,Frosty Aspect 6-D36,Frosty Aspect 6-D93,Frosty Aspect 6-R21,Frosty Aspect 7-D145,Nile Creek Aspect 1_H81,Nile Creek Aspect 10_H134,Nile Creek Aspect 11_P9B,Nile Creek Aspect 11_K31,Nile Creek Aspect 11_K27,Nile Creek Aspect 11_K25,Nile Creek Aspect 11_P30,Nile Creek Aspect 4_K5,Nile Creek Aspect 5_H95,Nile Creek Aspect 7_M8,Nile Creek Aspect 9_K6,Quartzite Aspect 2_P63,Quartzite Aspect 4_D23,Quartzite Aspect 5_P55,Quartzite Aspect 5_D55,Quartzite Aspect 7_DK1,South Deep Aspect 8_L2,Twenty Mle Aspect 10_K3,Twenty Mle Aspect 10_K4,Twenty Mle Aspect 10_K11,Twenty Mle Aspect 10_K16,Twenty Mle Aspect 10_P7,Twenty Mle Aspect 10_P8,Twenty Mle Aspect 10_P9,Twenty Mle Aspect 10_P87,Twenty Mle Aspect 12_P121,Twenty Mle Aspect 13_P15,Twenty Mle Aspect 3_R22,Twenty Mle Aspect 5_A14,Twenty Mle Aspect 5_P176,Twenty Mle Aspect 5_P217,Twenty Mle Aspect 5_P219,Twenty Mle Aspect 5_P224,Twenty Mle Aspect 5_P227,Twenty Mle Aspect 6_D8,Twenty Mle Aspect 6_D80,Twenty Mle Aspect 6_P49,Twenty Mle Aspect 6_P231,Twenty Mle Aspect 6_P247,Twenty Mle Aspect 6_R6,Twenty Mle Aspect 7_D14,Twenty Mle Aspect 7_D16,Twenty Mle Aspect 7_D17,Twenty Mle Aspect 7_K29,Twenty Mle Aspect 7_P34,Twenty Mle Aspect 8_P106,Twenty Mle Aspect 8_P205,Baker City Watershed_2.1
1342,,,,,,,,,,,,,,,,,,,,,,,,,,,,,,,,,,,,,,,,,,,,,,,,,,,,,,,,,,,,,,,,2,,,
1343,,,,,,,2,,,,,,,,,,,,,,,,,,,,,,,,,,,,,,,,,,,,,,,,,,,,,,,,,,,,,,,,,1,,,
1344,,,,,,,0,,,,,,,,,,,,,,,,,,,,,,,,,,,,,,,,,,,,,,,,,,,,,,,,,,,,,,,,,1,,,
1345,,,,,,,0,,,,,,,,,,,,,,,,,,,,,,,,,,,,,,,,,,,,,,,,,,,,,,,,,,,,,,,,,1,,,
1346,,,,,,,0,,,,,,,,,,,,,,,,,,,,,,,,,,,,,,,,,,,,,,,,,,,,,,,,,,,,,,,,,1,,,
1347,,,,,,,0,,,,,,,,,,,,,,,,,,,,,,,,,,,,,,,,,,,,,,,,,,,,,,,,,,,,,,,,,1,,,
1348,,,,,,,0,,,,,,,,,,,,,,,,,,,,,,,,,,,,,,,,,,,,,,,,,,,,,,,,,,,,,,,,,1,,,
1349,,,,,,,0,,,,,,,,,,,,,,,,,,,,,,,,,,,,,,,,,,,,,,,,,,,,,,,,,,,,,,,,,1,,,
1350,,,,,,,0,,,,,,,,,,,,,,,,,,,,,,,,,,,,,,,,,,,,,,,,,,,,,,,,,,,,,,,,,1,,,
1351,,,,,,,0,,,,,,,,,,,,,,,,,,,,,,,,,,,,,,,,,,,,,,,,,,,,,,,,,,,,,,,,,1,,,
1352,,,,,,,0,,,,,,,,,,,,,,,,,,,,,,,,,,,,,,,2,,2,,,,,,,,,,,,,,,,,,,,,,,,2,,,
1353,,,,,,,0,,,,,,,,,,,,,,,,,,,,,,,,,,,,,,,0,,0,,,,,,,,,,,,,,,,,,,,,,,,1,,,
1354,,,,,,,0,,,,,,,,,,,,,,,,,,,,,,,,,,,,,,,0,,0,,,,,,,,,,,,,,,,,,,,,,,,1,,,
1355,,,,,,,0,,,,,,,,,,,,,,,,,,,,,,,,,,,,,,,0,,0,,,,,,,,,,,,,,,,,,,,,,,,1,,,
1356,,,,,,,0,,,,,,,,,,,,,,,,,,,,,,,,,,,,,,,0,,0,,,,,,,,,,,,,,,,,,,,,,,,1,,,
1357,,,,,,,0,,,,,,,,,,,,,,,,,,,,,,,,,,,,,,,0,,0,,,,,,,,,,,,,,,,,,,,,,,,1,,,
1358,,,,,,,0,,,,,,,,,,,,,,,,,,,,,,,,,,,,,,,0,,0,,,,,,,,,,,,,,,,,,,,,,,,1,,,
1359,,,,,,,0,,,,,,,,,,,,,,,,,,,,,,,,,,,,,,,0,,0,,,,,,,,,,,,,,,,,,,,,,,,1,,,
1360,,,,,,,0,,,,,,,,,,,,,,,,,,,,,,,,,,,,,,,0,,0,,,,,,,,,,,,,,,,,,,,,,,,1,,,
1361,,,,,,,0,,,,,,,,,,,,,,,,,,,,,,,,,,1,,,,,0,,0,,,,,,,,,,,,,,,,,,,,,,,,1,,,
1362,,,,,,,0,,,,,,,,,,,,,,,,,,,,,,,,,,1,,,,,0,,0,,,,,,,,,,,,,,,,,,,,,,,,1,,,
1363,,,,,,,0,,,,,,,,,,,,,,,,,,,,,,,,,,1,,,,,0,,0,,,,,,,,,,,,,,,,,,,,,,,,1,,,
1364,,,,,,,0,,,,,,,,,,,,,,,,,,,,,,,,,,1,,,,,0,,0,,,,,,,,,,,,,,,,,,,,,,,,1,,,
1365,,,,,,,0,,,,,,,,,,,,,,,,,,,,,,,,,,1,,,,,0,,0,,,,,,,,,,,,,,,,,,,,,,,,1,,,
1366,,,,,,,0,,,,,,,,,,,,,,,,,,,,,,,,,,1,,,,,0,,0,,,,,,,,,,,,,,,,,,,,,,,,1,,,
1367,,,,,,,0,,,,,,,,,,,,,,,,,,,2,,,,,,,1,,,,,0,,0,,,,,,,,,,,,,,,,,,,,,,,,1,,,
1368,,,,,,,0,,,,,,,,,,,,,,,,,,,1,,,,,,,1,,,,,0,,0,,,,,,,,,,,,,,,,,,,,,,,,1,,,
1369,,,,,,,0,,,,,,,,,,,,,,,,,,,1,,,,,,,1,,,,,0,,0,,,,,,,,,,,,,,,,,,,,,,,,1,,,
1370,,,,,,,2,,,,,,,,,,,,,,,,,,,1,,,,,,,1,,,,,0,,0,,,,,,,,,,,,,,,,,,,,,,,,1,,,
1371,,,,,,,0,,,,,,,,,,,,,,,,,,,1,,,,,,,1,,,,,0,,0,,,,,,,,,,,,,,,,,,,,,,,,1,,,
1372,,,,,,,0,,,,,,,,,,,,,,,,,,,1,,,,,,,1,,,,,0,,0,,,,,,,,,,,,,,,,,,,,,,,,1,,,
1373,,,,,,,0,,,,,,,,,,,,,,,,,,,1,,,,,,,1,,,,,0,,0,,,,,,,,,,,,,,,,,,,,,,,,1,,,
1374,,,,,,,0,,,,,,,,,,,,,,,,,,,1,,,,,,,1,,,,,0,,0,,,,,,,,,,,,,,,,,,,,,,,,1,,,
1375,,,,,,,0,,,,,,,,,,,,,,,,,,,1,,,,,,,1,,,,,0,,0,,,,,,,,,,,,,,,,,,,,,,,,1,,,
1376,,,,,,,0,,,,,,,,,,,,,,,,,,,1,,,,,,,1,,,,,0,,0,,,,,,,,,,,,,,,,,,,,,,,,1,,,
1377,,,,,,,0,,,,,,,,,,,,,,,,,,,1,,,,,,,1,,,,,0,,0,,,,,,,,,,,,,,,,,,,,,,,,1,,,
1378,,,,,,,0,,,,,,,,,,,,,,,,,,,1,,,,,,,1,,,,,0,,0,,,,,,,,,,,,,,,,,,,,,,,,1,,,
1379,,,,,,,0,,,,,,,,,,,,,,,,,,,1,,,,,,,1,,,,,0,,0,,,,,,,,,,,,,,,,,,,,,,,,1,,,
1380,,,,,,,0,,,,,,,,,,,,,,,,,,,1,,,,,,,1,,,,,0,,0,,,,,,,,,,,,,,,,,,,,,,,,1,,,
1381,,,,,,,0,,,,,,,,,,,,,,,,,,,1,,,,,,,1,,,,,0,,0,,,,,,,,,,,,,,,,,,,,,,,,1,,,
1382,,,,,,,0,,,,,,,,,,,,,,,,,,,1,,,,,,,1,,,,,0,,0,,,,,,,,,,,,,,,,,,,,,,,,1,,,
1383,,,,,,,0,,,,,,,,,,,,,,,,,,,1,,,,,,,1,,,,,0,,0,,,,,,,,,,,,,,,,,,,,,,,,1,,,
1384,,,,,,,0,,,,,,,,,,,,,,,,,,,1,,,,,,,2,,,,,0,,0,,,,,,,,,,,,,,,,,,,,,,,,1,,,
1385,,,,,,,0,,,,,,,,,,,,,,,,,,,1,,,,,,,0,,,,,0,,0,,,,,,,,,,,,,,,,,,,,,,,,1,,,
1386,,,,,,,0,,,,,,,,,,,,,,,,,,,1,,,,,,,0,,,,,0,,0,,,,,,,,,,,,,,,,,,,,,,,,1,,,
1387,,,,,,,0,,,,,,,,,,,,,,,,,,,1,,,,,,,0,,,,,0,,0,,,,,,,,,,,,,,,,,,,,,,,,1,,,
1388,,,,,,,0,,,,,,,,,,,,,,,,,,,1,,,,,,,0,,,,,0,,0,,,,,,,,,,,,,,,,,,,,,,,,1,,,
1389,,,,,,,0,,,,,,,,,,,,,,,,,,,1,,,,,,,0,,,,,0,,0,,,,,,,,,,,,,,,,,,,,,,,,1,,,
1390,,,,,,,0,,,,,,,,,,,,,,,,,,,1,,,,,,,0,,,,,0,,0,,,,,,,,,,,,,,,,,,,,,,,,1,,,
1391,,,,,,,0,,,,,,,,,,,,,,,,,,,1,,,,,,,0,,,,,0,,0,,,,,,,,,,,,,,,,,,,,,,,,1,,,
1392,,,,,,,0,,,,,,,,,,,,,,,,,,,1,,,,,,,0,,,,,0,,0,,,,,,,,,,,,,,,,,,,,,,,,1,,,
1393,,,,,,,0,,,,,,,,,,,,,,,,,,,1,,,,,,,0,,,,,0,,0,,,,,,,,,,,,,,,,,,,,,,,,1,,,
1394,,,,,,,0,,,,,,,,,,,,,,,,,,,1,,,,,,,0,,,,,0,,0,,,,,,,,,,,,,,,,,,,,,,,,1,,,
1395,,,,,,,0,,,,,,,,,,,,,,,,,,,1,,,,,,,0,,,,,0,,0,,,,,,,,,,,,,,,,,,,,,,,,1,,,
1396,,,,,,,0,,,,,,,,,,,,,,,,,,,1,,,,,,,0,,,,,0,,0,,,,,,,,,,,,,,,,,2,,,,,,2,1,,,
1397,,,,,,,0,,,,,,,,,,,,,,,,,,,1,,,,,,,0,,,,,0,,0,,,,,,,,,,,,,,,,,1,,,,,,1,1,,,
1398,,,,,,,0,,,,,,,,,,2,,,,,,,,,1,,,,,,,0,,,,,0,,0,,,,,,,,,,,,,,,,,1,,,,,,1,1,,,
1399,,,,,,,0,,,,,,,,,,0,,,,,,,,,1,,,,,,,0,,,2,,0,,0,,,,,,,,,,,,,,,,,1,,,,,,1,1,,,
1400,,,,,,,0,,,,,,,,,,0,,,,,,,,,1,,,,,,,0,,,0,,0,,0,,,,,,,,,,,,,,,,,1,,,,,,1,1,,,
1401,,,,,,,0,,,,,,,,,,0,,,,,,,,,1,,,,,,,0,,,0,,0,,0,,,,,,,,,,,,,,,,,1,,,,,,1,1,,,
1402,,,,,,,0,,,,,,,,,,0,,,,,,,,,1,,,,,,,0,,,0,,0,,0,,,,,,,,,,,,,,,,,1,,,,,,1,1,,,
1403,,,,,,,0,,,,,,,,,,0,,,,,,,,,1,,,,,,,0,,,0,,0,,0,,,,,,,,,,,,,,,,,1,,,,,,1,1,,,
1404,,,,,,,0,,,,,,,,,,0,,,,,,,,,1,,,,,,,0,,,0,,0,,0,,,,,,,,,,,,,,,,,1,,,,,,1,1,,,
1405,,,,,,,0,,,,,,,,,,0,,,,,,,,,1,,,,,,,2,,,0,,0,,0,,,,,,,,,,,,,,,,,1,,,,,,1,1,,,
1406,,,,,,,0,,,,,,,,,,0,,,,,,,,,1,,,,,,,0,,,0,,0,,0,,,,,,,,,,,,,,,,,1,,,,,,1,1,,,
1407,,,,,,,0,,,,,,,,,,0,,,,,,,,,1,,,,,,,0,,,0,,0,,0,,,,,,,,,,,,,,,,,1,,,,,,1,1,,,
1408,,,,,,,0,,,,,,,,,,0,,,,,,,,,1,,,,,,,0,,,0,,0,,0,,,,,,,,,,,,,,,,,1,,,,,,1,1,,,
1409,,,,,,,0,,,,,,,,,,0,,,,,,,,,1,,,,,,,0,,,0,,0,,0,,,,,,,,,,,,,,,,,1,,,,,,1,1,,,
1410,,,,,,,0,,,,,,,,,,0,,,,,,,,,1,,,,,,,0,,,0,,0,,0,,,,,,,,,,,,,,,,,1,,,,,,1,1,,,
1411,,,,,,,0,,,,,,,,,,0,,,,,,,,,1,,,,,,,0,,,0,,0,,0,,,,,,,,,,,,,,,,,1,,,,,,1,2,,,
1412,,,,,,,0,,,,,,,,,,0,,,,,,,,,1,,,,,,,0,,,0,,0,,0,,,,,,,,,,,,,,,,,1,,,,,,1,1,,,
1413,,,,,,,0,,,,,,,,,,0,,,,,,,,,1,,,,,,,0,,,0,,0,,0,,,,,,,,,,,,,,,,,1,,,,,,1,1,,,
1414,,,,,,,0,,,,,,,,,,2,,,,,,,,,1,,,,,,,0,,,0,,0,,0,,,,,,,,,,,,,,,,,1,,,,,,1,1,,,
1415,,,,,,,0,,,,,,,,,,0,,,,,,,,,1,,,,,,,0,,,0,,0,,0,,,,,,,,,,,,,,,,,1,,,,,,1,1,,,
1416,,,,,,,0,,,,,,,,,,0,,,,,,,,,1,,,,,,,0,,,0,,0,,0,,,,,,,,,,,,,,,,,1,,,,,,1,1,,,
1417,,,,,,,0,,,,,,,,,,0,,,,,,,,,1,,,,,,,2,,,0,,0,,0,,,,,,,,,,,,,,,,,1,,,,,,1,1,,,
1418,,,,,,,0,,,,,,,,,,0,,,,,,,,,1,,,,,,,0,,,0,,0,,0,,,,,,,,,,,,,,,,,1,,,,,,1,1,,,
1419,,,,,,,0,,,,,,,,,,0,,,,,,,,,1,,,,,,,0,,,0,,0,,0,,,,,,,,,,,,,,,,,1,,,,,,1,1,,,
1420,,,,,,,0,,,,,,,,,,0,,,,,,,,,1,,,,,,,0,,,0,,0,,0,,,,,,,,,,,,,,,,,1,,,,,,1,1,,,
1421,,,,,,,0,,,,,,,,,,0,,,,,,,,,1,,,,,,,0,,,0,,0,,0,,,,,,,,,,,,,,,,,1,,,,,,1,1,,,
1422,,,,,,,0,,,,,,,,,,0,,,,,,,,,1,,,,,,,0,,,0,,0,,0,,,,,,,,,,,,,,,,,1,,,,,,1,1,,,
1423,,,,,,,0,,,,,,,,,,0,,,,,,,,,1,,,,,,,0,,,0,,0,,0,,,,,,,,,,,,,,,,,1,,,,,,1,1,,,
1424,,,,,,,0,,,,,,,,,,0,,,,,,,,,1,,,2,,,,0,,,0,,0,,0,,,,,,,,,,,,,,,,,1,,,,,,1,1,,,
1425,,,,,,,0,,,,,,,,,,0,,,,,,,,,1,,,1,,,,0,,,0,,0,,0,,,,,,,,2,2,,,,,,,,1,,,,,,1,1,,,
1426,,,,,,,0,,,,,,,2,,,0,,,,,,,,,1,,,1,,,,0,,,0,,0,,0,,,,,,,,1,0,,,,,,,,1,,,,,,1,1,,,
1427,,,,,,,2,,,,,,,1,,,0,,,,,,,,,1,,,1,,,,0,,,0,,0,,0,,,,,,,,1,0,,,,,,,,1,,,,,,1,1,,,
1428,,,,,,,0,,,,,,,1,,,0,,,,,,,,,1,,,1,,,,0,,,0,,0,,0,,,,,,,,1,0,,,,,,,,1,,,,,,1,1,,,2
1429,,,,,,,0,,,,,,,1,,,0,,,,,,,,,1,,,1,,,,0,,,0,,0,,0,,,,,,,,1,0,,,,,,,,1,,,,,,1,1,,,1
1430,,,,,,,0,,,,,,,1,,,0,,,,,,,,,1,,,1,,,,0,,,0,,0,,0,,,,,,,,1,0,,,,,,,,1,,,,,,1,1,,,1
1431,,,,,,,0,,,,,,,1,,,0,,,,,,,,,1,,,1,,,,0,,,0,,0,,0,,,,,,,,1,0,,,,,,,,1,,,,,,1,1,,,1
1432,,,,,,,0,,,,2,,,1,,,0,,,,2,,,,,1,,,2,,,,0,,,0,,0,,0,,,,,,,,1,0,,2,,,,,,1,,,2,,,2,1,,,1
1433,,,,,,,0,,,,0,,,1,,2,0,,,,1,,,,,1,,,1,,,,0,,,0,,0,,0,,,,,,,,1,0,,1,,,,,,1,,,1,,,1,1,,,1
1434,,,,,,,0,,,,0,,,1,,1,0,,,,1,,,,,1,,,1,,,,0,,,0,,0,,0,,,,,,,,1,0,,1,,,,,,1,,,1,,,1,1,,,1
1435,,,,,,,0,,,,0,,,1,,1,0,,,,1,,,,,1,,,1,,,,0,,,0,,0,,0,,,,,,,,1,0,,1,,,,,,1,,,1,,,1,1,,,1
1436,,,,,,,0,,,,0,,,1,,1,0,,,,1,,,,,1,,,1,,,,0,,,0,,0,,0,,,,,,,,1,0,,1,,,,,,1,,,1,,,1,1,,,1
1437,,,,,,,0,,,,0,,,1,,1,0,,,,1,,,,,1,,,1,,,,0,,,0,,0,,0,,,,,,,,1,0,,1,,,,,,1,,,1,,,1,1,,,1
1438,,,,,,,0,,,,0,,,1,,1,0,,,,1,,,,,1,,,1,,,,0,,,0,,0,,0,,,,,,,,1,0,,1,,,,,,1,,,1,,,1,1,,,1
1439,,,,,,,0,,,,0,,,1,,1,0,,,,1,,,,,1,,,1,,,,0,,,0,,0,,0,,,,,,,,1,0,,1,,,,,,1,,,1,,,1,1,,,1
1440,,,,,,,0,,,,0,,,1,,1,0,,,,1,,,,,1,,,1,,,,0,,,0,,0,,0,,,,,,,,1,0,,1,,,,,,1,,,1,,,1,1,,,1
1441,,,,,,,0,,,,0,,,1,,1,0,,,,1,,,,,1,,,2,,,,0,,,0,,2,,0,,2,,,,,,1,0,,1,,,,,,1,,,1,,,1,2,2,,1
1442,,,,,,,0,,,,0,,,1,,1,0,,,,1,,,,,1,,,1,,,,0,,,0,,1,,0,,1,,,,,,1,0,,1,,,,,,1,,,1,,,1,1,0,,1
1443,,,,,,,0,,,,0,,,1,,1,0,,,,1,,,,,1,,,1,,,,2,,,0,,1,,0,,1,,,,,,1,0,,1,,,,,,1,,,1,,,1,1,0,,1
1444,,,,,,,0,,,,0,,,1,,1,0,,,,1,,,,,1,,,1,,,,1,,,0,,1,,0,,1,,,,,,1,0,,1,,,,,,1,,,1,,,1,1,0,,1
1445,,,,,,,0,,,,0,,,1,,1,0,,,,1,,,,,1,,,1,,,,1,,,0,,1,,0,,1,,,,,,1,0,,1,,,,,,1,,,1,,,1,1,0,,1
1446,,,,,,,0,,,,0,,,1,,1,0,,,,2,,,,,1,,,1,,,,1,,,0,,1,,0,,1,,,,,,1,0,,1,,,,,,1,,,1,,,1,1,0,,1
1447,,,,,,,0,,,,0,,,1,,1,0,,,,1,,,,,1,,,1,,,,1,,,0,,1,,0,,1,,,,,,1,0,,1,,,,,,1,,,1,,,1,1,0,,1
1448,,,,,,,0,,,,0,,,1,,1,0,,,,1,,,,,1,,,1,,,,1,,,0,,1,,0,,1,,,,,,1,0,,1,,,,,,1,,,1,,,1,1,0,,1
1449,,,,,,,0,,,,0,,,1,,1,0,,,,1,,,,,1,,,1,,,,1,,,0,,1,,0,,1,,,,,,1,0,,1,,,,,,1,,,1,,,1,1,0,,1
1450,,,,,,,2,,,,0,,,1,,1,2,,,,1,,,,,1,,,1,,,,1,,,0,,1,,0,,1,,,,,,1,0,,1,,,,,,1,,,1,,,1,1,0,,1
1451,,,,,,,0,,,,0,,,1,,1,0,,,,1,,,,,1,,,1,,,,1,,,0,,1,2,0,,1,,,,,,1,0,,1,,,,,,1,,,1,,,1,1,0,,1
1452,,,,,,,0,,,,0,,,1,,1,0,,,,1,,,,,1,,,1,,,,1,,,0,,1,0,0,,2,,,,,,1,0,,1,,,,,,2,2,,1,,,1,1,0,,1
1453,,,,,,,0,,,,0,,,1,,1,0,,,,1,,,,,1,,,1,,,1,1,,,0,,1,0,0,,1,,,,,,1,0,,1,,,,,,1,1,,1,,,1,1,0,,1
1454,,,,,,,0,,,,0,,,1,,1,0,,,,1,,,,,1,,,1,,,1,1,,,0,,1,0,0,,1,,,,,,1,0,,1,,,,,,1,1,,1,,,1,1,0,,1
1455,,,,,,,0,,,,0,,,1,,1,0,,,,1,,,,,1,,,1,,,1,1,,,0,,1,0,0,,1,,,,,,1,0,,1,,,,,,1,1,,1,,,1,1,0,,1
1456,,,,,,,0,,,,0,,,1,,1,0,,,,1,,,,,1,,,1,,,1,1,,,0,,1,0,0,,1,,,,,,1,0,,1,,,,,,1,1,,1,,,1,1,0,,1
1457,,,,,,,0,,,,0,,,1,,1,0,,,,1,,,,,1,,,1,,,1,1,,,0,,1,0,0,,1,,,,,,1,0,,1,,,,,,1,1,,1,,,1,1,0,,1
1458,,,,,,,2,,,,0,,,1,,1,0,,,,1,,,,,1,,,1,,,1,1,,,0,,1,0,0,,1,,,,,,1,0,,1,,,,,,1,1,,1,,,1,1,0,,1
1459,,,,,,,0,,,,0,,,1,,1,0,,,,1,,,,,1,,,1,,,1,1,,,0,,1,0,0,,1,,,,,,1,0,,2,,,,,,1,1,,1,,,1,1,0,,1
1460,,,,,,,0,,,,0,,,1,,1,0,,,,1,,,,,1,,,2,,,1,1,,,0,,1,0,0,,1,,,,,,1,0,,1,,,,,,1,1,,1,,,1,1,0,,1
1461,,,,,,,0,,,,0,,2,1,,1,0,,,,1,,,,,1,,,1,,,1,1,,,0,,1,0,0,,1,,,,,,1,0,,1,,,,,,1,1,,1,,,1,1,0,,1
1462,,,,,,,0,,,,0,,1,1,,1,0,,,,1,,,,,1,,,1,,,1,1,,,0,,1,0,0,,1,,,,,,1,0,,1,,,,,,1,1,,1,,,1,1,0,,1
1463,,,,,,,0,,,,0,,1,1,,1,0,,,,1,,,,,1,,,1,,,1,1,,,0,,1,0,0,,1,,,,,,1,0,,1,,,,,,1,1,,1,,,1,1,0,,1
1464,,,,,,,0,,,,0,,1,1,,1,0,,,,1,,,,,1,,,1,2,,1,1,,,0,,1,0,0,,1,,,,,,1,0,,1,,,,,,1,1,,1,,,1,1,0,,1
1465,,,,,,,0,,,,0,,1,1,,1,0,,,,1,,,,,1,,,1,1,,1,1,,,0,,1,0,0,,1,,,,,,1,0,,1,,,,,,1,1,,1,,,1,1,0,,1
1466,,,,,,,0,,,,0,,1,1,,1,0,,,,1,,,,,1,,,1,1,,1,1,,,0,,1,0,0,,1,,,,,,1,0,,1,,,,,,1,1,,1,,,1,1,0,,1
1467,,,2,,,,0,,,,0,,1,1,,1,0,,,,1,,,,,1,,,1,1,,1,1,,,0,,1,0,0,,1,,,,,,1,0,,1,,,,,,1,1,,1,,,1,1,0,,1
1468,,,0,,,,0,,,,0,,1,1,,1,0,,,,1,,,,,1,,,1,1,,1,1,,,0,,1,0,0,,1,,,,,,1,0,,1,,,,,,1,1,,1,,,1,1,0,,1
1469,,,0,,,,0,,,,0,,1,1,,1,0,,,,1,,,,,1,,,1,1,,1,1,,,0,,1,0,0,,1,,,,,,1,0,,1,,,,,,1,1,,1,,,1,1,0,,1
1470,,,0,,,,0,,,,0,,1,1,,1,0,,,,1,,,,,1,,,1,1,,1,1,,,0,,1,0,0,,1,,,,,,1,0,,1,,,,,,1,1,,1,,,1,1,0,,1
1471,,,0,,,,0,,,,0,,1,1,,1,0,,,,1,,,,,1,,,1,1,,1,1,,,0,,1,0,0,,1,,,,,,1,0,,1,,,,,,1,1,,1,,,1,1,0,,1
1472,,,0,,,,0,,2,,2,,1,1,,1,0,,,,1,,,,,1,,,1,1,,1,1,,,0,,1,0,0,,1,,,,,,1,0,,1,,,,,,1,1,,1,,,1,1,0,,1
1473,,,0,,,,0,,0,,0,,1,1,,1,0,,,,1,,,,,1,,,1,1,,1,1,,,0,,1,0,0,,1,,,,,,1,0,,1,,,,,,1,1,,1,,,1,1,0,,2
1474,,,0,,,,0,,0,,0,,1,1,,1,0,,,,1,,,,,1,,,1,1,,1,1,,,0,2,1,2,2,2,2,2,2,2,,,1,0,2,2,,,2,,2,2,1,,1,2,2,1,1,0,,1
1475,,,0,,,,0,,0,2,0,,1,2,,2,2,2,,,1,2,2,2,2,1,,,2,1,,1,2,,,0,0,1,1,0,1,1,1,1,0,,,1,0,0,1,,,0,,0,1,1,,1,1,1,1,1,0,,1
1476,,,0,,,,0,,0,0,0,,1,1,,0,0,0,,,1,1,1,1,1,1,,,1,1,,1,1,,,0,0,1,1,0,1,1,1,1,0,,,1,0,0,1,,,0,,0,1,1,,1,1,1,1,1,0,,1
1477,,,0,,,,0,,0,0,0,,1,1,2,0,0,0,,,1,1,1,1,1,1,,,1,1,,1,1,,,0,0,1,1,0,1,1,1,1,0,,,1,0,0,1,,,0,,0,1,1,,1,1,1,1,1,0,,1
1478,2,2,0,,,,0,,0,0,0,,1,1,0,0,0,0,,,1,1,1,1,1,1,,,1,1,,1,1,,,0,0,1,1,0,1,1,1,1,0,,,1,0,0,1,,,0,,0,1,1,,1,1,1,1,1,0,,1
1479,0,0,0,,,,0,,0,0,0,,1,1,0,0,0,0,,,1,1,1,1,1,1,,,1,1,,1,1,,,0,0,1,1,0,1,1,1,1,0,,,2,0,0,2,2,2,0,,0,1,1,,1,1,1,1,1,0,2,1
1480,0,0,0,,,,0,,0,0,0,,1,1,0,0,0,0,,,1,1,1,1,1,1,,,1,1,,1,1,,,0,0,1,1,0,1,1,1,1,0,,,1,0,0,1,0,0,0,,0,1,1,,1,1,1,1,1,0,1,1
1481,0,0,0,,,,0,,0,2,0,,1,1,0,0,0,0,,,1,1,1,1,1,1,,,1,1,,1,1,,,0,0,1,1,0,1,1,1,1,0,,,1,0,0,1,0,0,0,,0,1,1,,1,1,1,1,1,0,1,1
1482,0,0,0,,,,0,,0,0,0,,1,1,0,0,0,0,,,1,1,1,1,1,1,,,1,1,,1,1,,,0,0,1,1,0,1,1,1,1,0,,,1,0,0,1,0,0,0,,0,1,1,,1,1,1,1,1,0,1,1
1483,0,0,0,,,,0,,0,0,0,,1,1,0,0,0,0,,2,1,1,1,1,1,1,,,1,1,,1,1,,,0,0,1,1,0,1,1,1,1,0,,,1,0,0,1,0,0,0,,0,1,1,,1,1,1,1,1,0,1,1
1484,0,0,2,2,,2,0,,0,0,0,,1,1,0,0,0,0,,1,1,1,1,1,1,1,,,1,1,,1,2,,,0,0,1,1,0,1,1,1,1,0,,,1,0,0,1,0,0,0,,0,1,1,,1,1,1,1,1,0,1,1
1485,0,0,0,0,,1,0,,0,0,0,,2,1,0,0,0,0,,1,1,1,1,1,1,1,,,1,1,,1,1,2,,0,0,1,1,0,1,1,1,1,0,,,1,0,0,1,0,0,0,,0,1,1,,1,1,1,1,1,0,1,1
1486,0,0,0,0,,1,0,,0,0,0,,1,1,0,0,0,0,,1,1,1,1,1,1,1,,,1,1,,1,1,0,,0,0,1,1,0,1,1,1,1,0,,,1,0,0,1,0,0,0,,0,1,1,,1,1,1,1,1,0,1,0
1487,0,0,0,0,,1,0,,0,0,0,,1,1,0,0,0,0,,1,1,1,1,1,1,1,,,1,1,,1,1,0,,0,0,1,1,0,1,1,1,1,0,,,1,0,0,1,0,0,0,,0,1,1,,1,1,1,1,1,0,1,0
1488,0,0,0,0,,1,0,,0,0,0,2,1,1,0,0,0,0,,1,1,1,1,1,1,1,,,1,1,,1,1,0,,0,0,1,1,0,1,1,1,1,0,,2,1,0,0,1,0,0,0,,0,1,1,,1,1,1,1,1,0,1,0
1489,0,0,0,0,2,1,0,,0,0,0,0,1,1,0,0,0,0,,1,2,1,1,1,1,1,,,1,1,,1,1,0,,0,0,1,1,0,1,1,1,1,0,,1,1,0,0,1,0,0,0,,0,1,1,,1,1,1,1,1,0,1,0
1490,0,0,0,0,1,1,0,,0,0,0,0,1,1,0,0,0,0,,1,1,1,1,1,1,1,,,1,1,,1,1,0,,0,0,1,1,0,1,1,1,1,0,,1,1,0,0,1,0,0,0,,0,1,1,,1,1,1,1,1,0,1,0
1491,0,0,0,0,1,1,0,,2,2,0,0,1,1,0,0,0,0,,1,1,1,1,1,1,1,,,1,2,,1,1,0,,0,0,1,1,0,1,1,1,1,0,,1,1,0,0,1,0,0,0,,0,1,1,,1,1,1,1,1,0,1,0
1492,0,0,0,0,1,1,0,,0,0,0,0,1,1,0,0,0,0,,1,1,1,1,1,1,1,,,1,1,,2,1,0,,0,0,1,1,0,1,1,1,1,0,,1,1,0,0,1,0,0,0,,0,1,1,,1,1,1,1,1,0,1,0
1493,0,0,0,0,1,1,2,,0,0,0,0,1,1,0,0,0,0,,1,1,1,1,1,1,1,,,1,1,,1,2,0,,0,0,1,1,0,1,1,1,1,0,,1,1,0,0,1,0,0,0,,0,1,1,,1,1,1,1,1,0,1,0
1494,0,0,0,0,1,1,1,,0,0,0,0,1,1,0,0,0,0,,1,1,1,1,1,1,1,,,1,1,2,1,1,0,,0,0,1,1,0,1,1,1,1,0,,1,1,0,0,1,0,0,0,,0,1,1,,1,1,1,1,1,0,1,0
1495,0,2,0,0,1,1,1,,0,0,0,0,0,1,0,0,0,0,2,1,1,1,1,1,1,1,2,,1,1,1,1,1,0,,0,0,1,1,0,1,1,1,1,0,,1,1,0,0,1,0,0,0,,0,1,1,,1,1,1,1,1,0,1,0
1496,0,0,0,0,1,1,1,,0,0,0,0,0,1,0,0,0,0,0,1,1,1,1,1,1,1,1,,1,1,1,1,1,0,2,0,0,1,1,0,1,1,1,1,0,,1,1,0,0,1,0,0,0,,0,1,1,,1,1,1,1,1,0,1,0
1497,0,0,0,0,1,1,1,,0,0,0,0,0,1,0,0,0,0,0,1,1,1,1,1,1,1,1,,1,1,1,1,1,0,0,0,0,1,1,0,1,1,1,1,0,2,1,1,0,0,1,0,0,0,,0,1,1,,1,1,1,1,1,0,1,0
1498,0,0,0,0,1,1,1,,0,0,0,0,0,1,0,0,0,0,0,1,2,2,2,1,2,1,1,2,1,1,1,1,1,0,0,2,0,1,1,0,1,1,1,1,0,0,1,1,0,0,1,0,0,0,,0,1,1,,1,1,1,1,1,0,1,0
1499,0,0,0,0,1,1,2,,0,0,0,0,0,1,0,0,2,0,0,1,1,1,1,1,1,1,1,1,1,1,1,1,1,0,0,0,0,1,1,0,1,1,1,1,0,0,1,1,0,0,1,0,0,2,2,2,1,1,2,1,1,1,1,2,0,1,0
1500,0,0,0,2,1,1,1,2,0,2,0,0,0,1,0,0,0,0,0,1,1,1,1,1,1,1,1,1,1,1,1,1,1,0,0,0,0,1,1,0,1,1,1,1,0,0,1,1,0,0,1,0,0,0,1,0,1,1,1,1,1,1,1,1,0,1,0
1501,0,0,0,0,1,1,1,0,0,0,0,0,0,1,0,0,0,0,0,1,1,1,1,1,1,1,1,1,1,1,1,1,1,0,0,0,0,1,1,0,1,1,1,1,0,0,1,1,0,0,1,0,0,0,1,0,1,1,1,1,1,1,1,1,0,1,0
1502,0,0,0,0,1,1,1,0,0,0,0,0,0,1,0,0,0,0,0,1,1,1,1,1,1,1,1,1,1,1,1,1,1,0,0,0,2,2,1,0,1,1,2,1,0,0,1,1,0,0,1,0,0,0,1,0,1,1,1,1,1,1,1,1,0,1,0
1503,0,0,0,0,1,1,1,0,0,0,0,0,0,1,0,0,0,0,0,1,1,1,1,1,1,1,1,1,1,1,1,1,1,0,2,0,1,1,1,0,1,1,1,1,0,0,1,1,0,0,1,0,0,0,1,0,1,1,1,1,1,1,1,1,0,1,0
1504,0,0,0,0,1,1,1,0,0,0,0,0,0,1,0,0,0,0,0,1,1,1,1,1,1,1,1,1,1,1,1,1,1,0,0,0,1,1,1,0,1,1,1,1,0,0,1,1,0,0,1,0,0,0,1,0,1,1,1,1,1,1,1,1,0,1,0
1505,0,0,0,0,1,1,1,0,0,0,0,0,0,1,0,0,0,0,0,1,1,1,1,1,1,1,1,1,1,2,1,1,2,0,0,0,1,1,1,0,1,1,1,1,0,0,1,1,0,0,1,0,0,0,1,0,1,1,1,1,1,1,1,1,0,1,0
1506,0,0,0,0,2,1,1,0,0,0,0,0,0,1,0,0,0,0,0,1,1,1,1,1,1,1,1,1,1,1,1,1,1,0,0,0,1,1,1,0,1,1,1,1,0,0,1,1,0,0,2,2,0,0,1,0,1,1,1,2,1,1,1,1,0,1,0
1507,0,0,0,0,1,1,1,0,0,0,0,0,0,1,0,0,0,0,0,1,1,1,1,1,1,1,1,1,1,1,1,1,1,0,0,0,1,1,1,0,1,1,1,1,0,0,1,1,0,0,1,0,0,0,1,0,1,1,1,1,1,1,1,1,0,1,0
1508,0,0,0,0,1,1,1,0,0,0,0,0,0,1,0,0,0,0,0,1,1,1,1,1,1,1,1,1,1,1,1,1,1,0,0,0,1,1,1,0,1,1,1,1,0,0,1,1,0,0,1,0,0,0,1,0,1,1,1,1,1,1,1,1,0,1,0
1509,0,0,0,0,1,1,1,0,2,0,0,0,0,1,0,0,0,0,0,1,1,1,1,1,1,1,1,1,1,1,1,1,1,0,0,0,1,1,1,0,1,1,1,1,0,0,1,1,0,0,1,0,0,0,1,0,1,1,1,1,1,1,1,1,0,1,0
1510,0,0,0,0,1,1,1,0,0,0,0,0,0,1,0,0,0,0,0,1,1,2,1,1,2,1,1,1,1,1,1,1,1,0,0,0,1,1,1,0,1,1,1,1,0,0,1,1,0,0,1,0,0,0,1,0,1,1,1,1,1,1,1,1,0,1,0
1511,0,0,0,0,1,1,1,0,0,0,0,0,0,1,0,0,0,0,0,1,1,1,1,1,1,1,1,1,1,1,1,1,1,0,0,0,1,1,1,0,1,1,1,1,0,0,1,1,0,0,1,0,0,0,1,0,1,1,1,1,1,1,1,1,0,1,0
1512,0,0,2,0,1,2,1,0,0,0,2,0,0,2,0,0,0,0,0,1,1,1,1,1,1,1,1,1,1,1,1,1,1,0,0,0,1,1,1,0,1,1,1,1,0,0,1,1,0,0,1,0,0,0,1,0,1,1,1,1,1,1,1,1,0,1,0
1513,0,0,0,0,1,1,1,0,0,0,0,0,0,1,0,0,0,0,0,1,1,1,1,1,1,1,1,1,1,1,1,1,1,0,0,0,1,1,1,0,1,1,1,1,0,0,1,1,0,0,1,0,0,0,1,0,1,1,1,1,1,1,1,1,0,1,0
1514,0,0,0,0,1,1,1,0,0,0,0,0,0,1,0,0,0,0,0,1,1,1,1,1,1,1,1,1,1,1,1,1,1,0,0,0,1,1,1,0,1,1,1,1,0,0,1,1,0,0,1,0,0,0,1,0,1,1,1,1,1,1,1,1,0,1,0
1515,0,0,0,0,1,1,1,0,0,0,0,0,0,1,0,0,0,0,0,1,1,1,1,1,1,1,1,2,1,1,1,1,2,0,0,0,1,1,1,0,1,1,1,1,0,0,1,1,0,0,1,0,0,0,1,0,1,1,1,1,1,1,1,1,0,1,0
1516,0,0,0,0,1,1,1,0,0,0,0,0,0,1,0,0,0,0,0,1,1,1,1,1,1,1,1,1,1,1,1,1,1,0,0,0,1,1,1,0,1,1,1,1,0,0,1,1,0,0,1,0,0,0,1,0,1,1,1,1,1,1,1,1,0,1,0
1517,0,0,0,0,2,1,1,0,0,0,0,0,0,1,0,0,0,0,0,1,1,1,1,1,1,1,1,1,1,1,1,1,1,0,0,0,1,1,1,0,1,1,1,1,0,0,1,1,0,0,1,0,0,0,1,0,1,1,1,1,1,1,1,1,0,1,0
1518,0,0,0,0,0,1,1,0,0,0,0,0,0,1,0,0,0,0,0,1,1,1,1,1,2,1,1,1,2,1,1,1,1,0,0,0,1,1,2,0,1,2,1,1,2,0,2,1,0,0,2,2,0,0,2,0,1,2,2,1,2,2,2,1,2,2,0
1519,0,0,0,0,0,1,1,0,0,0,0,0,0,1,0,0,0,0,0,1,1,1,1,1,1,1,1,1,1,1,1,2,1,0,0,0,1,1,1,0,1,1,1,1,0,0,1,1,0,0,1,0,0,0,1,0,1,1,1,1,1,1,1,1,0,1,0
1520,0,0,0,0,0,1,2,0,0,0,0,0,0,1,0,0,2,2,0,1,1,1,1,1,1,1,2,1,1,1,1,1,1,0,0,0,1,1,1,0,1,1,1,1,0,0,1,1,0,0,1,0,0,0,1,0,1,1,1,1,1,1,1,1,0,1,2
1521,0,0,0,0,0,1,1,0,0,0,0,0,0,1,0,0,0,0,0,1,1,1,1,1,1,1,1,1,1,1,1,1,1,0,0,0,1,1,1,0,1,1,1,1,0,0,1,1,0,0,1,0,0,0,1,0,1,1,1,1,1,1,1,1,0,1,0
1522,0,0,0,0,0,1,1,0,0,0,0,0,0,1,0,0,0,0,0,1,1,1,1,1,1,1,1,1,1,1,1,1,2,0,0,0,1,1,1,0,1,1,1,1,0,0,1,1,0,0,1,0,0,0,1,0,1,1,1,1,1,1,1,1,0,1,0
1523,0,0,0,0,0,1,1,0,0,0,0,0,2,1,0,0,0,0,0,1,1,1,1,1,1,1,1,1,1,1,1,1,0,0,0,0,1,1,1,0,1,1,1,1,0,0,1,1,0,0,1,0,0,0,1,0,1,1,1,1,1,1,1,1,0,1,0
1524,0,0,0,0,0,1,1,0,0,0,0,0,0,1,0,0,0,0,0,1,1,1,1,1,1,1,1,1,1,1,1,1,0,0,0,0,1,1,1,0,1,1,1,1,0,0,1,1,0,0,1,0,0,0,1,0,1,1,1,1,1,1,1,1,0,1,0
1525,0,0,0,0,0,1,1,0,0,2,0,0,0,1,0,0,0,0,0,1,1,1,1,1,1,1,1,1,1,1,1,1,0,0,0,0,1,1,1,0,1,1,1,1,0,0,1,1,0,0,1,0,0,0,1,0,1,1,1,1,1,1,1,1,0,1,0
1526,0,0,0,0,0,1,1,0,0,0,0,0,0,1,0,0,0,0,2,1,1,1,1,1,1,1,1,1,1,1,1,1,0,0,0,0,1,1,1,0,1,1,1,1,0,0,1,1,0,0,1,0,0,0,1,0,1,1,1,1,1,1,1,1,0,1,0
1527,0,0,0,0,0,1,1,0,0,0,0,0,0,1,0,0,0,0,0,1,1,1,1,1,1,1,1,1,1,1,1,1,0,0,0,0,1,1,1,0,1,1,1,1,0,0,1,1,0,0,1,0,0,0,1,0,1,1,1,1,1,1,1,1,0,1,0
1528,0,0,0,0,0,1,1,0,0,0,0,0,0,1,0,0,0,0,0,1,1,1,1,1,1,1,1,1,1,1,1,1,0,0,0,0,1,1,1,0,1,1,1,1,0,0,1,1,0,0,1,0,0,0,1,0,1,1,1,1,1,1,1,1,0,1,0
1529,0,0,0,0,0,1,1,0,0,0,0,0,0,1,0,0,0,0,0,1,2,2,1,1,2,1,1,1,1,1,1,1,0,0,0,0,1,1,1,0,1,1,1,1,0,0,1,1,0,0,1,0,0,0,1,0,1,1,1,1,1,1,1,1,0,1,2
1530,0,0,0,0,0,1,1,0,0,0,0,0,0,1,0,0,0,0,0,1,1,1,1,1,1,1,1,1,1,1,1,1,0,0,0,0,1,1,1,0,1,1,1,1,0,0,1,1,0,0,1,0,0,0,1,0,1,1,1,1,1,1,1,1,0,1,1
1531,0,2,0,0,0,2,1,0,0,0,0,0,0,1,0,0,0,0,0,1,2,1,1,1,1,1,1,1,1,1,1,1,0,0,0,0,1,1,1,0,1,1,1,1,0,0,1,1,0,0,1,0,0,0,1,0,1,1,1,1,1,1,1,1,0,1,1
1532,0,0,0,0,0,1,1,0,0,0,0,0,0,1,0,0,0,0,0,1,1,1,1,1,1,1,1,1,1,1,1,1,0,0,0,0,1,1,1,0,1,1,1,1,0,0,1,1,0,0,1,0,0,0,1,0,1,1,1,1,1,1,1,1,0,1,1
1533,0,0,0,0,0,1,1,0,0,0,0,0,0,1,0,0,0,0,0,1,1,1,1,1,1,1,1,1,1,1,1,1,0,0,0,0,1,1,1,0,1,1,1,1,0,0,1,1,0,0,1,0,0,0,1,0,1,1,1,1,1,1,1,1,0,1,1
1534,0,0,0,0,0,1,1,2,0,0,0,0,0,1,0,0,0,0,0,1,1,1,1,1,1,1,1,1,1,1,1,1,0,0,0,0,1,1,1,0,1,1,1,1,0,0,1,1,0,0,1,0,0,0,1,0,1,1,1,1,1,1,1,1,0,1,1
1535,0,0,0,0,0,1,1,0,0,0,0,0,0,1,0,0,0,0,0,1,1,1,1,1,1,1,1,1,1,1,1,1,0,0,0,0,1,1,1,0,1,1,1,1,0,0,1,1,0,0,1,0,0,0,1,0,1,1,1,1,1,1,1,1,0,1,1
1536,0,0,0,0,0,1,1,0,0,0,0,0,0,1,0,0,0,0,0,1,2,1,1,1,1,1,1,2,1,1,1,1,0,0,0,0,1,1,1,0,1,1,1,1,0,0,1,1,0,0,1,0,0,0,1,0,1,1,1,1,1,1,1,1,0,1,1
1537,0,0,0,0,0,1,1,0,0,0,0,0,0,1,0,0,0,0,0,1,1,1,1,1,2,1,1,1,1,1,1,1,0,0,0,0,1,1,1,0,1,1,1,1,0,0,1,1,0,0,1,0,0,0,1,0,1,1,1,1,1,1,1,1,0,1,1
1538,0,0,0,0,0,1,1,0,0,0,0,0,0,1,0,0,0,0,0,1,1,1,1,1,1,1,1,1,1,1,1,1,0,0,0,0,1,1,1,0,1,1,1,1,0,0,1,1,0,0,1,0,0,0,1,0,1,1,1,1,1,1,1,1,0,2,1
1539,0,0,0,0,0,1,1,0,0,0,0,0,0,1,0,0,0,0,0,1,1,1,1,1,1,1,1,1,1,1,1,1,0,0,0,0,1,1,1,0,1,1,1,1,0,0,1,1,0,0,1,0,0,0,1,0,1,1,1,1,1,1,1,1,0,1,1
1540,0,0,0,0,0,2,2,0,0,0,2,0,2,2,0,0,0,2,0,1,1,1,1,1,1,1,1,1,1,1,1,1,0,0,0,0,1,1,1,0,1,1,1,1,0,0,1,1,0,0,1,0,0,0,1,0,1,1,1,1,1,1,1,1,0,1,2
1541,0,0,0,0,0,1,1,0,0,0,0,0,0,1,0,0,0,0,0,1,1,1,1,1,1,1,1,1,1,1,1,1,0,0,0,0,1,1,1,0,1,1,1,1,0,0,1,1,0,0,1,0,0,0,1,0,1,1,1,1,1,1,1,1,0,1,1
1542,0,0,0,0,0,1,1,0,0,0,0,0,0,1,0,0,0,0,0,1,1,1,1,1,1,1,1,1,1,1,1,1,0,2,0,0,1,1,1,0,1,1,1,1,0,0,1,1,0,0,1,0,0,0,1,0,1,1,1,1,1,1,1,1,0,1,1
1543,0,0,0,0,0,1,1,0,0,0,0,0,0,1,0,0,0,0,0,1,1,1,1,1,1,1,1,1,1,1,1,1,0,0,0,0,1,1,1,0,1,1,1,1,0,0,1,1,0,0,1,0,0,0,1,0,1,1,1,1,1,1,1,1,0,1,1
1544,0,0,0,0,0,1,1,0,0,0,0,0,0,1,0,0,0,0,0,1,1,1,1,1,1,1,1,1,1,1,1,1,0,0,0,0,1,1,1,0,1,1,1,1,0,0,1,1,0,0,1,0,0,0,1,0,1,1,1,1,1,1,1,1,0,1,1
1545,0,0,2,0,0,1,1,0,0,0,0,0,0,1,0,0,0,0,0,1,1,1,1,1,1,1,1,1,1,1,1,1,0,0,0,0,1,1,1,0,1,1,1,1,0,0,1,1,0,0,1,0,0,0,1,0,1,1,1,1,1,1,1,1,0,1,1
1546,0,0,0,0,0,1,1,0,0,0,0,0,0,1,0,0,0,0,0,1,1,1,1,1,1,1,1,1,1,1,1,1,0,0,0,0,1,1,1,0,1,1,1,1,0,0,1,1,0,0,1,0,0,0,1,0,1,1,1,1,1,1,1,1,0,1,1
1547,0,0,0,0,0,2,1,0,0,0,0,0,0,1,0,0,0,0,0,1,1,1,1,1,2,1,1,2,2,1,1,1,0,0,0,2,2,2,2,2,1,2,2,2,0,0,1,1,0,0,1,0,0,0,2,2,1,2,1,1,2,2,2,1,0,2,1
1548,0,0,0,0,0,1,1,0,0,0,0,0,0,1,0,0,0,0,0,1,1,1,1,1,1,1,1,1,1,1,1,1,0,0,0,0,0,0,1,0,1,1,1,1,0,0,1,1,0,0,1,0,0,0,1,1,1,1,1,1,1,1,1,1,0,1,1
1549,0,0,0,0,0,1,1,0,0,2,0,0,0,1,0,0,0,0,0,1,1,1,1,1,1,1,1,1,1,1,1,1,0,0,0,0,0,0,1,0,1,1,1,1,0,0,1,1,0,0,1,0,0,0,1,1,1,1,1,1,1,1,1,1,0,1,1
1550,0,0,0,0,0,1,1,0,0,0,0,0,0,1,0,0,0,0,0,1,1,1,1,1,1,1,1,1,1,1,1,1,0,0,0,0,0,0,1,0,1,1,1,1,0,0,1,1,0,0,1,0,0,0,1,1,1,1,1,1,1,1,1,1,0,1,1
1551,0,0,0,0,0,1,1,0,0,0,0,0,0,1,0,0,0,0,0,1,1,1,1,1,1,1,1,1,1,1,1,1,0,0,0,0,0,0,1,0,1,1,1,1,0,0,1,1,0,0,1,0,0,0,1,1,1,1,1,1,1,1,1,1,0,1,2
1552,0,0,0,0,0,1,1,0,0,0,0,0,0,1,0,0,0,0,0,1,1,1,1,1,1,1,1,1,1,1,1,1,0,0,0,0,0,0,1,0,1,1,1,1,0,0,1,1,0,0,1,0,0,0,1,1,1,1,1,1,1,1,1,1,0,1,1
1553,0,0,0,0,0,1,1,0,0,0,0,0,0,1,0,0,0,0,0,1,1,1,1,1,1,1,1,1,1,1,1,1,0,0,0,0,0,0,1,0,1,1,1,1,0,0,1,1,0,0,1,0,0,0,1,1,1,1,1,1,1,1,1,1,0,1,1
1554,0,0,0,0,0,1,1,0,0,0,0,0,0,1,0,0,0,0,0,1,2,1,1,1,1,1,1,1,1,1,1,1,0,0,0,0,0,0,1,0,1,1,1,1,0,0,1,1,0,0,2,0,0,0,1,1,1,1,1,1,1,1,1,1,0,2,1
1555,0,0,0,0,0,1,1,0,0,0,0,0,0,1,0,0,0,0,0,1,1,1,1,1,1,1,1,1,1,1,1,1,0,0,0,0,0,0,1,0,1,1,1,1,0,0,1,1,0,0,1,0,0,0,1,1,1,1,1,1,1,1,1,1,0,0,1
1556,0,0,0,0,0,1,1,0,0,0,0,0,0,1,0,0,0,0,0,1,1,1,1,1,1,1,1,1,1,1,1,1,0,0,0,0,0,0,1,0,1,1,1,1,0,0,1,1,0,0,1,0,0,0,1,1,1,1,1,1,1,1,1,1,0,0,1
1557,0,0,0,0,0,1,1,0,0,0,0,0,0,1,0,0,0,0,0,1,1,1,1,1,1,1,1,1,1,1,1,1,0,0,0,0,0,0,1,0,1,1,1,1,0,0,1,1,0,0,1,0,0,0,1,1,1,1,1,1,1,1,1,1,0,0,1
1558,0,0,0,0,0,1,1,0,0,0,0,0,0,1,0,0,0,0,0,1,1,1,1,1,1,1,1,1,1,1,1,1,0,0,0,0,0,0,1,0,1,1,1,1,0,0,1,1,0,0,1,0,0,0,1,1,1,1,1,1,1,1,1,1,0,0,1
1559,0,0,0,0,0,1,1,0,0,0,0,0,0,1,0,0,0,0,0,1,1,1,1,1,1,1,1,1,1,1,1,1,0,0,0,0,0,0,1,0,1,1,1,1,0,0,1,1,0,0,1,0,0,0,1,1,1,1,1,1,1,1,1,1,0,0,1
1560,0,0,0,0,0,1,1,0,0,0,0,0,0,1,0,0,0,0,0,1,1,1,1,1,1,1,1,1,1,1,1,1,0,0,0,0,0,0,1,0,1,1,1,1,0,0,1,1,0,0,1,0,0,0,1,1,1,1,1,1,1,1,1,1,0,0,1
1561,0,0,0,0,0,2,1,0,2,2,0,0,0,1,0,0,0,0,0,1,1,1,1,1,1,1,1,1,1,1,1,1,2,0,0,0,0,0,1,0,1,1,1,1,0,0,1,2,0,0,1,0,0,0,1,1,1,1,1,1,1,1,1,1,0,0,1
1562,0,0,0,0,0,1,1,0,0,0,0,0,0,1,0,0,0,0,0,1,2,1,1,1,2,1,1,1,1,1,1,1,0,0,0,0,0,0,1,0,1,1,1,1,0,0,1,1,0,0,1,0,0,0,1,1,1,1,1,1,1,1,1,1,0,0,1
1563,0,0,0,0,0,1,1,0,0,0,0,0,2,2,0,0,0,0,0,1,1,1,1,1,1,1,1,1,1,1,1,1,0,0,0,0,0,0,1,0,1,1,1,1,0,0,1,1,0,0,1,0,0,0,1,1,1,1,1,1,1,1,1,1,0,0,1
1564,0,0,0,0,0,1,1,0,0,0,0,0,1,1,0,0,0,0,0,1,1,1,1,1,1,1,1,1,1,1,1,1,0,0,0,0,0,0,1,0,1,1,1,1,0,0,1,1,0,0,1,0,0,0,1,1,1,1,1,1,1,1,1,1,0,0,1
1565,0,0,0,0,0,1,1,0,0,0,0,0,1,1,0,0,0,0,0,1,1,1,1,1,1,1,1,1,1,1,1,1,0,0,0,0,0,0,1,0,1,1,1,1,0,0,1,1,0,0,1,0,0,0,1,1,1,1,1,1,1,1,1,1,0,0,1
1566,0,0,0,0,0,1,1,0,0,0,0,0,1,1,0,0,0,0,0,1,1,1,1,1,1,1,1,1,1,1,1,1,0,0,0,0,0,0,1,0,1,1,1,1,0,0,1,1,0,0,1,0,0,0,1,1,1,1,1,1,1,1,1,1,0,0,1
1567,0,0,0,0,0,2,1,0,0,0,0,0,1,1,0,0,0,0,0,1,1,1,1,1,1,1,1,1,1,1,1,1,0,0,0,0,0,0,1,0,1,1,1,1,0,0,1,1,0,0,1,0,0,0,1,1,1,1,1,1,1,1,1,1,0,0,1
1568,0,0,0,0,0,1,1,0,0,0,0,0,1,1,0,0,0,0,0,1,1,1,1,1,1,1,1,1,1,1,1,1,0,0,0,0,0,0,1,0,1,1,1,1,0,0,1,1,0,0,1,0,0,0,1,1,1,1,1,1,1,1,1,1,0,0,1
1569,0,0,0,0,0,1,1,0,0,0,0,0,1,1,0,0,0,0,0,1,1,1,1,1,1,1,1,1,1,1,1,1,0,0,0,0,0,0,1,0,1,1,1,1,0,0,1,1,0,0,1,0,0,0,1,1,1,1,1,1,1,1,1,1,0,0,1
1570,0,0,0,0,0,1,1,0,0,0,0,0,2,1,0,0,0,0,0,1,1,1,1,1,1,1,1,1,1,1,1,1,0,0,0,0,0,0,1,0,1,1,1,1,0,0,1,1,0,0,1,0,0,0,1,1,1,1,1,1,1,1,1,1,0,0,1
1571,0,0,0,0,0,1,1,2,0,0,0,0,1,1,0,0,0,0,0,1,1,1,1,1,1,1,1,1,1,1,1,1,0,0,0,0,0,0,1,0,1,1,1,1,0,0,1,1,0,0,1,0,0,0,1,1,1,1,1,1,1,1,1,1,0,0,1
1572,0,0,0,0,0,1,1,1,0,0,0,0,1,1,0,0,0,0,0,1,1,1,1,1,1,1,1,1,1,1,1,1,0,0,0,0,0,0,1,0,2,1,1,1,0,0,1,1,0,0,1,0,0,2,2,1,2,1,1,2,1,1,1,2,0,0,1
1573,0,0,0,0,0,1,1,1,0,0,0,0,1,1,0,0,0,0,0,1,1,1,1,1,1,1,1,1,1,1,1,1,0,0,0,0,0,0,1,0,1,1,1,1,0,0,1,1,0,0,1,0,0,0,1,1,1,1,1,1,1,1,1,1,0,0,1
1574,0,0,0,0,0,1,1,1,0,0,0,0,1,1,0,0,0,0,0,1,1,1,1,1,1,1,1,1,1,1,1,1,0,0,0,0,0,0,1,0,1,1,1,1,0,0,1,1,0,0,1,0,0,0,1,1,1,1,1,1,1,1,1,1,0,0,1
1575,0,0,0,0,0,1,1,1,0,0,0,0,1,1,0,0,0,0,0,1,1,1,1,1,1,1,1,1,1,1,1,1,0,0,0,0,0,0,1,0,1,1,1,1,0,0,1,1,0,0,1,0,0,0,1,1,1,1,1,1,1,1,1,1,0,0,1
1576,0,0,0,0,0,1,1,1,0,0,0,0,1,1,0,0,0,0,0,1,1,1,1,1,1,1,1,1,1,1,1,1,0,0,0,0,0,0,0,0,1,1,1,1,0,0,1,1,0,0,1,0,0,0,1,1,1,1,1,1,1,1,1,1,0,0,1
1577,0,0,0,0,0,1,1,1,0,0,0,0,1,1,0,0,0,0,0,1,1,1,1,1,1,1,1,1,1,1,1,1,0,0,0,0,0,0,0,0,1,1,1,1,0,0,1,1,0,0,1,0,0,0,1,1,1,1,1,1,1,1,1,1,0,0,1
1578,0,0,0,0,0,1,1,1,0,0,0,0,1,1,0,0,0,0,0,1,1,1,1,1,1,1,1,1,1,1,1,1,0,0,0,0,0,0,0,0,1,1,1,1,0,0,1,1,0,0,1,0,0,0,1,1,1,1,1,1,1,1,1,1,0,0,1
1579,0,0,0,0,0,1,1,1,0,0,0,0,1,1,0,0,0,0,0,1,1,1,1,1,1,1,1,1,1,1,1,1,0,0,0,0,0,0,0,0,1,1,1,1,0,0,1,1,0,0,1,0,0,0,1,1,1,1,1,1,1,1,1,1,0,0,1
1580,0,0,0,0,0,2,2,1,0,2,2,2,2,2,2,0,0,2,0,1,2,1,1,1,2,1,1,2,1,2,1,1,2,2,0,0,0,0,0,0,1,1,1,1,0,0,1,1,0,0,1,0,0,0,1,1,1,1,1,1,1,1,1,1,0,0,1
1581,0,0,0,0,0,1,1,1,0,0,0,1,1,1,0,0,0,0,0,1,1,1,1,1,1,1,1,1,1,1,1,1,0,1,0,0,0,0,0,0,1,1,1,1,0,0,1,1,0,0,1,0,0,0,1,1,1,1,1,1,1,1,1,1,0,0,1
1582,0,2,0,0,0,1,1,1,0,0,0,1,1,1,0,0,0,0,0,1,1,1,1,1,1,1,1,1,1,1,1,1,0,1,0,0,0,0,0,0,1,1,1,1,0,0,1,1,0,0,1,0,0,0,1,1,1,1,1,1,1,1,1,1,0,0,1
1583,0,0,0,0,0,1,1,1,0,0,0,1,1,1,0,0,0,0,0,1,1,1,1,1,1,1,1,1,1,1,1,1,0,1,0,0,0,0,0,0,1,1,1,1,0,0,1,1,0,0,1,0,0,0,1,1,1,1,1,1,1,1,1,1,0,0,1
1584,0,0,0,0,0,1,1,1,0,0,0,1,1,1,0,0,0,0,0,1,1,1,1,1,1,1,1,1,1,1,1,1,0,1,0,0,0,0,0,0,1,1,1,1,0,0,1,1,0,0,1,0,0,0,1,1,1,1,1,1,1,1,1,1,0,0,1
1585,0,0,0,0,0,1,1,2,0,0,0,1,1,1,0,0,0,0,0,1,1,1,1,1,1,1,1,1,1,1,1,1,0,1,0,0,0,0,0,0,1,1,1,1,0,0,1,1,0,0,2,0,0,0,2,2,1,2,2,1,1,1,1,1,0,0,1
1586,0,0,0,0,0,1,1,1,0,0,0,1,1,1,0,0,0,0,0,1,1,1,1,1,1,1,1,1,1,1,1,1,0,1,0,0,0,0,0,0,1,1,1,1,0,0,1,1,0,0,1,0,0,0,1,1,1,1,1,1,1,1,1,1,0,0,1
1587,0,0,0,0,0,1,1,1,0,0,0,1,1,1,0,0,0,0,0,1,1,1,1,1,2,1,1,1,1,1,1,1,0,1,0,0,0,0,0,0,1,1,1,1,0,0,1,1,0,0,1,0,0,0,1,1,1,1,1,1,1,1,1,1,0,0,1
1588,0,0,0,0,0,1,1,1,0,0,0,1,1,1,0,0,0,0,0,1,1,1,1,1,1,1,1,1,1,1,1,1,0,1,0,0,0,0,0,0,1,1,1,1,0,0,1,1,0,0,1,0,0,0,1,1,1,1,1,1,1,1,1,1,0,0,1
1589,0,0,0,0,0,1,1,1,0,0,0,1,1,1,0,0,0,0,0,1,1,1,1,1,1,1,1,1,1,1,1,1,0,1,0,0,0,0,0,0,1,1,1,1,0,0,1,1,0,0,1,0,0,0,1,1,1,1,1,1,1,1,1,1,0,0,1
1590,0,0,0,0,0,1,1,1,0,2,0,1,1,1,0,2,0,0,0,1,1,1,1,1,1,1,1,1,1,1,1,1,0,1,0,0,0,0,0,0,1,1,1,1,0,0,1,1,0,0,1,0,0,0,1,1,1,1,1,1,1,1,1,1,0,0,1
1591,0,0,0,0,0,1,1,1,0,0,0,1,1,1,0,0,0,0,0,1,1,1,1,1,1,1,1,1,1,1,1,1,0,1,0,0,0,0,0,0,1,1,1,1,0,0,1,1,0,0,1,0,0,0,1,1,1,1,1,1,1,1,1,1,0,0,1
1592,0,0,0,0,0,1,1,1,0,0,0,1,1,1,0,0,0,0,0,1,1,1,1,1,1,1,1,1,1,1,1,1,0,1,0,0,0,0,0,0,1,1,1,1,0,0,1,1,0,0,1,0,0,0,1,1,1,1,1,1,1,1,1,1,0,0,1
1593,0,0,0,2,0,1,1,1,0,0,0,1,1,1,0,0,0,0,0,1,1,1,1,1,1,1,1,1,1,1,1,1,2,2,0,0,0,0,0,0,1,1,1,1,0,0,1,1,0,0,1,0,0,0,1,1,1,1,1,1,1,1,1,1,0,0,1
1594,0,0,0,0,0,1,2,1,2,0,0,1,2,2,0,0,0,0,0,2,2,2,1,2,1,1,1,2,2,1,1,1,1,1,0,0,0,0,0,0,1,1,1,1,0,0,1,1,0,0,1,0,0,0,1,1,1,1,1,1,1,1,1,1,0,0,1
1595,0,0,0,0,0,1,1,1,0,0,0,1,1,1,0,0,0,0,0,1,1,1,1,1,1,1,1,1,1,1,1,1,1,1,0,2,0,0,0,0,1,1,1,1,0,0,1,1,0,0,1,0,0,0,1,1,1,1,1,1,1,1,1,1,0,0,1
1596,0,0,0,0,0,1,1,1,0,0,0,1,1,1,0,0,0,0,0,1,1,1,1,1,1,1,1,1,1,1,1,1,1,1,0,0,0,0,0,0,1,1,1,1,0,0,1,1,0,0,1,0,0,0,1,1,1,1,1,1,1,1,1,1,0,0,1
1597,0,0,0,0,0,1,1,1,0,0,0,1,1,1,0,0,0,0,0,1,1,1,1,1,1,1,1,1,1,1,1,1,1,1,0,0,0,0,0,0,1,1,1,1,0,0,1,1,0,0,1,0,0,0,1,1,1,1,1,1,1,1,1,1,0,0,1
1598,0,0,0,0,0,1,1,1,0,0,2,1,1,1,0,0,0,0,0,1,1,1,1,1,1,1,1,1,1,1,1,1,1,1,0,0,0,0,0,0,1,1,1,1,0,0,1,1,0,0,1,0,0,0,1,1,1,1,1,2,1,1,1,1,0,0,2
1599,0,0,0,0,0,1,1,1,0,0,0,1,1,1,0,0,0,0,0,1,1,1,1,1,1,1,1,1,1,1,1,1,1,1,0,0,0,0,0,0,1,1,1,1,0,0,1,1,0,0,1,0,0,0,1,1,1,1,1,1,1,1,1,1,0,0,0
1600,0,0,0,0,0,1,1,1,0,0,0,1,1,1,0,0,0,0,0,1,1,1,1,1,1,1,1,1,1,1,1,1,1,1,0,0,0,0,0,0,1,1,1,1,0,0,1,1,0,0,1,0,0,0,1,1,1,1,1,1,1,1,1,1,0,0,0
1601,0,0,0,0,0,1,1,1,0,0,0,1,1,1,0,0,0,0,0,1,1,1,1,1,1,1,1,1,1,1,1,1,1,1,0,0,0,0,0,0,1,1,1,1,0,0,1,1,0,0,1,0,0,0,1,1,1,1,1,1,1,1,1,1,0,0,0
1602,0,0,0,0,0,1,1,1,0,0,0,1,1,1,0,0,0,0,0,1,1,1,1,1,1,1,1,1,1,1,1,1,1,1,0,0,0,0,0,0,1,1,1,1,0,0,1,1,0,0,1,0,0,0,1,1,1,1,1,1,1,1,1,1,0,0,0
1603,0,0,0,0,0,1,1,1,0,0,0,1,1,1,0,0,0,0,0,1,1,1,1,1,1,1,1,1,1,1,1,1,1,1,0,0,0,0,0,0,1,1,1,1,0,0,1,1,0,0,1,0,0,2,2,1,1,2,2,1,2,2,2,2,0,0,0
1604,0,0,0,0,0,1,1,1,0,0,0,1,1,1,0,0,0,0,0,1,1,1,1,1,1,1,1,1,1,1,1,1,1,1,0,0,0,0,0,0,1,1,1,1,0,0,1,1,0,0,1,0,0,1,0,1,1,1,1,1,1,1,1,1,0,0,0
1605,0,0,0,0,0,1,1,1,0,0,0,1,1,1,0,0,0,0,0,1,1,1,1,1,1,1,1,1,1,1,1,1,1,1,0,0,0,0,0,0,1,1,1,1,0,0,1,1,0,0,1,0,0,1,0,1,1,1,1,1,1,1,1,1,0,0,0
1606,0,0,0,0,0,1,1,1,0,0,0,1,1,1,0,0,0,0,0,1,1,1,1,1,1,1,1,1,1,1,1,1,1,1,0,0,0,0,0,0,1,1,1,1,0,0,1,1,0,0,1,0,0,1,0,1,1,1,1,1,1,1,1,1,0,0,0
1607,0,0,0,0,0,1,1,1,0,0,0,1,1,1,0,0,0,0,0,1,1,1,1,1,1,1,1,1,1,1,1,1,1,1,0,0,0,0,0,0,1,1,1,1,0,0,1,1,0,0,1,0,0,1,0,1,1,1,1,1,1,1,1,1,0,0,0
1608,0,0,0,0,0,1,1,1,0,0,0,1,1,1,0,0,0,0,0,1,1,1,1,1,1,1,1,1,1,1,1,1,1,1,0,0,0,0,0,0,1,1,1,1,0,0,2,1,0,0,1,0,0,1,0,1,1,1,1,1,1,1,1,1,0,0,0
1609,0,0,0,0,0,1,1,1,0,0,0,1,1,1,0,0,0,0,0,1,1,1,1,1,1,1,1,1,1,1,1,1,1,1,0,0,0,0,0,0,1,1,1,1,0,0,1,1,0,0,1,0,0,1,0,1,1,1,1,1,1,1,1,1,0,0,0
1610,0,0,0,0,0,1,1,1,0,0,0,1,1,1,0,0,0,0,0,1,2,1,1,1,1,1,1,2,1,2,1,1,1,1,0,0,0,0,0,0,1,1,1,1,0,0,1,1,0,0,1,0,0,1,0,1,1,1,1,1,1,1,1,1,0,0,0
1611,0,0,0,0,0,1,1,1,0,0,0,1,1,1,0,0,0,0,0,1,1,1,1,1,1,1,1,1,1,1,2,1,1,1,0,0,0,0,0,0,1,1,1,1,0,0,1,1,0,0,1,0,0,1,0,1,1,1,1,1,1,1,1,1,0,0,0
1612,0,0,0,0,0,1,1,1,0,0,0,1,1,1,0,0,0,0,0,1,1,1,1,1,1,1,1,1,1,1,1,1,1,1,0,0,0,0,0,0,1,1,1,1,0,0,1,1,0,0,1,0,0,1,0,1,1,1,1,1,1,1,1,1,0,0,0
1613,0,0,0,0,0,1,1,1,0,0,0,1,1,1,0,0,0,0,0,1,1,1,1,1,1,1,1,1,1,1,1,1,1,1,0,0,0,0,0,0,1,1,1,1,0,0,1,1,0,0,1,0,0,1,0,1,1,1,1,1,1,1,1,1,0,0,0
1614,0,0,0,0,0,1,1,1,0,0,0,1,1,1,0,0,0,0,0,1,1,1,1,1,1,1,1,1,1,1,1,1,1,1,0,0,0,0,0,0,1,1,1,1,0,0,1,1,0,0,1,0,0,1,0,1,1,1,1,1,1,1,1,1,0,0,0
1615,0,0,0,0,2,2,2,1,0,2,2,1,2,1,0,0,0,2,0,1,1,1,1,1,1,1,1,1,1,1,1,1,1,1,0,0,0,0,0,0,1,1,1,1,0,0,1,1,0,0,1,0,0,1,0,1,1,1,1,1,1,1,1,1,0,0,0
1616,0,0,0,0,1,1,1,1,0,0,1,1,1,1,0,0,0,1,0,1,1,1,1,1,1,1,1,1,1,1,1,1,1,1,0,0,0,0,0,0,1,1,1,1,0,0,1,1,0,0,1,0,0,1,0,1,1,1,1,1,1,1,1,1,0,0,0
1617,0,0,0,0,1,1,1,1,0,0,1,1,1,1,0,0,0,1,0,1,1,1,1,1,1,1,1,1,1,1,1,1,1,1,0,0,0,0,0,0,1,1,1,1,0,0,1,1,0,0,1,0,0,1,0,1,1,1,1,1,1,1,1,1,0,0,0
1618,0,0,0,0,1,1,1,1,0,0,1,1,1,1,0,0,0,1,0,1,2,1,1,1,1,1,1,1,1,1,1,1,1,1,0,0,0,0,0,0,1,1,1,1,0,0,1,1,0,0,1,0,0,1,0,1,1,1,1,1,1,1,1,1,0,0,0
1619,0,0,0,0,1,1,1,1,0,0,1,1,1,1,0,0,0,1,0,1,1,1,1,1,1,1,1,1,1,1,1,1,1,1,0,0,0,0,0,0,1,1,1,1,0,0,1,1,0,0,1,0,0,2,0,2,2,2,1,1,1,1,2,2,0,0,0
1620,0,0,0,0,1,1,1,1,0,0,1,1,1,1,0,0,0,1,0,1,1,1,1,1,1,1,1,1,1,1,1,1,1,1,0,0,0,0,0,0,1,1,1,1,0,0,1,1,0,0,1,0,0,0,0,1,1,1,1,1,1,1,1,1,0,0,0
1621,0,0,0,0,1,1,1,1,0,0,1,1,1,1,0,0,0,1,0,1,1,1,1,1,1,1,1,1,1,1,1,1,1,1,0,0,0,0,0,0,1,1,1,1,0,0,1,1,0,0,1,0,0,0,0,1,1,1,1,1,1,1,1,1,0,0,0
1622,0,0,0,0,1,1,1,2,0,0,1,1,1,1,0,0,0,1,0,1,1,1,1,1,1,1,1,1,1,1,1,1,1,1,0,0,0,0,0,0,1,1,1,1,0,0,1,1,0,0,1,0,0,0,0,1,1,1,1,1,1,1,1,1,0,0,0
1623,0,0,0,0,1,1,1,1,0,0,1,1,1,1,0,0,0,1,0,1,1,1,1,1,1,1,1,1,1,1,1,1,1,1,0,0,0,0,0,0,1,1,1,1,0,0,1,1,0,0,1,0,0,0,0,1,1,1,1,1,1,1,1,1,0,0,0
1624,0,0,0,0,1,1,1,1,0,0,1,1,1,1,0,0,0,1,0,1,1,1,1,1,1,1,1,1,1,1,1,1,1,1,0,0,0,0,0,0,1,1,1,1,0,0,1,1,0,0,1,0,0,0,0,1,1,1,1,1,1,1,1,1,0,0,0
1625,0,0,0,0,1,1,1,1,0,0,1,1,1,1,0,0,0,1,0,1,1,1,1,1,1,1,1,1,1,1,1,1,1,1,0,0,0,0,0,0,1,1,1,1,0,0,1,1,0,0,1,0,0,0,0,1,1,1,1,1,1,1,1,1,0,0,0
1626,0,0,0,0,1,1,1,1,0,0,1,1,1,1,0,0,0,1,0,1,1,1,1,1,1,1,1,1,1,1,1,1,2,2,0,0,0,0,0,0,1,1,1,1,0,0,1,1,0,0,1,0,0,0,0,1,1,1,1,1,1,1,1,1,0,0,0
1627,0,0,0,2,1,2,1,1,0,0,2,2,1,2,0,2,2,2,2,1,1,1,1,1,1,1,1,1,1,1,1,1,1,1,0,0,0,0,0,0,1,1,1,1,0,0,1,1,0,0,1,0,0,0,0,1,1,1,1,1,1,1,1,1,0,0,0
1628,0,0,0,0,1,1,1,1,0,0,1,1,1,1,0,1,0,1,0,1,1,1,1,1,1,1,1,1,1,1,1,1,1,1,0,0,0,0,0,0,1,1,1,1,0,0,1,1,0,0,1,0,0,0,0,1,1,1,1,1,1,1,1,1,0,0,0
1629,0,0,0,0,1,1,1,2,2,2,1,1,2,1,0,1,0,1,0,1,1,1,1,1,1,1,1,1,1,1,1,1,1,1,0,2,0,0,0,0,1,1,1,1,2,2,2,2,2,0,2,0,2,0,0,1,1,1,1,1,1,1,1,1,2,0,0
1630,0,0,0,0,1,1,1,1,0,0,1,1,1,1,0,1,0,1,0,1,1,1,1,1,1,1,1,1,1,1,2,1,1,1,0,0,0,0,0,0,1,1,1,1,0,0,1,1,0,0,1,0,0,0,0,1,1,1,1,1,1,1,1,1,0,0,0
1631,0,0,0,0,1,1,1,1,0,0,1,1,1,1,0,1,0,1,0,1,1,1,1,1,1,1,1,1,1,1,1,1,1,1,0,0,0,0,0,0,1,1,1,1,0,0,1,1,0,0,1,0,0,0,0,1,1,1,1,1,1,1,1,1,0,0,1
1632,0,0,0,0,1,1,1,1,0,0,1,1,1,1,0,1,0,1,0,1,1,1,1,1,1,1,1,1,1,1,1,1,1,1,0,0,0,0,0,0,1,1,1,1,0,0,1,1,0,0,1,0,0,0,0,1,1,1,1,1,1,1,1,1,0,0,1
1633,0,0,0,0,2,1,1,1,0,0,1,1,1,1,2,1,0,1,0,2,2,2,2,1,1,2,1,2,2,1,1,1,1,1,0,0,0,0,0,0,1,1,1,1,0,0,1,1,0,0,1,0,0,0,0,1,1,1,1,1,1,1,1,1,0,0,1
1634,0,0,0,0,1,1,1,1,0,0,1,1,1,1,0,1,0,1,0,1,1,1,1,1,1,1,1,1,1,1,1,1,1,1,0,0,0,0,0,0,1,1,1,1,0,0,1,1,0,0,1,0,0,0,0,1,1,1,1,1,1,1,1,1,0,0,2
1635,0,0,0,0,1,1,1,1,0,0,1,1,1,1,0,1,0,1,0,1,1,1,1,1,1,1,1,1,1,1,1,1,1,1,0,0,0,0,0,0,1,1,1,1,0,0,1,1,0,0,1,0,0,0,0,1,1,1,1,1,1,1,1,1,0,0,1
1636,0,0,0,0,1,1,1,1,0,0,1,1,1,1,0,1,0,1,0,1,1,1,1,1,1,1,1,1,1,1,1,1,1,2,0,0,0,0,0,0,1,1,1,1,0,0,1,1,0,0,1,0,0,0,0,1,1,1,1,1,1,1,1,1,0,0,1
1637,0,0,0,0,1,1,1,1,0,0,1,1,1,1,0,1,0,1,0,1,1,1,1,1,1,1,1,1,1,1,1,1,1,1,0,0,0,0,0,0,1,1,1,1,0,0,1,1,0,0,1,0,0,0,0,1,1,1,1,1,1,1,1,1,0,0,1
1638,0,0,0,0,1,1,1,1,0,0,1,1,1,1,0,1,0,1,0,1,1,1,1,1,1,1,1,1,1,1,2,1,1,1,0,0,0,0,0,0,1,1,1,1,0,0,1,1,0,0,1,0,0,0,0,1,1,1,1,1,1,1,1,1,0,0,1
1639,0,2,0,2,1,1,1,1,0,0,1,1,1,1,0,2,0,2,2,1,1,1,1,1,1,1,1,1,1,1,1,2,1,1,0,0,0,0,0,0,1,1,1,1,0,0,1,1,0,0,1,0,0,0,0,1,1,1,1,1,1,1,1,1,0,0,1
1640,0,0,0,0,1,1,1,1,0,0,1,1,1,1,0,1,0,1,0,1,1,1,1,1,1,1,1,1,1,1,1,1,1,1,0,0,0,0,0,0,1,1,1,1,0,0,1,1,0,0,1,0,0,0,0,1,1,1,1,1,1,1,1,1,0,0,1
1641,0,0,0,0,1,1,1,1,0,0,1,1,1,1,0,1,0,1,0,1,1,1,1,1,1,1,1,1,1,1,1,1,1,1,0,0,0,0,0,0,1,1,1,1,0,0,1,1,0,0,1,0,0,0,0,1,1,1,1,1,1,1,1,1,0,0,1
1642,0,0,0,0,1,1,1,1,0,0,1,1,1,1,0,1,0,1,0,1,1,1,1,1,1,1,1,1,1,1,1,1,1,1,0,0,0,0,0,0,1,1,1,1,0,0,1,1,0,0,1,0,0,0,0,1,1,1,1,1,1,1,1,1,0,0,1
1643,0,0,0,0,1,1,1,1,0,0,1,1,1,1,0,1,0,1,0,1,1,1,1,1,1,1,1,1,1,1,1,1,1,1,0,0,0,0,0,0,1,1,1,1,0,0,1,1,0,0,1,0,0,0,0,1,1,1,1,1,1,1,1,1,0,0,1
1644,0,0,0,0,1,1,1,1,0,0,1,1,1,1,0,1,0,1,0,1,1,1,1,1,1,1,1,1,1,1,1,1,1,1,0,0,0,0,0,0,1,1,1,1,0,0,1,1,0,0,1,0,0,0,0,1,1,1,1,1,1,1,1,1,0,0,1
1645,0,0,0,0,1,1,1,1,0,0,1,1,1,1,0,1,0,1,0,1,1,1,1,1,1,1,1,1,1,1,2,1,1,1,0,0,0,0,0,0,1,1,1,1,0,0,1,1,0,0,1,0,0,0,0,1,1,1,1,1,1,1,1,1,0,0,1
1646,0,0,0,0,1,1,1,2,2,2,2,1,2,2,0,1,0,1,0,2,2,1,1,1,1,1,1,2,2,1,1,1,2,2,0,0,0,0,0,0,1,1,1,1,0,0,1,1,0,0,1,0,0,0,0,1,1,1,1,1,1,1,1,1,0,0,1
1647,0,0,0,0,1,1,1,1,1,0,1,1,0,1,0,1,0,1,0,1,1,1,1,1,1,1,1,1,1,1,1,1,1,0,0,0,0,0,0,0,1,1,1,1,0,0,1,1,0,0,1,0,0,0,0,1,1,1,1,1,1,1,1,1,0,0,1
1648,0,0,0,0,1,1,1,1,1,0,1,1,0,1,0,1,0,1,0,1,1,1,1,1,1,1,1,1,1,1,1,1,1,0,0,0,0,0,0,0,1,1,1,1,0,0,1,1,0,0,1,0,0,0,0,1,1,1,1,1,1,1,1,1,0,0,1
1649,0,0,0,0,1,1,1,1,1,0,1,1,0,1,0,1,0,1,0,1,1,1,1,1,1,1,1,1,1,1,1,1,1,0,0,0,0,0,0,0,1,1,1,1,0,0,1,1,0,0,1,0,0,0,0,1,1,1,1,1,1,1,1,1,0,0,1
1650,0,0,0,0,1,1,1,1,1,0,1,1,0,1,0,1,0,1,0,1,1,1,1,2,1,1,1,1,1,1,1,1,1,0,0,0,0,0,0,0,1,1,1,1,0,0,1,1,0,0,1,0,0,0,0,1,1,1,1,1,1,1,1,1,0,0,1
1651,0,0,0,0,1,1,1,1,1,0,1,1,0,1,0,1,0,1,0,1,1,1,1,1,1,1,1,1,1,1,1,1,1,0,0,0,0,0,0,0,1,1,1,1,0,0,1,1,0,0,1,0,0,0,0,1,1,1,1,1,1,1,1,1,0,0,1
1652,2,0,0,0,2,2,1,1,1,0,1,1,0,1,0,1,0,1,0,1,1,1,1,1,1,1,1,1,1,1,1,1,1,0,0,0,0,0,0,0,1,1,1,1,0,0,1,1,0,0,1,0,0,0,0,1,1,1,1,1,1,1,1,1,0,0,1
1653,1,0,0,0,1,1,1,1,1,0,1,1,0,1,0,1,0,1,0,1,1,1,1,1,1,1,1,1,1,1,1,2,1,0,0,0,0,0,0,0,1,1,1,1,0,0,1,1,0,0,1,0,0,0,0,1,1,1,1,1,1,1,1,1,0,0,1
1654,1,0,0,0,1,1,1,1,1,0,1,1,0,1,0,1,0,1,0,1,1,1,1,1,1,1,1,1,1,1,1,1,1,0,0,0,0,0,0,0,1,1,1,1,0,0,1,1,0,0,1,0,0,0,0,1,1,1,1,1,1,1,1,1,0,0,1
1655,1,0,0,0,1,1,1,1,1,0,1,1,0,1,0,1,0,1,0,1,1,1,1,1,1,1,1,1,1,1,1,1,1,0,0,0,0,0,0,0,1,1,1,1,0,0,1,1,0,0,1,0,0,0,0,1,1,1,1,1,1,1,1,1,0,0,1
1656,1,0,0,0,1,1,0,1,1,0,1,1,0,1,0,1,0,1,0,1,1,1,1,1,1,1,1,1,2,2,1,1,1,0,0,0,0,0,0,0,1,1,1,1,0,0,1,1,0,0,1,0,0,0,0,1,1,2,1,1,1,1,1,1,0,0,1
1657,1,0,0,0,1,1,0,1,1,0,1,1,0,1,0,1,0,1,0,1,1,1,1,1,1,1,1,1,1,1,1,1,1,0,0,0,0,0,0,0,1,1,1,1,0,0,1,1,0,0,1,0,0,0,0,1,1,1,1,1,1,1,1,1,0,0,1
1658,1,0,0,2,1,1,0,1,2,2,1,1,0,1,0,1,0,2,0,1,1,1,1,1,1,1,1,1,1,1,1,1,1,0,0,0,0,0,0,0,1,1,1,1,0,0,1,1,0,0,1,0,0,0,0,1,1,1,1,1,1,1,1,1,0,0,1
1659,1,0,0,0,1,1,0,1,1,1,1,1,0,1,0,1,0,1,0,1,1,1,1,1,1,1,1,1,1,1,1,1,1,0,0,0,0,0,0,0,1,1,1,1,0,0,1,1,0,0,1,0,0,0,0,1,1,1,1,1,1,1,1,1,0,0,1
1660,1,0,0,0,1,1,0,1,1,1,1,1,0,1,0,1,0,1,0,1,1,1,1,1,1,1,1,1,1,1,1,1,1,0,0,0,2,2,0,2,2,2,2,2,2,2,1,2,0,2,2,0,0,0,0,1,1,1,2,2,2,2,2,2,2,0,1
1661,1,0,0,0,1,1,0,1,1,1,1,1,0,1,0,1,0,1,0,1,1,1,1,1,1,1,1,1,1,1,2,2,2,0,0,0,1,0,0,1,1,1,1,1,1,0,1,1,0,0,1,0,0,0,0,1,1,1,1,1,1,1,1,1,1,0,1
1662,1,0,0,0,1,1,0,1,1,1,1,1,0,1,0,1,0,1,0,1,1,1,1,1,1,1,1,1,1,1,1,1,1,0,0,0,1,0,0,1,1,1,1,1,1,0,1,1,0,0,1,0,0,0,0,1,1,1,1,1,1,1,1,1,1,0,1
1663,1,0,0,0,1,1,0,1,1,1,1,1,0,1,0,1,0,1,0,1,1,1,1,1,1,1,1,1,1,1,1,1,1,0,0,0,1,0,0,1,1,1,1,1,1,0,1,1,0,0,1,0,0,0,0,1,1,1,1,1,1,1,1,1,1,0,1
1664,1,0,0,0,1,1,0,1,1,1,1,1,0,1,0,1,0,1,0,1,1,1,1,1,1,1,1,1,1,1,1,1,1,0,0,0,1,0,0,1,1,1,1,1,1,0,1,1,0,0,1,0,0,0,0,1,1,1,1,1,1,1,1,1,1,0,1
1665,1,0,0,0,1,2,0,1,1,1,2,1,0,1,0,2,0,1,2,2,1,1,1,1,1,1,1,1,2,1,1,1,1,0,0,0,1,0,0,1,1,1,1,1,1,0,1,1,0,0,1,0,0,0,0,1,1,1,1,1,1,1,1,1,1,0,1
1666,1,0,0,0,1,1,0,1,1,1,1,1,0,1,0,1,0,1,1,1,1,1,1,1,1,1,1,1,1,1,1,1,1,0,0,0,1,0,0,1,1,1,1,1,1,0,1,1,0,0,1,0,0,0,0,1,1,1,1,1,1,1,1,1,1,0,1
1667,1,0,0,0,1,1,0,1,1,1,1,1,0,1,0,1,0,1,1,1,1,1,1,1,1,1,1,1,1,1,1,1,1,0,0,0,1,0,0,1,1,1,1,1,1,0,1,1,0,0,1,0,0,0,0,1,1,1,1,1,1,1,1,1,1,0,1
1668,1,0,0,0,1,1,0,1,1,1,1,1,0,1,0,1,0,1,1,1,1,1,1,1,1,1,1,1,1,1,1,1,1,0,0,0,1,0,0,1,1,1,1,1,1,0,1,1,0,0,1,0,0,0,0,1,1,1,1,1,1,1,1,1,1,0,2
1669,1,0,0,0,1,1,0,1,1,1,1,1,0,1,0,1,0,1,1,1,1,1,1,1,1,1,1,1,1,1,1,1,1,0,0,0,1,0,0,1,1,1,1,1,1,0,1,1,0,0,1,0,0,0,0,1,1,1,1,1,1,1,1,1,1,0,1
1670,1,0,0,0,1,1,0,1,1,1,1,1,0,1,0,1,0,1,1,1,1,1,1,1,1,1,1,1,1,1,1,1,1,0,0,0,1,0,0,1,1,1,1,1,1,0,1,1,0,0,1,0,0,0,0,1,1,1,1,1,1,1,1,1,1,0,1
1671,1,0,0,0,1,1,0,1,1,1,1,1,0,1,0,1,0,1,1,1,2,2,1,2,1,2,2,2,1,2,1,2,2,0,0,0,1,0,0,1,1,1,1,1,1,0,1,1,0,0,1,0,0,0,0,1,1,1,1,1,1,1,1,1,1,0,1
1672,1,0,0,0,1,1,0,1,1,1,1,1,0,1,0,1,0,1,1,1,1,1,1,1,1,1,1,1,1,1,1,1,1,0,0,0,1,0,0,1,1,1,1,1,1,0,1,1,0,0,1,0,0,0,0,1,1,1,1,1,1,1,1,1,1,0,1
1673,1,0,0,0,1,1,0,1,1,1,1,1,0,1,0,1,0,1,1,1,1,1,1,1,1,1,1,1,1,1,1,1,1,0,0,0,1,0,0,1,1,1,1,1,1,0,1,1,0,0,1,0,0,0,0,1,1,1,1,1,1,1,1,1,1,0,1
1674,1,0,0,0,1,1,0,1,1,1,1,1,0,1,0,1,0,1,1,1,1,1,1,1,1,1,1,1,1,1,1,1,1,0,0,0,1,0,0,1,1,1,1,1,1,0,1,1,0,0,1,0,0,0,0,1,1,1,1,1,1,1,1,1,1,0,1
1675,2,0,0,0,2,2,0,1,2,1,1,1,2,1,0,1,0,1,1,1,1,1,1,1,1,1,1,1,1,1,1,1,1,0,0,0,1,0,0,1,1,1,1,1,1,0,1,1,0,0,1,0,0,0,0,1,1,1,1,1,1,1,1,1,1,0,1
1676,1,0,0,0,1,1,0,1,1,1,1,1,1,1,0,1,0,1,1,1,1,1,1,1,1,1,1,1,1,1,1,1,1,0,0,0,1,0,0,1,1,1,1,1,1,0,1,1,0,0,1,0,0,0,0,1,1,1,1,1,1,1,1,1,1,0,1
1677,1,0,0,0,1,1,0,1,1,1,1,1,1,1,0,1,0,1,1,1,1,1,1,1,1,1,1,1,1,1,1,1,1,0,0,0,1,0,0,1,1,1,1,1,1,0,1,1,0,0,1,0,0,0,0,1,1,1,1,1,1,1,1,1,1,0,1
1678,1,0,0,0,1,1,0,1,1,1,1,1,1,1,0,1,0,1,1,1,1,1,1,1,1,1,1,2,1,1,1,1,1,0,0,0,1,0,0,1,1,1,1,1,1,0,1,1,0,0,1,0,0,0,0,2,1,1,1,1,1,1,1,2,1,0,1
1679,1,0,0,0,1,1,0,1,1,1,1,1,1,1,0,1,0,1,1,1,1,1,1,1,1,1,1,1,1,1,2,1,2,0,0,0,1,0,0,1,1,1,1,1,1,0,1,1,0,0,1,0,0,0,0,1,1,1,1,1,1,1,1,1,1,0,1
1680,1,0,0,0,1,1,0,1,1,1,1,1,1,1,0,1,0,1,1,1,1,1,1,1,1,1,1,1,1,1,1,1,1,0,0,0,1,0,0,1,1,1,1,1,1,0,1,1,0,0,1,0,0,0,0,1,1,1,1,1,1,1,1,1,1,0,1
1681,1,0,0,0,1,1,0,1,1,1,1,1,1,1,0,1,0,1,1,1,1,1,1,1,1,1,1,1,1,1,1,1,1,0,0,0,1,0,0,1,1,1,1,1,1,0,1,1,0,0,1,0,0,0,0,1,1,1,1,1,1,1,1,1,1,0,1
1682,1,0,0,0,1,1,0,1,1,1,1,1,1,1,0,1,0,1,1,1,1,1,1,1,1,1,1,1,1,1,1,1,1,0,0,0,1,0,0,1,1,1,1,1,1,0,1,1,0,0,1,0,0,0,0,1,1,1,1,1,1,1,1,1,1,0,1
1683,1,0,0,0,1,1,0,1,2,1,1,1,1,1,0,1,0,1,1,1,1,1,1,1,1,1,1,1,1,1,1,1,1,0,0,2,1,0,0,1,2,2,2,2,1,0,1,1,0,0,1,0,0,0,0,1,1,1,1,2,1,1,1,1,1,0,1
1684,1,0,0,0,1,1,0,1,1,1,1,1,1,1,0,1,0,1,1,1,1,1,1,1,1,1,1,1,1,1,1,1,1,0,0,0,1,0,0,1,1,1,1,1,1,0,1,1,0,0,1,0,0,0,0,1,1,1,1,1,1,1,1,1,1,0,1
1685,1,0,0,0,1,1,0,1,1,1,1,1,1,1,0,1,0,1,1,1,1,1,1,1,1,1,1,1,1,1,1,1,1,0,0,0,1,0,0,1,1,1,1,1,1,0,1,1,0,0,1,0,0,0,0,1,1,1,1,1,1,1,1,1,1,0,1
1686,1,0,0,0,1,1,0,1,1,1,1,1,1,1,0,1,0,1,1,1,1,1,1,1,1,1,1,2,1,2,1,1,1,0,0,0,1,0,0,1,1,1,1,1,1,0,1,1,0,0,1,0,0,0,0,1,1,1,1,1,1,1,1,1,1,0,1
1687,1,0,0,0,1,1,0,2,2,2,2,1,2,2,2,2,0,2,2,1,1,1,1,1,1,1,1,1,1,1,1,1,1,0,0,0,1,0,0,1,1,1,1,1,1,2,1,1,0,0,2,0,0,0,0,1,1,1,1,1,1,1,1,1,1,0,1
1688,1,0,0,0,1,1,0,1,1,1,1,1,1,1,0,1,0,1,1,1,1,1,1,1,1,1,1,1,1,1,1,1,1,0,0,0,1,0,0,1,1,1,1,1,1,0,1,1,0,0,1,0,0,0,0,1,1,1,1,1,1,1,1,1,1,0,1
1689,1,0,0,0,1,1,0,1,1,1,1,2,1,1,0,1,0,1,1,1,1,1,1,1,1,1,1,1,1,1,1,1,1,0,0,0,1,0,0,2,1,1,1,1,1,0,1,1,0,0,1,0,0,0,0,1,1,1,1,1,1,1,1,1,1,0,1
1690,1,0,0,0,1,1,0,1,1,1,1,1,1,1,0,1,0,1,1,1,1,1,1,1,1,1,1,1,1,1,1,1,1,0,0,0,0,0,0,1,1,1,1,1,1,0,1,1,0,0,1,0,0,0,0,1,1,1,1,1,1,1,1,1,1,0,1
1691,1,0,0,0,1,1,0,1,1,1,1,1,1,1,0,1,0,1,1,1,1,1,1,1,1,1,1,1,1,1,1,1,2,0,0,0,0,0,0,1,1,1,1,1,1,0,1,1,0,0,1,0,0,0,0,1,1,1,2,1,2,1,1,2,1,0,1
1692,1,0,0,0,1,1,0,1,1,1,1,1,1,1,0,1,0,1,1,1,1,1,1,1,1,1,1,1,1,1,1,1,1,0,0,0,0,0,0,1,1,1,1,1,1,0,1,1,0,0,1,0,0,0,0,1,1,1,1,1,1,1,1,1,1,0,1
1693,1,0,0,0,1,1,0,1,1,1,1,1,1,1,0,1,0,1,1,1,1,1,1,1,1,1,1,1,1,1,1,2,1,0,0,0,0,0,0,1,1,1,1,1,1,0,1,1,0,0,1,0,0,0,0,1,1,1,1,1,1,1,1,1,1,0,1
1694,1,0,0,0,1,1,0,1,1,1,1,1,1,1,0,1,0,1,1,1,1,1,1,1,1,1,1,1,1,1,2,1,1,0,0,0,0,0,0,1,1,1,1,1,1,0,1,1,0,0,1,0,0,0,0,1,1,1,1,1,1,1,1,1,1,0,1
1695,2,0,0,0,1,1,0,1,1,1,1,1,1,1,0,1,0,1,1,1,1,1,1,1,1,1,1,1,1,1,1,1,1,0,0,0,0,0,0,1,1,1,1,1,1,0,1,1,0,0,1,0,0,0,0,1,1,1,1,1,1,1,1,1,1,0,2
1696,1,0,0,0,1,1,0,1,1,1,1,1,1,1,0,1,0,1,1,1,1,1,1,1,1,1,1,1,1,1,1,1,1,0,0,0,0,0,0,1,1,1,1,1,1,0,1,1,0,0,1,0,0,0,0,1,1,1,1,1,1,1,1,1,1,0,1
1697,1,0,0,0,1,1,0,1,1,1,1,1,1,1,0,1,0,1,1,1,1,1,1,1,1,1,1,1,1,1,1,1,1,0,0,0,0,0,0,1,1,1,1,1,1,0,1,1,0,0,1,0,0,0,0,1,1,1,1,1,1,1,1,1,1,0,1
1698,1,0,0,0,1,1,0,1,1,1,1,1,1,1,0,1,0,1,1,1,1,1,1,1,1,1,1,1,1,1,1,1,1,0,0,0,0,0,0,1,1,1,1,1,1,0,1,1,0,0,1,0,0,0,0,1,1,1,1,1,1,1,1,1,1,0,1
1699,1,0,0,0,1,1,0,1,1,1,1,1,1,1,0,1,0,1,1,1,1,1,1,1,1,1,1,1,1,1,1,1,1,0,0,0,0,0,0,1,1,1,1,1,1,0,1,1,0,0,1,0,0,0,0,1,1,1,1,1,1,1,1,1,1,0,1
1700,1,0,0,0,1,1,0,1,1,1,1,1,1,1,0,1,0,1,1,1,1,1,1,1,1,1,1,2,1,2,1,1,1,0,0,0,0,0,0,1,1,1,1,1,1,0,1,1,0,0,1,0,0,0,0,1,1,1,1,1,1,1,1,1,1,0,1
1701,1,0,0,0,1,1,0,1,1,1,1,1,1,1,0,1,0,1,1,1,1,1,1,1,1,1,1,1,1,1,1,1,1,0,0,0,0,0,0,1,1,1,1,1,1,0,1,1,0,0,1,0,0,0,0,1,1,1,1,1,1,1,1,1,1,0,1
1702,1,0,0,0,1,1,0,1,1,1,1,1,1,1,0,1,0,1,1,1,1,1,1,1,1,1,1,1,1,1,1,1,1,0,0,0,0,0,0,1,1,1,1,1,1,0,1,1,0,0,1,0,0,0,0,1,1,1,1,1,1,1,1,1,1,0,1
1703,1,0,0,0,1,1,0,1,1,1,1,1,1,1,0,1,0,1,1,1,1,1,1,1,1,1,1,1,1,1,1,1,1,0,0,0,0,0,0,1,1,1,1,1,1,0,1,1,0,0,1,0,0,0,0,1,1,1,1,1,1,1,1,1,1,0,1
1704,1,0,0,0,1,1,0,1,1,1,1,1,1,1,0,1,0,1,1,1,1,1,1,1,1,1,1,1,1,1,1,2,1,0,0,0,0,0,0,1,1,1,1,1,1,0,1,1,0,0,1,0,0,0,0,1,1,1,1,1,1,1,1,1,1,0,1
1705,2,0,0,2,2,2,0,1,1,1,1,1,1,1,0,1,0,1,1,1,1,1,1,1,1,1,1,1,1,1,2,1,1,0,0,0,0,0,0,1,1,1,1,2,1,0,1,1,0,0,1,0,0,2,0,1,1,1,1,2,2,1,2,1,1,0,1
1706,1,0,0,1,1,1,0,1,1,1,1,1,1,1,0,1,0,1,1,1,1,1,1,1,1,1,1,1,1,1,1,1,1,0,0,0,0,0,0,1,1,1,1,1,1,0,1,1,0,0,1,0,0,0,0,1,1,1,1,1,1,1,1,1,1,0,1
1707,1,0,0,1,1,1,0,1,1,1,1,1,1,1,0,1,0,1,1,1,1,1,1,1,1,1,1,1,1,1,1,1,1,0,0,0,0,0,0,1,1,1,1,1,1,0,1,1,0,0,1,0,0,0,0,1,1,1,1,1,1,1,1,1,1,0,1
1708,1,0,0,1,1,1,0,1,2,1,2,1,2,1,0,1,2,1,1,1,1,1,1,2,1,2,1,1,2,1,1,1,1,0,0,0,0,0,0,1,1,1,1,1,1,0,1,1,0,0,1,0,0,0,0,1,1,1,1,1,1,1,1,1,1,0,2
1709,1,0,0,1,1,1,0,1,1,1,1,1,1,1,0,1,1,1,1,1,1,1,1,1,1,1,1,1,1,1,1,1,1,0,0,0,0,0,0,1,1,1,1,1,1,0,1,1,0,0,1,0,0,0,0,1,1,1,1,1,1,1,1,1,1,0,1
1710,1,0,0,1,1,1,0,1,1,1,1,1,1,1,0,1,1,1,1,1,2,1,1,1,1,1,1,1,1,1,1,1,1,0,0,0,0,0,0,1,1,1,1,1,1,0,1,1,0,0,1,0,0,0,0,1,1,1,1,1,1,1,1,1,1,0,1
1711,1,0,0,1,1,1,0,1,1,1,1,1,1,1,0,1,1,1,1,1,1,1,1,1,1,1,1,1,1,1,1,1,1,0,0,0,0,0,0,1,1,1,1,1,1,0,1,1,0,0,1,0,0,0,0,1,1,1,1,1,1,1,1,1,1,0,1
1712,1,0,0,1,1,1,0,1,1,1,1,1,1,1,0,1,1,1,1,1,1,1,1,1,1,1,1,1,1,1,1,1,1,0,0,0,0,0,0,1,1,1,1,1,1,0,1,1,0,0,1,0,0,0,0,1,1,1,1,1,1,1,1,1,1,0,1
1713,1,0,0,1,1,1,0,1,1,1,1,1,1,1,0,1,1,1,1,1,1,1,1,1,1,1,1,1,1,1,1,1,1,0,0,0,0,0,0,1,1,1,1,1,1,2,1,2,0,2,2,0,0,0,0,1,1,1,1,1,1,1,1,1,1,0,1
1714,1,0,0,1,1,1,0,1,1,2,2,1,2,1,2,2,2,1,2,1,1,2,1,1,1,1,1,1,1,2,2,1,2,0,0,0,0,0,0,1,1,1,1,1,1,1,1,1,0,1,1,0,0,0,0,1,1,1,1,1,1,1,1,1,1,0,1
1715,1,0,0,1,1,1,0,1,1,1,1,1,1,1,0,1,1,1,1,1,1,1,1,1,1,1,1,1,1,1,1,1,1,0,0,0,0,0,0,1,1,1,1,1,1,1,1,1,0,1,1,0,0,0,0,1,1,1,1,1,1,1,1,1,1,0,1
1716,1,0,0,1,1,1,0,1,1,1,1,1,1,1,0,1,1,1,1,1,1,1,1,1,1,1,1,1,1,1,1,1,1,0,0,0,0,0,0,1,1,1,1,1,1,1,1,1,0,1,1,0,0,0,0,1,1,1,1,1,1,1,1,1,1,0,1
1717,2,2,0,2,2,2,0,1,1,1,1,1,1,1,0,1,1,1,1,1,1,1,1,1,1,1,1,1,1,1,1,1,1,0,2,0,0,0,0,1,1,1,1,1,1,1,1,1,0,1,1,0,0,0,0,1,1,1,1,1,1,1,1,1,1,0,1
1718,1,0,0,1,1,1,0,1,1,1,1,1,1,1,0,1,1,1,1,1,1,1,1,1,1,1,1,1,1,1,1,1,1,0,1,0,0,0,0,1,1,1,1,1,1,1,1,1,0,1,1,0,0,0,0,1,1,1,1,1,1,1,1,1,1,0,1
1719,1,0,0,1,1,1,0,1,1,1,1,1,1,1,0,1,1,1,1,1,1,1,1,1,1,1,1,1,1,1,1,1,1,0,1,0,0,0,0,1,1,1,1,1,1,1,1,1,0,1,1,0,0,0,0,1,1,1,1,1,1,1,1,1,1,0,1
1720,1,0,0,1,1,1,0,2,2,1,1,1,1,1,0,1,1,1,1,1,1,1,1,1,1,1,1,1,1,1,1,1,1,0,1,0,0,0,0,1,1,1,1,1,1,1,2,1,2,2,1,0,0,2,0,1,2,2,2,2,1,1,1,2,2,2,1
1721,1,0,0,1,1,1,0,1,1,1,1,1,1,1,0,1,1,2,1,1,1,1,1,1,1,1,1,1,1,1,1,1,1,0,1,0,0,0,0,1,1,1,1,1,1,1,1,1,1,1,1,0,0,1,0,1,1,1,1,1,1,1,1,1,1,1,1
1722,1,0,0,1,1,1,0,1,1,1,1,1,1,1,0,1,1,1,1,1,1,1,1,1,1,1,2,1,1,2,1,1,1,0,1,0,0,0,0,1,1,1,1,1,1,1,1,1,1,1,1,0,0,1,0,1,1,1,1,1,1,1,1,1,1,1,2
1723,1,0,0,1,1,1,0,1,1,1,1,1,1,1,0,1,1,1,1,1,1,1,1,1,1,1,1,1,1,1,1,1,1,0,1,0,0,0,0,1,1,1,1,1,1,1,1,1,1,1,1,0,0,1,0,1,1,1,1,1,1,1,1,1,1,1,1
1724,1,0,0,1,1,1,0,1,1,1,1,1,1,1,0,1,1,1,1,1,1,1,1,1,1,1,1,1,1,1,1,1,1,0,2,0,0,0,0,1,1,1,1,1,1,1,1,1,1,1,1,0,0,1,0,1,1,1,1,1,1,1,1,1,1,1,1
1725,1,0,0,1,1,1,0,1,1,1,1,1,1,1,0,1,1,1,1,1,1,1,1,1,1,1,1,1,1,1,1,1,1,0,1,0,0,0,0,1,1,1,1,1,1,1,1,1,1,1,1,0,0,1,0,1,1,1,1,1,1,1,1,1,1,1,1
1726,1,0,0,1,1,1,0,1,1,1,1,1,1,1,0,1,1,1,1,1,1,1,1,1,1,1,1,1,1,1,1,1,1,0,1,0,0,0,0,1,1,1,1,1,1,1,1,1,1,1,1,0,0,1,0,1,1,1,1,1,1,1,1,1,1,1,1
1727,1,0,0,1,1,1,0,1,1,1,1,1,1,1,0,1,1,1,1,1,1,1,1,1,1,1,1,1,1,1,1,1,1,0,1,0,0,0,0,1,1,1,1,1,1,1,1,1,1,1,1,0,0,1,0,1,1,1,1,1,1,1,1,1,1,1,1
1728,1,0,0,1,1,1,0,1,1,1,1,1,1,1,0,1,1,1,1,1,1,1,1,1,1,1,1,1,1,1,1,1,1,0,1,0,0,0,0,1,1,1,1,1,1,1,1,1,1,1,1,0,0,1,0,1,1,1,1,1,1,1,1,1,1,1,1
1729,1,0,0,1,1,1,0,1,1,1,1,1,1,1,0,1,1,1,1,1,1,1,1,1,1,1,2,1,1,1,1,1,1,0,1,0,0,0,0,1,1,1,1,1,1,1,1,1,1,1,1,0,0,1,0,1,1,1,1,1,1,1,1,1,1,1,1
1730,1,0,0,1,1,1,0,1,2,1,1,1,1,1,0,1,1,1,1,2,1,1,1,1,1,1,1,1,2,1,1,1,1,0,1,2,0,0,0,1,1,1,1,1,1,1,1,1,1,1,1,0,0,1,0,1,1,1,1,1,1,1,1,1,1,1,1
1731,2,0,2,2,2,1,0,1,1,1,1,1,1,1,0,1,1,1,2,1,1,1,1,1,1,1,1,1,1,1,1,1,1,0,1,0,0,2,0,2,2,2,2,1,1,1,1,1,1,1,1,0,0,1,0,1,1,1,1,1,1,1,1,1,1,1,1
1732,1,0,1,1,1,1,0,1,1,1,2,1,1,1,0,2,1,1,1,1,1,1,1,1,1,1,1,1,1,1,1,1,1,0,1,0,0,1,0,1,1,1,1,1,1,1,1,1,1,1,1,0,0,1,0,1,1,1,1,1,1,1,1,1,1,1,1
1733,1,0,1,1,1,1,0,1,1,1,1,1,1,1,0,1,1,1,1,1,1,1,1,1,1,1,1,1,1,1,1,1,1,0,1,0,0,1,0,1,1,1,1,1,1,1,1,1,1,1,1,0,0,1,0,1,1,1,1,1,1,1,1,1,1,1,1
1734,1,0,1,1,1,1,0,1,1,1,1,1,1,1,0,1,1,1,1,1,1,1,1,1,1,1,1,1,1,1,1,1,2,0,2,0,0,1,0,1,1,1,1,1,1,1,1,1,1,1,1,0,0,1,0,1,1,1,1,1,1,1,1,1,1,1,1
1735,1,0,1,1,1,1,0,1,1,1,1,1,1,1,0,1,1,1,1,1,2,1,1,1,1,1,2,1,1,2,1,1,1,0,1,0,0,1,0,1,1,1,1,1,1,1,1,1,1,1,1,0,0,1,0,1,2,2,1,2,1,1,1,2,1,1,1
1736,1,0,1,1,1,1,0,1,1,1,1,1,1,1,0,1,1,1,1,1,1,1,1,1,1,1,1,1,1,1,1,1,1,0,1,0,0,1,0,1,1,1,1,1,1,1,1,1,1,1,1,0,0,1,0,1,1,1,1,1,1,1,1,1,1,1,1
1737,1,0,1,1,1,1,0,1,1,1,1,1,1,1,0,1,1,1,1,1,1,1,1,1,1,1,1,1,1,1,1,1,1,0,1,0,0,1,0,1,1,1,1,1,1,1,1,1,1,1,1,0,0,1,0,1,1,1,1,1,1,1,1,1,1,1,1
1738,1,0,1,1,1,1,0,1,1,1,1,1,1,1,0,1,1,1,1,1,1,1,1,2,1,1,1,1,2,1,1,1,1,0,1,0,0,1,0,1,1,1,1,1,1,1,1,1,1,1,1,0,0,1,0,1,1,1,1,1,1,1,1,1,1,1,1
1739,1,0,1,2,1,2,0,1,2,2,2,2,2,1,0,1,2,1,1,1,1,1,1,1,1,1,1,1,1,1,1,1,1,0,1,0,0,1,0,1,1,1,1,1,1,1,1,1,1,1,1,0,0,1,0,1,1,1,1,1,1,1,1,1,1,1,1
1740,1,0,1,1,1,1,0,1,1,1,1,1,1,1,0,1,1,1,1,1,1,1,1,1,1,1,1,1,1,1,1,1,1,0,1,0,0,1,0,1,1,1,1,1,1,2,2,2,1,1,1,0,0,1,0,1,1,1,1,1,1,1,1,1,1,1,1
1741,1,0,1,1,1,1,0,1,1,1,1,1,1,1,0,1,1,1,1,1,1,1,1,1,1,1,2,1,1,1,1,1,1,0,1,0,0,1,0,1,1,1,1,1,1,1,1,1,1,2,2,2,2,2,0,1,1,1,1,1,1,1,1,2,1,2,1
1742,1,0,1,1,1,1,0,1,1,1,1,1,1,1,0,1,1,1,1,1,1,1,1,1,1,1,1,1,1,1,1,1,1,0,1,0,0,1,0,1,1,1,1,1,1,1,1,1,1,1,1,1,0,1,0,1,1,1,1,1,1,1,1,1,1,1,1
1743,1,0,1,1,1,1,0,1,1,1,1,1,1,1,0,1,1,1,1,1,1,1,1,1,1,1,1,1,1,1,2,2,1,0,1,0,0,1,0,1,1,1,1,1,1,1,1,1,1,1,1,1,0,1,0,1,1,1,1,1,1,1,1,1,1,1,1
1744,1,0,1,1,1,1,0,1,1,1,1,1,1,1,0,1,1,1,1,1,1,1,1,1,1,1,1,1,1,1,1,1,1,0,1,0,0,1,0,1,1,1,1,1,1,1,1,1,1,1,1,1,0,1,0,1,1,1,1,1,1,1,1,1,1,1,1
1745,1,0,1,1,1,1,0,1,1,1,1,1,1,1,0,1,1,1,1,1,1,1,1,1,1,1,1,1,1,1,1,1,1,0,1,0,0,1,0,1,1,1,1,1,1,1,1,1,1,1,1,1,0,1,0,1,1,1,1,1,1,1,1,1,1,1,1
1746,1,0,1,1,1,1,0,1,1,1,1,1,1,1,0,1,1,1,1,1,1,1,1,1,1,1,1,1,1,1,1,1,1,0,1,0,0,1,0,1,1,1,1,1,1,1,1,1,1,1,1,1,0,1,0,1,1,1,1,1,1,1,1,1,1,1,1
1747,1,0,1,1,1,1,0,1,1,1,1,1,1,1,0,1,1,1,1,1,1,1,1,1,1,1,1,1,1,1,1,1,1,0,1,0,0,1,0,1,1,1,1,1,1,1,1,1,1,1,1,1,0,1,0,1,1,1,1,1,1,1,1,1,1,1,1
1748,1,0,1,1,1,1,0,1,1,1,1,1,1,1,0,1,1,1,1,1,1,1,1,1,1,1,1,1,1,1,1,1,1,0,2,0,0,1,0,1,1,1,1,1,1,1,1,1,1,1,1,1,0,1,0,1,1,1,1,1,1,1,1,1,1,1,1
1749,1,0,1,1,1,1,0,1,1,1,1,1,1,1,0,1,1,1,1,1,1,1,1,1,1,1,1,1,1,1,1,1,1,0,1,0,0,1,0,1,1,1,1,1,1,1,1,1,1,1,1,1,0,1,0,1,1,1,1,1,1,1,1,1,1,1,1
1750,1,0,1,1,1,1,0,1,1,1,1,1,1,1,0,1,1,1,1,1,1,1,1,1,1,1,1,1,1,1,1,1,1,0,1,0,0,1,0,1,1,1,1,1,1,1,1,1,1,1,1,1,0,1,0,1,1,1,1,1,1,1,1,1,1,1,1
1751,1,0,1,1,1,1,0,2,2,2,1,1,1,1,0,2,1,1,1,1,1,1,1,1,1,1,1,1,1,1,1,1,1,0,1,0,0,1,0,1,1,1,1,1,1,1,1,1,1,1,1,1,0,1,0,1,1,1,1,1,1,1,1,1,1,1,1
1752,1,0,1,1,1,1,0,1,1,1,1,1,1,1,0,1,1,1,1,1,1,1,1,1,1,1,1,1,1,1,1,1,1,0,1,0,0,1,0,1,1,1,1,1,2,1,1,1,1,1,1,1,0,1,0,1,1,1,1,1,1,1,1,1,1,1,1
1753,1,0,1,1,1,1,0,1,1,1,1,1,1,1,0,1,1,1,1,1,1,1,1,1,1,1,1,1,1,1,1,1,1,0,1,0,0,1,0,1,1,1,1,1,1,1,2,1,1,1,2,2,0,1,0,1,1,1,1,1,1,1,1,1,1,1,1
1754,1,0,1,1,1,1,0,1,1,1,1,1,1,1,0,1,1,1,1,1,1,1,1,1,1,1,1,2,1,1,1,1,1,0,1,0,0,1,0,1,1,1,1,1,1,1,1,1,1,1,1,1,0,1,0,1,1,1,1,1,1,1,1,1,1,1,1
1755,1,0,1,1,1,1,0,1,1,1,1,1,1,1,0,1,1,1,1,1,1,1,1,1,1,1,2,1,1,1,1,1,1,0,1,0,0,1,0,1,1,1,1,1,1,1,1,1,1,1,1,1,0,1,0,1,1,1,1,1,1,1,1,1,1,1,1
1756,1,0,1,1,1,1,0,1,1,1,1,1,1,1,0,1,1,1,1,1,1,1,1,1,1,1,1,1,1,1,1,1,1,0,1,0,0,1,0,1,1,1,1,1,1,1,1,1,1,1,1,1,0,2,0,2,2,2,1,2,2,1,2,2,1,1,1
1757,2,2,2,1,2,2,0,1,1,1,1,2,1,1,0,1,1,1,1,1,2,1,1,1,1,1,1,1,1,2,1,1,1,0,2,0,0,1,0,1,1,1,1,1,1,1,1,1,1,1,1,1,0,0,0,1,1,1,1,1,1,1,1,1,1,1,1
1758,1,0,1,1,1,1,0,1,1,1,1,1,1,1,0,1,1,1,2,1,1,1,1,2,2,2,1,1,2,1,1,1,1,0,1,2,0,1,0,1,1,1,1,1,1,1,1,1,1,1,1,1,0,0,0,1,1,1,1,1,1,1,1,1,1,1,1
1759,1,0,1,1,1,1,0,1,1,1,1,1,1,1,0,1,1,1,1,1,1,1,1,1,1,1,1,1,1,1,1,1,1,0,1,0,0,1,0,2,2,2,2,1,1,2,2,2,1,2,2,2,2,0,0,1,1,1,1,1,1,1,1,1,1,2,1
1760,1,0,1,1,1,1,0,1,1,1,1,1,1,1,0,1,1,1,1,1,2,1,1,1,1,1,1,1,1,1,1,1,1,0,1,0,0,1,0,1,1,1,1,1,1,1,1,1,1,1,1,1,1,0,0,1,1,1,1,1,1,1,1,1,1,1,1
1761,1,0,1,1,1,1,0,1,1,1,1,1,1,1,0,1,1,1,1,1,1,1,1,1,1,1,1,1,1,1,1,1,1,0,1,0,0,1,0,1,1,1,1,1,1,1,1,1,1,1,1,1,1,0,0,1,1,1,1,1,1,1,1,1,1,1,1
1762,1,0,1,1,1,1,0,1,1,1,1,1,1,1,0,1,1,1,1,1,1,1,1,1,1,1,1,1,1,1,1,1,1,0,1,0,0,1,0,1,1,1,1,1,1,1,1,1,1,1,1,1,1,0,0,1,1,1,1,1,1,1,1,1,1,1,2
1763,1,0,1,1,1,1,0,1,1,1,1,1,1,1,0,1,1,1,1,1,1,1,1,1,1,1,1,1,1,1,1,1,1,0,1,0,0,1,0,1,1,1,1,1,1,1,1,1,1,1,1,1,1,0,0,1,1,1,1,1,1,1,1,1,1,1,1
1764,1,0,1,1,1,1,0,1,1,1,1,1,1,1,0,1,1,1,1,1,1,1,1,1,1,1,1,1,1,1,1,1,0,0,1,0,0,1,0,1,1,1,1,1,1,1,2,1,1,1,1,1,1,0,0,1,1,1,1,1,1,1,1,1,1,1,1
1765,1,0,1,1,1,1,0,1,2,2,1,1,2,1,0,2,2,2,1,1,1,2,1,1,1,1,1,2,1,1,1,1,0,0,1,0,0,1,0,1,1,1,1,1,1,1,1,1,1,1,1,1,1,0,0,1,1,1,1,1,1,1,1,1,1,1,1
1766,1,0,1,1,1,1,0,1,1,1,1,1,1,1,0,1,1,1,1,1,1,1,1,1,1,1,1,1,1,1,1,1,0,0,1,0,0,1,0,1,1,1,1,1,1,1,1,1,1,1,1,1,1,0,0,1,1,1,1,1,1,1,1,1,1,1,1
1767,1,0,1,1,1,1,0,1,1,1,1,1,1,1,0,1,1,1,1,1,1,1,1,1,1,1,1,1,1,1,1,1,0,0,1,0,0,1,0,1,1,1,1,1,1,1,1,1,1,1,1,1,1,0,0,1,1,1,1,1,1,1,1,1,1,1,1
1768,1,0,1,1,1,1,0,1,1,1,1,1,1,1,0,1,1,1,1,1,1,1,1,1,1,1,1,1,1,1,1,1,0,0,1,0,0,1,0,1,1,1,1,1,1,1,1,1,1,1,1,1,1,0,0,1,1,1,1,1,1,1,1,1,1,1,1
1769,1,0,1,1,1,1,0,1,1,1,1,1,1,1,0,1,1,1,1,1,1,1,1,1,1,1,1,1,1,1,1,1,0,0,1,0,0,1,0,1,1,1,1,1,1,1,1,1,1,1,1,1,1,0,0,1,1,1,1,1,1,1,1,1,1,1,1
1770,1,0,1,1,1,1,0,1,1,1,1,1,1,1,0,1,1,1,1,1,1,1,1,1,1,1,1,1,1,1,1,1,0,0,1,0,0,1,0,1,1,1,1,1,1,1,1,1,1,1,1,1,1,0,0,1,1,1,1,1,1,1,1,1,1,1,1
1771,1,0,1,1,1,1,0,2,1,1,1,1,1,1,0,1,1,1,1,1,1,1,1,1,1,1,1,1,1,1,1,1,0,0,1,0,0,1,0,1,1,1,1,1,1,1,1,1,1,1,1,1,1,0,0,1,1,1,1,1,1,1,1,1,1,1,1
1772,1,0,1,1,1,1,0,1,1,1,2,1,1,1,0,1,1,1,1,1,1,1,1,1,1,1,1,2,1,2,1,1,0,0,1,0,0,1,0,1,1,1,1,1,1,1,1,1,1,1,1,1,1,0,0,1,1,1,1,1,1,1,1,1,1,1,1
1773,1,0,1,1,1,1,0,1,1,1,1,1,1,1,0,1,1,1,1,1,1,1,1,1,1,1,1,1,1,1,1,1,0,0,1,0,0,1,0,1,1,1,1,1,1,1,1,1,1,1,1,1,1,0,0,1,1,1,1,1,1,1,1,1,1,1,1
1774,2,2,2,1,1,1,0,1,1,1,1,1,1,1,0,1,1,1,1,1,1,1,1,1,1,1,1,1,1,1,1,1,0,0,1,0,0,1,0,1,1,1,1,1,1,1,1,1,1,1,1,1,1,0,0,1,1,1,1,1,1,1,1,1,1,1,1
1775,1,0,1,1,1,1,0,1,1,1,1,1,1,1,0,1,1,1,1,1,1,1,1,1,1,1,1,1,1,1,1,1,0,0,1,0,0,1,0,1,1,1,1,1,1,1,1,1,1,1,1,1,1,0,0,1,1,1,1,1,1,1,1,1,1,1,1
1776,1,0,1,2,1,1,0,1,1,1,1,1,1,1,0,1,1,1,1,1,1,1,1,1,1,1,2,1,1,1,2,1,0,0,1,0,0,1,0,1,1,1,1,1,1,1,1,1,1,1,1,1,1,0,0,1,1,1,1,1,1,1,1,1,1,1,1
1777,1,0,1,1,1,1,0,1,1,1,1,1,1,1,0,1,1,1,1,1,1,1,1,1,1,1,1,1,1,1,1,1,0,0,1,0,0,1,0,1,1,1,1,1,1,1,1,1,1,1,1,1,1,0,0,1,1,1,1,1,1,1,1,1,1,1,1
1778,1,0,1,1,1,1,0,1,1,1,1,1,1,1,0,1,1,1,1,1,1,1,1,1,1,1,1,1,1,1,1,1,0,0,1,0,0,1,0,1,1,1,1,1,1,1,1,1,1,1,1,1,1,0,0,1,1,1,1,1,1,1,1,1,1,1,2
1779,1,0,1,1,1,1,0,1,1,1,1,1,1,1,0,1,1,1,1,1,1,1,1,1,1,1,1,1,1,1,1,1,0,0,1,0,0,1,0,1,1,1,1,1,1,1,1,1,1,1,1,1,1,0,0,1,1,1,1,1,1,1,1,1,1,1,1
1780,1,0,1,1,1,1,0,1,1,1,1,1,1,1,0,1,1,1,1,1,1,1,1,1,1,1,1,1,1,1,1,1,0,0,1,0,0,1,0,1,1,1,1,1,1,1,2,1,1,1,1,1,1,0,0,1,1,1,1,1,1,1,1,1,1,1,1
1781,1,0,1,1,1,1,0,2,1,2,1,2,2,1,0,2,1,1,1,1,2,1,1,1,1,1,1,1,1,2,1,1,0,0,1,0,0,1,0,1,1,1,1,1,1,1,1,1,1,1,1,1,1,0,0,1,1,1,1,1,1,1,1,1,1,1,1
1782,1,0,1,1,1,1,0,1,1,1,1,1,1,1,0,1,1,1,1,1,1,1,1,1,1,1,1,1,1,1,1,1,0,0,1,0,0,1,0,1,1,1,1,1,1,1,1,1,1,1,1,1,1,0,0,1,1,1,1,1,1,1,1,1,1,1,1
1783,2,2,2,1,2,1,0,1,1,1,1,1,1,1,0,1,1,1,1,1,1,1,1,1,1,1,1,1,1,1,1,1,0,0,1,0,0,1,0,1,1,1,1,1,2,2,2,1,1,1,2,2,2,0,0,2,2,2,2,2,2,1,2,2,1,2,1
1784,1,0,1,1,1,1,0,1,1,1,1,1,1,1,0,1,1,1,1,1,1,1,1,1,1,1,1,1,1,1,1,1,0,0,1,0,0,1,0,1,1,1,1,1,1,1,1,1,1,1,1,1,1,0,0,1,1,1,1,1,1,1,1,1,1,1,1
1785,1,0,1,1,1,1,0,1,1,1,1,1,1,1,0,1,1,1,1,1,1,1,1,1,1,1,1,1,1,1,1,1,0,0,1,0,0,1,0,1,1,1,1,1,1,1,1,1,1,1,1,1,1,0,0,1,1,1,1,1,1,1,1,1,1,1,1
1786,1,0,1,1,1,1,0,1,1,1,1,1,1,1,0,1,1,1,1,1,1,1,1,1,1,1,1,1,1,1,1,1,0,0,1,0,0,1,0,1,1,1,1,1,1,1,1,1,1,1,1,1,1,0,0,1,1,1,1,1,1,1,1,1,1,1,1
1787,1,0,1,1,1,1,0,1,1,1,1,1,1,1,0,1,1,1,1,1,1,1,1,1,1,1,1,1,1,1,1,1,0,0,1,0,0,1,0,1,1,1,1,1,1,1,1,1,1,1,1,1,1,0,0,1,1,1,1,1,1,1,1,1,1,1,1
1788,1,0,1,1,1,1,0,1,1,1,1,1,1,1,0,1,1,1,1,1,1,1,1,1,1,1,1,1,2,1,1,1,0,0,1,0,0,1,0,1,1,1,1,1,1,1,2,1,1,1,1,1,1,0,0,1,1,1,1,1,1,1,1,1,1,1,1
1789,1,0,1,1,1,1,0,1,1,1,1,1,1,1,0,1,1,1,1,1,1,1,1,1,1,1,1,1,1,1,1,1,0,0,1,0,0,1,0,1,1,1,1,1,1,1,1,1,1,1,1,1,1,0,0,1,1,1,1,1,1,1,1,1,1,1,1
1790,1,0,1,1,1,1,0,1,1,1,1,1,1,1,0,1,1,1,1,1,2,1,1,1,1,1,1,1,1,1,1,1,0,0,1,0,0,1,0,1,1,1,1,1,1,1,1,1,1,1,1,1,1,0,0,1,1,1,1,1,1,1,1,1,1,1,1
1791,1,0,1,1,1,1,0,1,1,1,1,1,1,1,0,1,1,1,1,1,1,1,1,1,1,1,1,1,1,1,1,1,0,0,1,0,0,1,0,1,1,1,1,1,1,1,1,1,1,1,1,1,1,0,0,1,1,1,1,1,1,1,1,1,1,1,2
1792,1,0,1,1,1,1,0,1,1,1,0,1,1,1,0,1,1,1,1,1,1,1,1,1,1,1,1,1,1,1,1,1,0,0,1,0,0,1,0,1,1,1,1,1,1,1,1,1,1,1,1,1,1,0,0,1,1,1,1,1,1,1,1,1,1,1,1
1793,1,0,1,1,1,1,0,1,1,1,0,1,1,1,0,1,1,1,1,1,1,1,1,1,1,1,1,1,1,1,1,1,0,0,1,0,0,1,0,1,1,1,1,1,1,1,1,1,1,1,1,1,1,0,0,1,1,1,1,1,1,1,1,1,1,1,1
1794,1,0,1,1,1,2,0,1,1,1,0,1,1,1,0,1,1,1,1,2,1,1,1,1,1,1,2,1,1,1,1,1,0,0,1,0,0,1,0,1,1,1,1,1,1,1,1,1,1,1,1,1,1,0,0,1,1,1,1,1,1,1,1,1,1,1,1
1795,1,0,1,1,1,1,0,1,1,1,0,1,1,1,0,1,1,1,1,1,1,1,1,1,1,1,1,1,1,1,1,1,0,0,1,0,0,1,0,1,1,1,1,1,1,1,1,1,1,1,1,1,1,0,0,1,1,1,1,1,1,1,1,1,1,1,1
1796,2,2,2,2,1,1,0,1,1,1,0,1,1,1,0,1,1,1,1,1,1,1,1,1,1,1,1,1,1,1,1,1,0,0,1,0,0,1,0,1,1,1,1,1,1,1,1,1,1,1,1,1,1,0,0,1,1,1,1,1,1,1,1,1,1,1,1
1797,1,0,1,1,1,1,0,1,1,1,0,1,1,1,0,1,1,1,1,1,1,1,1,1,2,1,1,1,2,1,1,1,0,0,1,0,0,1,0,1,1,1,1,1,1,1,1,1,1,1,1,1,1,0,0,1,1,1,1,1,1,1,1,1,1,1,1
1798,1,0,1,1,1,1,0,1,1,1,0,1,1,1,0,1,1,1,1,1,1,1,2,2,1,2,1,1,1,1,1,1,0,0,1,0,0,1,0,1,1,1,1,1,2,1,2,2,2,2,2,2,1,0,0,1,1,1,1,1,1,1,1,1,1,2,1
1799,1,0,1,1,1,1,0,1,1,1,0,1,1,1,0,2,1,1,1,1,1,1,1,1,1,1,1,1,1,1,1,1,0,0,1,0,0,1,0,1,1,1,1,1,1,1,1,1,1,1,1,1,1,0,0,1,1,1,1,1,1,1,1,1,1,1,1
1800,1,0,1,1,1,1,0,1,2,2,0,1,2,1,2,1,1,1,1,1,1,1,1,1,1,1,1,1,1,1,1,1,0,0,1,0,0,1,0,1,1,1,1,1,1,1,1,1,1,1,1,1,1,0,0,1,1,1,1,1,1,1,1,1,1,1,1
1801,1,0,1,1,1,1,0,1,1,1,0,1,1,1,1,1,1,1,1,1,1,1,1,1,1,1,1,1,1,1,1,1,0,0,1,0,0,1,0,1,1,1,1,1,1,1,1,1,1,1,1,1,1,0,0,1,1,1,1,1,1,1,1,1,1,1,1
1802,1,0,1,1,1,1,0,1,1,1,0,1,1,1,1,1,1,1,1,1,1,1,1,1,1,1,1,1,1,1,1,1,0,0,1,0,0,1,0,1,1,1,1,1,1,1,1,1,1,1,1,1,1,0,0,1,1,1,1,1,1,1,1,1,1,1,1
1803,1,0,1,1,1,1,0,1,1,1,0,1,1,1,1,1,1,1,1,1,1,1,1,1,1,1,1,1,1,1,1,1,0,0,1,0,0,1,0,1,1,1,1,1,1,1,1,1,1,1,1,1,1,0,0,1,1,1,1,1,1,1,1,1,1,1,1
1804,1,0,1,1,1,1,0,1,1,1,0,1,1,1,1,1,1,1,1,1,1,1,1,1,1,1,1,1,1,1,1,1,0,0,1,0,0,1,0,1,1,1,1,1,1,1,1,1,1,1,1,1,1,0,0,1,1,1,1,1,1,1,1,1,1,1,1
1805,1,0,1,1,1,1,0,1,1,1,0,1,1,1,1,1,1,1,1,1,1,1,1,1,1,1,1,1,1,1,1,1,0,0,1,0,0,1,0,1,1,1,1,1,1,1,1,1,1,1,1,1,1,0,0,1,1,1,1,1,1,1,1,1,1,1,1
1806,1,0,1,1,1,1,0,1,1,1,0,1,1,1,1,1,1,1,1,1,1,1,1,1,1,1,1,1,1,2,1,1,0,0,1,0,0,1,0,1,1,1,1,1,1,1,1,1,1,1,1,1,1,0,0,1,1,1,1,1,1,1,1,1,1,1,1
1807,1,0,1,1,1,1,0,1,1,1,0,1,1,1,1,1,1,1,1,1,1,1,1,1,1,1,1,1,1,1,1,1,0,0,1,0,0,1,0,1,1,1,1,1,1,1,1,1,1,1,1,1,1,0,0,1,1,1,1,1,1,1,1,1,1,1,1
1808,1,0,1,1,1,1,0,1,1,1,0,1,1,1,1,1,1,1,1,1,1,1,1,1,1,1,1,1,1,1,1,1,0,0,1,0,0,1,0,1,1,1,1,1,1,1,1,1,1,1,1,1,1,0,0,1,1,1,1,1,1,1,1,1,1,1,1
1809,1,0,1,1,1,1,0,1,1,1,0,1,1,1,1,1,1,1,1,1,1,1,1,1,1,1,1,1,1,1,1,1,0,0,1,0,0,1,0,1,1,1,1,1,1,1,1,1,1,1,1,1,1,0,0,1,1,1,1,1,1,1,1,1,1,1,1
1810,1,0,1,1,1,1,0,1,1,1,0,1,1,1,1,1,1,1,1,1,0,1,1,1,1,1,1,1,1,1,1,1,0,0,1,0,0,1,0,1,1,1,1,1,1,1,1,1,1,1,1,1,1,0,0,1,1,1,1,1,1,1,1,1,1,1,1
1811,1,0,1,1,1,1,0,1,1,1,0,1,1,1,1,1,1,1,1,1,0,1,1,1,1,1,1,1,1,1,1,1,0,0,1,0,0,1,0,1,1,1,1,1,1,1,1,1,1,1,1,1,1,0,0,1,1,1,1,1,1,1,1,1,1,1,1
1812,1,0,2,2,1,1,0,2,2,1,0,1,2,1,2,2,2,2,2,1,0,1,1,1,1,1,2,2,1,1,1,2,0,0,1,0,0,1,0,1,1,1,1,1,1,1,1,1,1,1,1,1,1,0,0,1,1,1,1,1,1,1,1,1,1,1,1
1813,1,0,1,1,1,1,0,1,1,1,0,1,1,1,1,1,1,1,1,1,0,1,1,1,1,1,1,1,1,1,1,1,0,0,1,0,0,1,0,1,1,1,1,1,1,1,1,1,1,1,1,1,1,0,0,1,1,1,1,1,1,1,1,1,1,1,1
1814,1,0,1,1,1,1,0,1,1,1,0,1,1,1,1,1,1,1,1,2,0,2,1,1,2,1,1,1,1,1,1,1,0,0,1,0,0,1,0,1,1,1,1,1,1,1,1,1,1,1,1,1,1,0,0,1,1,1,1,1,1,1,1,1,1,1,1
1815,1,0,1,1,1,1,0,1,1,1,0,1,1,1,1,1,1,1,1,1,0,1,1,1,1,1,1,1,1,1,1,1,0,0,1,0,0,0,0,1,1,1,1,1,1,1,1,1,1,1,1,1,1,0,0,1,1,1,1,1,1,1,1,1,1,1,1
1816,1,0,1,1,1,1,0,1,1,1,0,1,1,1,1,1,1,1,1,1,0,1,1,1,1,1,1,1,1,1,1,1,0,0,1,0,0,0,0,1,1,1,1,1,1,1,1,1,1,1,1,1,1,0,0,1,1,1,1,1,1,1,1,1,1,1,1
1817,1,0,1,1,1,1,0,1,1,1,0,1,1,1,1,1,1,1,1,1,0,1,1,1,1,1,1,1,2,2,1,1,0,0,2,0,0,0,0,1,1,1,1,1,1,1,1,1,1,1,1,1,1,0,0,1,1,1,1,1,1,1,1,1,1,1,1
1818,1,0,1,1,1,1,0,1,1,1,0,1,1,1,1,1,1,1,1,1,0,1,1,1,1,1,1,1,1,1,1,1,0,0,1,0,0,0,0,1,1,1,1,1,1,1,1,1,1,1,1,1,1,0,0,1,1,1,1,1,1,1,1,1,1,1,1
1819,1,0,1,1,1,1,0,1,1,1,0,1,1,1,1,1,1,1,1,1,0,1,1,1,1,1,1,1,1,1,1,1,0,0,1,0,0,0,0,1,1,1,1,1,1,1,1,1,1,1,1,1,1,0,0,1,1,1,1,1,1,1,1,1,1,1,1
1820,1,0,1,1,1,1,0,1,1,1,0,1,1,1,1,1,1,1,1,1,0,1,1,1,1,1,1,1,1,1,1,1,0,0,1,0,0,0,0,0,1,1,1,1,1,1,1,1,1,1,1,1,1,0,0,1,1,1,1,1,1,1,1,1,1,1,1
1821,1,0,1,1,1,1,0,1,1,1,0,1,1,1,1,1,1,1,1,1,0,1,1,1,1,1,1,1,1,1,1,1,0,0,1,0,0,0,0,0,1,1,1,1,1,1,1,1,1,1,1,1,1,0,0,1,1,1,1,1,1,1,1,1,1,1,1
1822,1,0,1,1,1,1,0,1,1,1,0,1,1,1,1,1,1,1,1,1,0,1,1,1,1,1,1,2,1,2,1,1,0,0,1,0,0,0,0,0,1,1,1,1,1,1,1,1,1,1,1,1,1,0,0,2,2,2,2,2,2,1,2,2,1,1,2
1823,1,0,1,1,1,1,0,1,1,1,0,1,1,1,1,1,1,1,1,1,0,1,1,1,1,1,1,1,1,1,1,1,0,0,1,0,0,0,0,0,1,1,1,1,1,1,1,1,1,1,1,1,1,0,0,1,1,1,1,1,0,1,1,1,1,1,1
1824,1,0,1,1,1,1,0,1,1,1,0,1,1,1,1,1,1,1,1,1,0,1,1,1,1,1,1,1,1,1,1,1,0,0,1,0,0,0,0,0,1,1,1,1,1,1,1,1,1,1,1,1,1,0,0,1,1,1,1,1,0,1,1,1,1,1,1
1825,1,0,1,1,1,1,0,1,1,1,0,1,1,1,1,1,1,1,1,1,0,1,1,1,1,1,1,1,1,1,1,1,0,0,1,0,0,0,0,0,1,1,1,1,1,1,1,1,1,1,1,1,1,0,0,1,1,1,1,1,0,1,1,1,1,1,1
1826,1,0,1,1,1,1,0,1,1,1,0,1,1,1,1,1,1,1,1,1,0,1,1,1,1,1,1,1,1,1,1,1,0,0,1,0,0,0,0,0,1,1,1,1,1,1,1,1,1,1,1,1,1,0,0,1,1,1,1,1,0,1,1,1,1,1,1
1827,1,2,2,1,2,2,0,1,2,1,0,1,1,1,1,1,1,1,1,1,0,1,1,1,1,1,1,1,1,1,1,1,0,0,1,0,0,0,0,0,1,1,1,1,1,1,1,1,1,1,1,1,1,0,0,1,1,1,1,1,0,1,1,1,1,1,1
1828,1,1,1,1,1,0,0,1,1,1,0,1,1,1,1,1,1,1,1,1,0,1,1,1,1,1,1,1,1,1,1,1,0,0,1,0,0,0,0,0,1,1,1,1,1,1,1,1,1,1,1,1,1,0,0,1,1,1,1,1,0,1,1,1,1,1,1
1829,1,1,1,2,1,0,0,1,1,1,0,1,1,1,1,1,1,1,1,1,0,1,1,1,1,1,1,1,1,1,1,2,0,0,1,0,0,0,0,0,0,1,1,1,1,1,1,1,1,1,1,1,1,0,0,1,1,1,1,1,0,1,1,1,1,1,1
1830,1,1,1,1,1,0,0,1,1,1,0,1,1,1,1,1,1,1,1,1,0,1,1,1,1,1,1,2,1,1,1,1,0,0,1,0,0,0,0,0,0,1,1,1,1,1,1,1,1,1,1,1,1,0,0,1,1,1,1,1,0,1,1,1,1,1,1
1831,1,1,1,1,1,0,0,1,2,2,0,2,2,1,2,2,2,2,2,1,0,1,1,1,1,1,1,1,1,1,0,1,0,0,1,2,0,0,0,0,0,1,1,1,1,1,1,1,1,1,1,1,1,0,0,1,1,1,1,1,0,1,1,1,1,1,1
1832,1,1,1,1,1,0,0,1,1,1,0,1,1,1,1,1,1,1,1,1,0,1,1,1,1,1,1,1,1,1,0,1,0,0,1,0,0,0,0,0,0,1,1,1,1,1,1,1,1,1,1,1,1,0,0,1,1,1,1,1,0,1,1,1,1,1,1
1833,1,1,1,1,1,0,0,1,1,1,0,1,1,1,1,1,1,1,1,1,0,1,1,1,1,1,1,1,1,1,0,1,0,0,1,0,0,0,0,0,0,1,1,1,1,1,1,1,1,1,1,1,1,0,0,1,1,1,1,1,0,1,1,1,1,1,1
1834,1,1,1,1,1,0,0,1,1,1,0,1,1,1,1,1,1,1,1,1,0,2,1,1,2,1,1,1,1,1,0,1,0,0,1,0,0,0,0,0,0,1,1,1,1,1,1,1,1,1,1,1,1,0,0,1,1,1,1,1,0,1,1,1,1,1,1
1835,1,1,1,1,1,0,0,1,1,1,0,1,1,1,1,1,1,1,1,1,0,0,1,1,1,1,1,1,1,1,0,1,0,0,1,0,0,0,0,0,0,1,1,1,1,1,1,1,1,1,1,1,1,0,0,1,1,1,1,1,0,1,1,1,1,1,1
1836,1,1,1,1,1,0,0,1,1,1,0,1,1,1,1,1,1,1,1,1,0,0,1,1,1,1,1,1,1,1,0,1,0,0,1,0,0,0,0,0,0,1,1,1,1,1,1,1,1,1,1,1,1,0,0,1,1,1,1,1,0,1,1,1,1,1,0
1837,1,1,1,0,1,0,0,1,1,1,0,1,1,1,1,1,1,1,1,1,0,0,1,1,1,1,1,1,1,1,0,1,0,0,1,0,0,0,0,0,0,1,1,1,1,1,1,1,1,1,1,1,1,0,0,1,1,1,1,1,0,1,1,1,1,1,0
1838,1,1,1,0,1,0,0,1,1,1,0,1,1,1,1,1,1,1,1,1,0,0,1,1,1,1,1,1,1,1,0,1,0,0,1,0,0,0,0,0,0,1,1,1,1,1,1,1,1,1,1,1,1,0,0,1,1,1,1,1,0,1,1,1,1,1,0
1839,1,1,1,0,1,0,0,1,1,1,0,1,1,1,1,1,1,1,2,1,0,0,1,1,1,1,1,1,1,1,0,1,0,0,1,0,0,0,0,0,0,1,2,1,1,1,1,1,1,1,1,1,1,0,0,1,1,1,1,1,0,1,1,1,1,1,0
1840,1,1,1,0,1,0,0,1,1,1,0,1,1,1,1,1,1,1,1,1,0,0,1,1,1,1,1,1,1,1,0,1,0,0,1,0,0,0,0,0,0,1,0,1,1,1,1,1,1,1,1,1,1,0,0,1,1,1,1,1,0,1,1,1,1,1,0
1841,1,1,1,0,1,0,0,1,1,1,0,1,1,1,1,1,1,1,1,2,0,0,2,2,1,2,2,2,2,1,0,1,0,0,1,0,0,0,0,0,0,1,0,1,1,1,1,1,1,1,1,1,1,0,0,1,1,1,1,1,0,1,1,1,1,1,0
1842,1,1,1,0,1,0,0,1,1,1,0,1,1,1,2,1,1,1,1,1,0,0,1,1,1,1,1,1,1,1,0,1,0,0,1,0,0,0,0,0,0,1,0,1,1,1,1,1,1,1,1,1,1,0,0,1,1,1,1,1,0,1,1,1,1,1,0
1843,1,1,1,0,1,0,0,1,1,1,0,1,1,1,1,1,1,1,1,1,0,0,1,1,1,1,1,1,1,1,0,1,0,0,1,0,0,0,0,0,0,1,0,2,2,2,2,2,2,2,2,2,2,2,0,1,2,2,1,2,0,1,2,2,2,2,0
1844,1,1,2,0,2,0,0,1,1,1,0,1,1,1,1,1,1,1,1,1,0,0,1,1,1,1,1,1,1,1,0,1,,,1,0,0,0,0,0,0,1,0,0,1,1,1,1,1,1,1,1,1,0,0,1,1,1,1,1,0,1,1,1,1,1,0
1845,1,1,1,0,1,0,0,1,1,1,0,1,1,1,1,1,1,1,1,1,0,0,1,1,1,1,1,1,1,1,0,1,,,1,0,0,0,0,0,0,1,0,0,1,1,1,1,1,1,1,1,1,0,0,1,1,1,1,1,0,1,1,1,1,1,0
1846,1,1,1,0,1,0,0,1,1,1,0,1,1,1,1,1,1,1,1,1,0,0,1,1,1,1,1,1,1,1,0,1,,,1,0,0,0,0,0,0,1,0,0,1,1,1,0,1,1,1,1,1,0,0,1,1,1,1,1,0,1,1,1,1,1,0
1847,1,1,1,0,1,0,0,1,1,1,0,1,1,1,1,1,1,1,1,1,0,0,1,1,1,1,1,1,1,1,0,1,,,1,0,0,0,0,0,0,1,0,0,1,1,1,0,1,1,1,1,1,0,0,1,1,1,1,1,0,1,1,1,1,1,0
1848,1,1,1,0,1,0,0,1,1,1,0,1,1,1,1,1,1,1,1,1,,0,1,1,1,1,1,1,1,1,0,1,,,1,0,0,0,0,0,0,1,0,0,1,1,1,0,1,1,1,1,1,0,0,1,1,1,1,1,0,1,1,1,1,1,0
1849,1,1,1,0,1,0,0,1,1,1,0,1,1,1,1,1,1,1,1,1,,0,1,1,1,1,1,1,1,1,0,1,,,1,0,0,0,0,0,0,1,0,0,1,1,1,0,1,1,1,1,1,0,0,1,1,1,1,1,0,1,1,1,1,1,0
1850,1,1,1,0,1,0,0,1,1,1,0,1,1,1,1,1,1,1,1,1,,0,1,1,1,1,1,1,1,1,0,1,,,2,0,0,0,0,0,0,1,0,0,1,1,1,0,1,1,1,1,1,0,0,1,1,1,1,1,0,1,1,1,1,1,0
1851,1,1,1,0,1,0,0,1,2,1,0,1,1,1,1,1,1,1,1,1,,0,1,1,1,1,1,1,1,1,0,1,,,1,0,0,0,0,0,0,1,0,0,1,1,1,0,1,1,1,1,1,0,0,1,1,1,1,1,0,1,1,1,1,1,0
1852,1,1,1,0,1,0,0,1,0,1,0,1,1,1,1,1,1,1,1,2,,0,1,1,2,1,2,2,1,2,0,1,,,1,0,0,0,0,0,0,1,0,0,1,1,1,0,1,1,1,1,1,0,0,1,1,1,1,1,0,1,1,1,1,1,0
1853,1,1,1,0,1,0,0,1,0,1,0,1,1,1,1,1,1,1,1,1,,0,1,1,0,1,1,1,1,1,0,1,,,1,0,0,0,0,0,0,1,0,0,1,1,1,0,1,1,1,1,1,0,0,1,1,1,1,1,0,1,1,1,1,1,0
1854,1,1,1,0,1,0,0,2,0,2,0,1,2,1,1,2,2,2,2,1,,0,1,1,0,1,1,1,1,1,0,1,,,1,0,0,0,0,0,0,1,0,0,1,1,1,0,1,1,1,1,1,0,0,1,1,1,1,1,0,1,1,1,1,1,0
1855,1,1,1,0,1,0,0,1,0,0,0,1,1,1,1,1,1,1,1,1,,0,1,1,0,1,1,1,1,1,0,1,,,1,0,0,0,0,0,0,1,0,0,1,1,1,0,1,1,1,1,1,0,0,1,1,1,1,1,0,1,1,1,1,1,0
1856,1,1,1,0,1,0,0,1,0,0,0,1,1,1,1,1,1,1,1,1,,0,1,1,0,1,1,1,1,1,0,1,,,1,0,0,0,0,0,0,1,0,0,1,1,1,0,1,1,1,1,1,0,0,1,1,1,1,1,0,1,1,1,1,1,0
1857,2,2,2,0,2,0,0,1,0,0,0,1,1,1,1,1,1,1,1,1,,0,1,1,0,1,1,1,1,1,0,1,,,1,0,0,0,0,0,0,1,0,0,1,1,1,0,0,1,1,1,1,0,0,1,1,1,1,1,0,1,1,1,1,1,0
1858,1,1,1,0,1,0,0,1,0,0,0,1,1,1,1,1,1,1,1,1,,0,1,1,0,1,1,1,1,1,0,1,,,1,0,0,0,0,0,0,1,0,0,1,1,1,0,0,1,1,1,1,0,0,1,1,1,1,1,0,1,1,1,1,1,0
1859,1,1,1,0,1,0,0,1,0,0,0,1,1,1,1,1,1,1,1,1,,0,1,1,0,1,1,1,1,1,0,1,,,1,0,0,0,0,0,0,1,0,0,1,1,1,0,0,1,1,1,1,0,0,1,1,1,1,1,0,1,1,1,1,1,0
1860,1,1,1,0,1,0,0,1,0,0,0,1,1,1,1,1,1,1,1,1,,0,1,1,0,1,1,1,1,1,0,1,,,1,0,0,0,0,0,0,1,0,0,1,1,1,0,0,1,0,1,1,0,0,1,1,1,1,1,0,1,1,1,1,1,0
1861,1,1,1,0,1,0,0,1,0,0,0,1,1,1,1,1,1,1,1,1,,0,1,1,0,1,1,1,1,1,0,1,,,1,0,0,0,0,0,0,1,0,0,1,1,1,0,0,1,0,1,1,0,0,1,1,1,1,1,0,1,1,1,1,1,0
1862,1,1,1,0,1,0,0,1,0,0,0,1,1,1,1,1,1,1,1,1,,0,1,1,0,1,1,1,1,1,0,1,,,1,0,0,0,0,0,0,1,0,0,1,1,1,0,0,1,0,1,1,0,0,1,1,1,1,1,0,1,1,1,1,1,0
1863,1,1,1,0,1,0,0,1,0,0,0,1,1,1,1,1,1,1,1,1,,0,1,1,0,1,1,1,1,1,0,1,,,1,0,0,0,0,0,0,1,0,0,1,1,1,0,0,1,0,1,1,0,0,1,1,0,1,1,0,1,1,1,1,1,0
1864,1,1,1,0,1,0,0,1,0,0,0,1,1,1,1,1,1,1,1,1,,0,1,1,0,1,1,1,1,1,0,1,,,1,0,0,0,0,0,0,1,0,0,1,1,2,0,0,2,0,2,2,0,0,2,2,0,1,2,0,1,2,2,1,2,0
1865,1,1,1,0,1,0,0,1,0,0,0,1,1,1,1,1,1,1,1,1,,0,1,1,0,1,1,1,1,1,0,1,,,1,0,0,0,0,0,0,1,0,0,1,1,1,0,0,1,0,1,1,0,0,1,1,0,1,1,0,1,1,1,1,1,0
1866,1,1,1,0,1,0,0,1,0,0,0,1,1,1,1,1,1,1,1,1,,0,1,1,0,1,1,1,1,1,0,1,,,1,0,0,0,0,0,0,1,0,0,1,1,1,0,0,1,0,1,1,0,0,1,1,0,1,1,0,1,1,1,1,1,0
1867,1,1,1,0,1,0,0,1,0,0,0,1,1,1,1,1,1,1,1,1,,0,1,1,0,1,1,1,1,1,0,1,,,1,0,0,0,0,0,0,1,0,0,1,1,1,0,0,1,0,1,1,0,0,1,1,0,1,1,0,1,1,1,1,1,0
1868,2,1,1,0,1,0,0,1,0,0,0,2,2,1,2,2,2,2,2,1,,0,1,1,0,1,1,1,1,1,0,1,,,1,0,0,0,0,0,0,1,0,0,1,1,1,0,0,1,0,1,1,0,0,1,1,0,1,1,0,1,1,1,1,1,0
1869,1,1,1,0,1,0,0,1,0,0,0,0,1,1,1,1,1,0,1,1,,0,1,1,0,1,1,1,1,1,0,1,,,2,0,0,0,0,0,0,1,0,0,1,1,1,0,0,1,0,1,1,0,0,1,1,0,1,1,0,1,1,1,1,1,0
1870,1,1,1,0,1,0,0,1,0,0,0,0,1,1,1,1,1,0,1,1,,0,1,1,0,1,1,2,1,1,0,1,,,1,0,0,0,0,0,0,1,0,0,1,1,1,0,0,1,0,1,1,0,0,1,1,0,1,1,0,1,1,1,1,1,0
1871,1,1,1,0,1,0,0,1,0,0,0,0,1,1,1,1,1,0,1,1,,0,1,1,0,1,1,1,1,1,0,1,,,1,0,0,0,0,0,0,1,0,0,1,1,1,0,0,1,0,1,1,0,0,1,1,0,1,0,0,1,1,1,1,1,0
1872,1,1,1,0,1,0,0,1,0,0,0,0,1,1,1,1,1,0,1,1,,0,1,1,0,1,1,1,1,1,0,1,,,1,0,0,0,0,0,0,1,0,0,1,1,1,0,0,1,0,1,1,0,0,1,1,0,1,0,0,1,1,1,1,1,0
1873,1,1,1,0,1,0,0,1,0,0,0,0,1,1,1,1,1,0,1,1,,0,1,1,0,1,1,1,1,1,0,1,,,1,0,0,0,0,0,0,1,0,0,1,1,1,0,0,1,0,1,1,0,0,1,1,0,1,0,0,1,1,1,1,1,0
1874,1,1,1,0,1,0,0,1,0,0,0,0,1,1,1,1,1,0,1,1,,0,1,1,0,1,1,1,1,1,0,1,,,1,0,0,0,0,0,0,1,0,0,1,1,1,0,0,1,0,1,1,0,0,1,1,0,1,0,0,1,1,1,1,1,0
1875,1,1,1,0,1,0,0,1,0,0,0,0,1,1,1,1,1,0,1,1,,0,1,1,0,1,1,1,1,1,0,1,,,1,0,0,0,0,0,0,1,0,0,1,1,1,0,0,1,0,1,1,0,0,1,1,0,1,0,0,1,1,1,1,1,0
1876,1,1,1,0,1,0,0,1,0,0,0,0,1,1,1,1,1,0,1,1,,0,1,1,0,1,1,1,1,1,0,1,,,1,0,0,0,0,0,0,1,0,0,1,1,1,0,0,1,0,1,1,0,0,1,1,0,1,0,0,1,1,1,1,1,0
1877,1,1,1,0,1,0,0,1,0,0,0,0,1,1,1,1,1,0,1,1,,0,1,1,0,1,1,1,1,1,0,1,,,1,0,0,0,0,0,0,1,0,0,1,1,1,0,0,1,0,1,1,0,0,1,1,0,1,0,0,1,1,1,1,1,0
1878,1,1,1,0,1,0,0,1,0,0,0,0,1,1,1,1,1,0,1,1,,0,1,1,0,1,1,1,1,1,0,1,,,1,0,0,0,0,0,0,1,0,0,1,1,1,0,0,1,0,1,1,0,0,0,1,0,1,0,0,1,1,1,1,1,0
1879,1,1,1,0,1,0,0,1,0,0,0,0,1,1,1,1,1,0,1,1,,0,1,1,0,1,1,1,1,1,0,1,,,1,0,0,0,0,0,0,1,0,0,1,1,1,0,0,1,0,1,1,0,0,0,1,0,1,0,0,0,1,1,1,1,0
1880,1,1,1,0,1,0,0,1,0,0,0,0,1,1,1,1,1,0,1,1,,0,1,1,0,1,1,1,1,1,0,1,,,1,0,0,0,0,0,0,1,0,0,1,1,1,0,0,1,0,1,1,0,0,0,1,0,1,0,0,0,1,1,1,1,0
1881,1,1,1,0,1,0,0,1,0,0,0,0,1,1,1,1,1,0,1,1,,0,1,1,0,1,1,1,1,1,0,1,,,1,0,0,0,0,0,0,1,0,0,1,1,1,0,0,1,0,1,1,0,0,0,1,0,1,0,0,0,1,1,1,1,0
1882,1,1,1,0,1,0,0,1,0,0,0,0,1,1,1,1,1,0,1,1,,0,1,1,0,1,1,1,1,1,0,2,,,2,0,0,0,0,0,0,0,0,0,1,1,1,0,0,1,0,1,1,0,0,0,1,0,1,0,0,0,1,1,1,1,0
1883,1,1,2,0,2,0,0,1,0,0,0,0,1,1,1,1,1,0,2,2,,0,1,1,0,1,2,2,1,2,0,1,,,1,0,0,0,0,0,0,0,0,0,1,1,1,0,0,1,0,1,1,0,0,0,1,0,1,0,0,0,1,1,1,1,0
1884,1,1,1,0,1,0,0,1,0,0,0,0,1,1,1,1,1,0,1,0,,0,1,1,0,1,1,0,1,0,0,1,,,1,0,0,0,0,0,0,0,0,0,1,1,1,0,0,1,0,1,1,0,0,0,1,0,1,0,0,0,1,1,1,1,0
1885,1,1,1,0,1,0,0,1,0,0,0,0,1,1,1,1,1,0,1,0,,0,1,1,0,1,1,0,1,0,0,1,,,1,0,0,0,0,0,0,0,0,0,1,1,0,0,0,1,0,1,1,0,0,0,1,0,1,0,0,0,1,1,1,1,0
1886,1,1,1,0,1,0,0,1,0,0,0,0,1,1,1,1,1,0,1,0,,0,1,1,0,1,1,0,1,0,0,1,,,1,0,0,0,0,0,0,0,0,0,1,1,0,0,0,1,0,1,1,0,0,0,1,0,1,0,0,0,1,1,1,1,0
1887,1,1,1,0,1,0,0,1,0,0,0,0,1,1,1,1,1,0,1,0,,0,1,1,0,1,1,0,1,0,0,1,,,1,0,0,0,0,0,0,0,0,0,1,1,0,0,0,1,0,1,1,0,0,0,1,0,1,0,0,0,1,1,1,1,0
1888,1,1,1,0,1,0,0,1,0,0,0,0,1,1,1,1,1,0,1,0,,0,1,2,0,2,1,0,2,0,0,1,,,1,0,0,0,0,0,0,0,0,0,1,1,0,0,0,1,0,1,1,0,0,0,1,0,1,0,0,0,1,1,1,1,0
1889,1,1,1,0,1,0,0,1,0,0,0,0,1,1,1,1,1,0,1,0,,0,2,0,0,0,2,0,1,0,0,1,,,1,0,0,0,0,0,0,0,0,0,2,2,0,0,0,2,0,2,1,2,0,0,2,0,1,0,0,0,2,2,1,2,0
1890,1,1,1,0,1,0,0,1,0,0,0,0,1,1,1,1,1,0,1,0,,0,1,0,0,0,1,0,1,0,0,1,,,1,0,0,0,0,0,0,0,0,0,0,1,0,0,0,0,0,1,1,0,0,0,0,0,1,0,0,0,0,0,1,1,0
1891,1,1,1,0,1,0,0,1,0,0,0,0,1,1,1,1,1,0,1,0,,0,1,0,0,0,1,0,1,0,0,1,,,1,0,0,0,0,0,0,0,0,0,0,1,0,0,0,0,0,1,1,0,0,0,0,0,1,0,0,0,0,0,1,1,0
1892,1,1,1,0,1,0,0,1,0,0,0,0,1,1,1,1,1,0,1,0,,0,1,0,0,0,1,0,1,0,0,1,,,1,0,0,0,0,0,0,0,0,0,0,1,0,0,0,0,0,1,1,0,0,0,0,0,1,0,0,0,0,0,1,1,0
1893,1,1,1,0,1,0,0,1,0,0,0,0,1,1,1,1,1,0,1,0,,0,1,0,0,0,1,0,1,0,0,1,,,1,0,0,0,0,0,0,0,0,0,0,1,0,0,0,0,0,1,1,0,0,0,0,0,1,0,0,0,0,0,1,1,0
1894,1,1,1,0,2,0,0,1,0,0,0,0,1,1,1,1,1,0,1,0,,0,1,0,0,0,1,0,1,0,0,1,,,1,0,0,0,0,0,0,0,0,0,0,1,0,0,0,0,0,1,1,0,0,0,0,0,1,0,0,0,0,0,1,1,0
1895,1,1,1,0,1,0,0,1,0,0,0,0,1,1,1,1,1,0,1,0,,0,1,0,0,0,1,0,1,0,0,1,,,1,0,0,0,0,0,0,0,0,0,0,1,0,0,0,0,0,1,1,0,0,0,0,0,1,0,0,0,0,0,1,1,0
1896,1,1,1,0,1,0,0,2,0,0,0,0,1,1,1,2,1,0,2,0,,0,1,0,0,0,1,0,1,0,0,1,,,1,0,0,0,0,0,0,0,0,0,0,1,0,0,0,0,0,1,1,0,0,0,0,0,1,0,0,0,0,0,1,1,0
1897,1,1,1,0,1,0,0,0,0,0,0,0,1,1,1,1,1,0,0,0,,0,1,0,0,0,1,0,1,0,,1,,,1,0,0,0,0,0,0,0,0,0,0,1,0,0,0,0,0,1,1,0,0,0,0,0,1,0,0,0,0,0,1,1,0
1898,1,1,1,0,1,0,0,0,0,0,0,0,1,1,1,1,1,0,0,0,,0,1,0,0,0,1,0,1,0,,1,,,1,0,0,0,0,0,0,0,0,0,0,1,0,0,0,0,0,1,1,0,0,0,0,0,1,0,0,0,0,0,1,1,0
1899,1,1,1,0,1,0,0,0,0,0,0,0,1,1,1,1,1,0,0,0,,0,1,0,0,0,1,0,1,0,,1,,,1,0,0,0,0,0,0,0,0,0,0,1,0,0,0,0,0,1,1,0,0,0,0,0,1,0,0,0,0,0,1,1,0
1900,1,1,1,0,1,0,0,0,0,0,0,0,1,1,1,1,1,0,0,0,,0,1,0,0,0,1,0,1,0,,1,,,1,0,0,0,0,0,0,0,0,0,0,1,0,0,0,0,0,1,1,0,0,0,0,0,1,0,0,0,0,0,1,1,0
1901,1,1,1,0,1,0,0,0,0,0,0,0,1,1,1,1,1,0,0,0,,0,1,0,0,0,1,0,1,0,,1,,,1,0,0,0,0,0,0,0,0,0,0,1,0,0,0,0,0,1,1,0,0,0,0,0,1,0,0,0,0,0,1,1,0
1902,1,1,1,0,1,0,0,0,0,0,0,0,1,1,1,1,1,0,0,,,0,1,0,0,0,1,0,1,0,,1,,,1,0,0,0,0,0,0,0,0,0,0,1,0,0,0,0,0,1,1,0,0,0,0,0,1,0,0,0,0,0,1,1,0
1903,1,1,1,0,1,0,0,0,0,0,0,0,1,1,1,1,1,0,0,,,0,1,0,0,0,1,0,1,0,,1,,,1,0,0,0,0,0,0,0,0,0,0,1,0,0,0,0,0,1,1,0,0,0,0,0,1,0,0,0,0,0,1,1,0
1904,1,1,1,0,1,0,0,0,0,0,0,0,1,1,2,1,1,0,0,,,0,1,0,0,0,1,0,1,0,,1,,,1,0,0,0,0,0,0,0,0,0,0,1,0,0,0,0,0,1,1,0,0,0,0,0,1,0,0,0,0,0,1,1,0
1905,1,1,1,0,1,0,0,0,0,0,0,0,1,1,1,1,1,0,0,,,0,1,0,0,0,1,0,1,0,,1,,,1,0,0,0,0,0,0,0,0,0,0,1,0,0,0,0,0,1,1,0,0,0,0,0,1,0,0,0,0,0,1,1,0
1906,1,1,1,0,1,0,0,0,0,0,0,0,1,1,1,1,1,0,0,,,0,1,0,0,0,2,0,1,0,,1,,,1,0,0,0,0,0,0,0,0,0,0,1,0,0,0,0,0,1,1,0,0,0,0,0,1,0,0,0,0,0,1,1,0
1907,1,1,1,0,1,0,0,0,0,0,0,0,1,1,1,1,1,0,0,,,0,1,0,0,0,1,0,1,0,,1,,,1,0,0,0,0,0,0,0,0,0,0,1,0,0,0,0,0,1,1,0,0,0,0,0,1,0,0,0,0,0,1,1,0
1908,1,1,1,0,1,0,0,0,0,0,0,0,1,1,0,1,1,0,0,,,0,1,0,0,0,1,0,1,0,,1,,,1,0,0,0,0,0,0,0,0,0,0,1,0,0,0,0,0,1,1,0,0,0,0,0,1,0,0,0,0,0,1,1,0
1909,1,1,1,0,1,0,0,0,0,0,0,0,1,1,0,1,1,0,0,,,0,1,0,0,0,1,0,1,0,,1,,,1,0,0,0,0,0,0,0,0,0,0,1,0,0,0,0,0,1,1,0,0,0,0,0,1,0,0,0,0,0,1,1,0
1910,2,2,2,0,1,0,0,0,0,0,0,0,1,1,0,2,1,0,,,,0,1,0,0,0,1,0,1,0,,2,,,2,0,0,0,0,0,0,0,0,0,0,1,0,0,0,0,0,1,1,0,0,0,0,0,1,0,0,0,0,0,1,1,0
1911,1,0,1,0,1,0,0,0,0,0,0,0,1,1,0,1,1,0,,,,0,1,0,0,0,1,0,1,0,,0,,,1,0,0,0,0,0,0,0,0,0,0,1,0,0,0,0,0,1,1,0,0,0,0,0,1,0,0,0,0,0,1,1,0
1912,1,0,1,0,1,0,0,0,0,0,0,0,1,0,0,1,0,0,,,,0,1,0,0,0,1,0,1,0,,0,,,1,0,0,0,0,0,0,0,0,0,0,1,0,0,0,0,0,1,1,0,0,0,0,0,1,0,0,0,0,0,1,1,0
1913,1,0,1,0,1,0,0,0,0,0,0,0,1,0,0,1,0,0,,,,0,1,0,0,0,1,0,1,0,,0,,,0,0,0,0,0,0,0,0,0,0,0,1,0,0,0,0,0,1,1,0,0,0,0,0,1,0,0,0,0,0,1,1,0
1914,1,0,1,0,1,0,0,0,0,0,0,0,1,0,0,1,0,0,,,,0,1,0,0,0,1,0,1,0,,0,,,0,0,0,0,0,0,0,0,0,0,0,1,0,0,0,0,0,1,1,0,0,0,0,0,1,0,0,0,0,0,1,1,0
1915,1,0,1,0,1,0,0,0,0,0,0,0,1,0,0,1,0,0,,,,0,1,0,0,0,1,0,1,0,,0,,,0,0,0,0,0,0,0,0,0,0,0,1,0,0,0,0,0,1,1,0,0,0,0,0,1,0,0,0,0,0,1,1,0
1916,1,0,1,0,1,0,0,0,0,0,0,0,1,0,0,1,0,0,,,,0,1,0,0,0,1,0,1,0,,0,,,0,0,0,0,0,0,0,0,0,0,0,1,0,0,0,0,0,1,1,0,0,0,0,0,1,0,0,0,0,0,1,1,0
1917,1,0,1,0,1,0,0,0,0,0,0,0,1,0,0,1,0,0,,,,0,1,0,0,0,1,0,1,0,,0,,,0,0,0,0,0,0,0,0,0,0,0,1,0,0,0,0,0,1,1,0,0,0,0,0,1,0,0,0,0,0,1,1,0
1918,1,0,1,0,1,0,0,0,0,0,0,0,1,0,0,1,0,0,,,,0,1,0,0,0,1,0,1,0,,0,,,0,0,0,0,0,0,0,0,0,0,0,1,0,0,0,0,0,1,1,0,0,0,0,0,1,0,0,0,0,0,1,1,0
1919,1,0,1,0,1,0,0,0,0,0,0,0,1,0,0,1,0,0,,,,0,1,0,0,0,1,0,1,0,,0,,,0,0,0,0,0,0,0,0,0,0,0,1,0,0,0,0,0,1,1,0,0,0,0,0,1,0,0,0,0,0,1,1,0
1920,1,0,1,0,1,0,0,0,0,0,0,0,1,0,0,1,0,0,,,,0,1,0,0,0,1,0,1,0,,0,,,0,0,0,0,0,0,0,0,0,0,0,1,0,0,0,0,0,1,1,0,0,0,0,0,1,0,0,0,0,0,1,1,0
1921,1,0,1,0,1,0,0,0,0,0,0,0,1,0,0,1,0,0,,,,0,1,0,0,0,1,0,1,0,,0,,,0,0,0,0,0,0,0,0,0,0,0,1,0,0,0,0,0,1,1,0,0,0,0,0,1,0,0,0,0,0,1,1,0
1922,1,0,1,0,1,0,0,0,0,0,0,0,1,0,0,1,0,0,,,,0,1,0,0,0,1,0,1,0,,0,,,0,0,0,0,0,0,0,0,0,0,0,1,0,0,0,0,0,1,1,0,0,0,0,0,1,0,0,0,0,0,1,1,0
1923,1,0,1,0,1,0,0,0,0,0,0,0,1,0,0,1,0,0,,,,0,1,0,0,0,1,0,1,0,,0,,,0,0,0,0,0,0,0,0,0,0,0,1,0,0,0,0,0,1,1,0,0,0,0,0,1,0,0,0,0,0,1,1,0
1924,1,0,1,0,1,0,0,0,0,0,0,0,1,0,0,1,0,0,,,,0,1,0,0,0,1,0,1,0,,0,,,0,0,0,0,0,0,0,0,0,0,0,1,0,0,0,0,0,1,1,0,0,0,0,0,1,0,0,0,0,0,1,1,0
1925,1,0,1,0,1,0,0,0,0,0,0,0,1,0,0,1,0,0,,,,0,1,0,0,0,1,0,1,0,,0,,,0,0,0,0,0,0,0,0,0,0,0,1,0,0,0,0,0,1,1,0,0,0,0,0,1,0,0,0,0,0,1,1,0
1926,1,0,1,0,1,0,0,0,0,0,0,0,1,0,0,1,0,0,,,,0,1,0,0,0,1,0,1,0,,0,,,0,0,0,0,0,0,0,0,0,0,0,1,0,0,0,0,0,1,1,0,0,0,0,0,1,0,0,0,0,0,1,1,0
1927,1,0,1,0,1,0,0,0,0,0,0,0,1,0,0,1,0,0,,,,0,1,0,0,0,1,0,1,0,,0,,,0,0,0,0,0,0,0,0,0,0,0,1,0,0,0,0,0,1,1,0,0,0,0,0,1,0,0,0,0,0,1,1,0
1928,1,0,1,0,1,0,0,0,0,0,0,0,1,0,0,1,0,0,,,,0,1,0,0,0,0,0,1,0,,0,,,0,0,0,0,0,0,0,0,0,0,0,1,0,0,0,0,0,1,1,0,0,0,0,0,1,0,0,0,0,0,1,1,0
1929,1,0,1,0,1,0,0,0,0,0,0,0,1,0,0,1,0,0,,,,0,1,0,0,0,0,0,1,0,,0,,,0,0,0,0,0,0,0,0,0,0,0,1,0,0,0,0,0,1,1,0,0,0,0,0,1,0,0,0,0,0,1,1,0
1930,1,0,1,0,1,0,0,0,0,0,0,0,1,0,0,1,0,0,,,,0,1,0,0,0,0,0,1,0,,0,,,0,0,0,0,0,0,0,0,0,0,0,1,0,0,0,0,0,1,1,0,0,0,0,0,1,0,0,0,0,0,1,1,0
1931,1,0,1,0,1,0,0,0,0,0,0,0,1,0,0,1,0,0,,,,0,1,0,0,0,0,0,1,0,,0,,,0,0,0,0,0,0,0,0,0,0,0,1,0,0,0,0,0,1,1,0,0,0,0,0,1,0,0,0,0,0,1,1,0
1932,1,0,1,0,1,0,0,0,0,0,0,0,1,0,0,1,0,0,,,,0,1,0,0,0,0,0,1,0,,0,,,0,0,0,0,0,0,0,0,0,0,0,1,0,0,0,0,0,1,1,0,0,0,0,0,1,0,0,0,0,0,1,1,0
1933,1,0,1,0,1,0,0,0,0,0,0,0,1,0,0,1,0,0,,,,0,1,0,0,0,0,0,1,0,,0,,,0,0,0,0,0,0,0,0,0,0,0,1,0,0,0,0,0,1,1,0,0,0,0,0,1,0,0,0,0,0,1,1,0
1934,1,0,1,0,1,0,0,0,0,0,0,0,1,0,0,1,0,0,,,,0,1,0,0,0,0,0,0,0,,0,,,0,0,0,0,0,0,0,0,0,0,0,1,0,0,0,0,0,1,1,0,0,0,0,0,1,0,0,0,0,0,1,1,0
1935,1,0,1,0,1,0,0,0,0,0,0,0,1,0,0,1,0,0,,,,0,1,0,0,0,0,0,0,0,,0,,,0,0,0,0,0,0,0,0,0,0,0,1,0,0,0,0,0,1,1,0,0,0,0,0,1,0,0,0,0,0,1,1,
1936,1,0,1,0,1,0,0,0,0,0,0,0,1,0,0,,,,,,,0,1,0,0,0,0,0,0,0,,0,,,0,0,0,0,0,0,0,0,0,0,0,1,0,0,0,0,0,1,1,0,0,0,0,0,1,0,0,0,0,0,1,1,
1937,1,0,1,0,1,0,0,0,0,0,0,0,1,0,0,,,,,,,0,1,0,0,0,0,0,0,0,,0,,,0,0,0,0,0,0,0,0,0,0,0,1,0,0,0,0,0,1,1,0,0,0,0,0,1,0,0,0,0,0,1,1,
1938,1,0,1,0,1,0,0,0,0,0,0,0,1,0,0,,,,,,,0,1,0,0,0,0,0,0,0,,0,,,0,0,0,0,0,0,0,0,0,0,0,1,0,0,0,0,0,1,1,0,0,0,0,0,1,0,0,0,0,0,1,1,
1939,1,0,1,0,1,0,0,0,0,0,0,0,1,0,0,,,,,,,0,1,0,0,0,0,0,0,0,,0,,,0,0,0,0,0,0,0,0,0,0,0,1,0,0,0,0,0,1,1,0,0,0,0,0,1,0,0,0,0,0,1,1,
1940,1,0,1,0,1,0,0,0,0,0,0,0,1,0,0,,,,,,,0,1,0,0,0,0,0,0,0,,0,,,0,0,0,0,0,0,0,0,0,0,0,1,0,0,0,0,0,0,1,0,0,0,0,0,1,0,0,0,0,0,1,1,
1941,1,0,1,0,1,0,0,0,0,0,0,0,1,0,0,,,,,,,0,1,0,0,0,0,0,0,0,,0,,,0,0,0,0,0,0,0,0,0,0,0,1,0,0,0,0,0,0,1,0,0,0,0,0,1,0,0,0,0,0,1,1,
1942,1,0,1,0,1,0,0,0,0,0,0,0,1,0,0,,,,,,,0,1,0,0,0,0,0,0,0,,0,,,0,0,0,0,0,0,0,0,0,0,0,1,0,0,0,0,0,0,1,0,0,0,0,0,1,0,0,0,0,0,1,1,
1943,1,0,1,0,1,0,0,0,0,0,0,0,1,0,0,,,,,,,0,1,0,0,0,0,0,0,0,,0,,,0,0,0,0,0,0,0,0,0,0,0,1,0,0,0,0,0,0,1,0,0,0,0,0,1,0,0,0,0,0,1,1,
1944,1,0,1,0,1,0,0,0,0,0,0,0,1,0,0,,,,,,,0,1,0,0,0,0,0,0,0,,0,,,0,0,,,,,,,,,0,1,0,0,0,0,0,0,1,0,0,0,0,0,1,0,0,0,0,0,1,1,
1945,1,0,1,0,1,0,0,0,0,0,0,0,1,0,0,,,,,,,0,1,0,0,0,0,0,0,0,,0,,,0,0,,,,,,,,,0,1,0,0,0,0,0,0,1,0,0,0,0,0,1,0,0,0,0,0,1,1,
1946,1,0,1,0,1,0,0,0,0,0,0,0,1,0,0,,,,,,,0,1,0,0,0,0,0,0,0,,0,,,0,0,,,,,,,,,0,1,0,0,0,0,0,0,1,0,0,0,0,0,1,0,0,0,0,0,1,1,
1947,1,0,1,0,1,0,0,0,0,0,0,0,1,0,0,,,,,,,0,1,0,0,0,0,0,0,0,,0,,,0,0,,,,,,,,,0,1,0,0,0,0,0,0,1,0,0,0,0,0,1,0,0,0,0,0,1,1,
1948,1,0,1,0,1,0,0,0,0,0,0,0,1,0,0,,,,,,,0,1,0,0,0,0,0,0,0,,0,,,0,0,,,,,,,,,0,1,0,0,0,0,0,0,1,0,0,0,0,0,1,0,0,0,0,0,1,1,
1949,1,0,1,0,1,0,0,0,0,0,0,0,1,0,0,,,,,,,0,1,0,0,0,0,0,0,0,,0,,,0,0,,,,,,,,,0,1,0,0,0,0,0,0,1,0,0,0,0,0,1,0,0,0,0,0,1,1,
1950,1,0,1,0,1,0,0,0,0,0,0,0,1,0,0,,,,,,,0,1,0,0,0,0,0,0,0,,0,,,0,0,,,,,,,,,0,1,0,0,0,0,0,0,1,0,0,0,0,0,1,0,0,0,0,0,1,1,
1951,1,0,1,0,1,0,0,0,0,0,0,0,1,0,0,,,,,,,0,1,0,0,0,0,0,0,0,,0,,,0,0,,,,,,,,,0,1,0,0,0,0,0,0,1,0,0,0,0,0,1,0,0,0,0,0,1,1,
1952,1,0,1,0,1,0,0,0,0,0,0,0,1,0,0,,,,,,,0,1,0,0,0,0,0,0,0,,0,,,0,0,,,,,,,,,0,1,0,0,0,0,0,0,1,0,0,0,0,0,1,0,0,0,0,0,1,1,
1953,1,0,1,0,1,0,0,0,0,0,0,0,1,0,0,,,,,,,0,1,0,0,0,0,0,0,0,,0,,,0,0,,,,,,,,,0,1,0,0,0,0,0,0,1,0,0,0,0,0,1,0,0,0,0,0,1,1,
1954,1,0,1,0,1,0,0,0,0,0,0,0,1,0,0,,,,,,,0,1,0,0,0,0,0,0,0,,0,,,0,0,,,,,,,,,0,1,0,0,0,0,0,0,1,0,0,0,0,0,1,0,0,0,0,0,1,1,
1955,1,0,1,0,1,0,0,0,0,0,0,0,1,0,0,,,,,,,0,1,0,0,0,0,0,0,0,,0,,,0,0,,,,,,,,,0,1,0,0,0,0,0,0,1,0,0,0,0,0,1,0,0,0,0,0,1,1,
1956,1,0,1,0,1,0,0,0,0,0,0,0,1,0,0,,,,,,,0,1,0,0,0,0,,0,0,,,,,0,0,,,,,,,,,0,1,0,0,0,0,0,0,1,0,0,0,0,0,1,0,0,0,0,0,1,1,
1957,1,0,1,0,1,0,0,0,0,0,0,0,1,0,0,,,,,,,0,1,0,0,0,0,,0,0,,,,,0,0,,,,,,,,,0,1,0,0,0,0,0,0,1,0,0,0,0,0,1,0,0,0,0,0,1,1,
1958,1,0,1,0,1,0,0,0,0,0,0,0,1,0,0,,,,,,,0,1,0,0,0,0,,0,0,,,,,0,0,,,,,,,,,0,1,0,0,0,0,0,0,1,0,0,0,0,0,1,0,0,0,0,0,1,1,
1959,1,0,1,0,1,0,0,0,0,0,0,0,1,0,0,,,,,,,0,1,0,0,0,0,,0,0,,,,,0,0,,,,,,,,,0,1,0,0,0,0,0,0,1,0,0,0,0,0,1,0,0,0,0,0,1,1,
1960,1,0,1,0,1,0,0,0,0,0,0,0,1,0,0,,,,,,,0,1,0,0,0,0,,0,0,,,,,0,0,,,,,,,,,0,1,0,0,0,0,0,0,1,0,0,0,0,0,1,0,0,0,0,0,1,1,
1961,1,0,1,0,1,0,0,0,0,0,0,0,1,0,0,,,,,,,0,1,0,0,0,0,,0,0,,,,,0,0,,,,,,,,,0,1,0,0,0,0,0,0,1,0,0,0,0,0,1,0,0,0,0,0,1,1,
1962,1,0,1,0,1,0,0,0,0,0,0,0,1,0,0,,,,,,,0,1,0,0,0,0,,0,0,,,,,0,0,,,,,,,,,0,1,0,0,0,0,0,0,1,0,0,0,0,0,1,0,0,0,0,0,1,1,
1963,1,0,1,0,1,0,0,0,0,0,0,0,1,0,0,,,,,,,0,1,0,0,0,,,0,0,,,,,0,0,,,,,,,,,0,1,0,0,0,0,0,0,1,0,0,0,0,0,1,0,0,0,0,0,1,1,
1964,1,0,1,0,1,0,0,0,0,0,0,0,1,0,0,,,,,,,0,1,0,0,0,,,0,0,,,,,0,0,,,,,,,,,0,1,0,0,0,0,0,0,1,0,0,0,0,0,1,0,0,0,0,0,1,1,
1965,1,0,1,0,1,0,0,0,0,0,0,0,1,0,0,,,,,,,0,1,0,0,0,,,0,0,,,,,0,0,,,,,,,,,0,1,0,0,0,0,0,0,1,0,0,0,0,0,1,0,0,0,0,0,1,1,
1966,1,0,1,0,1,0,0,0,0,0,0,0,1,0,0,,,,,,,0,1,0,0,0,,,0,0,,,,,0,0,,,,,,,,,0,1,0,0,0,0,0,0,1,0,0,0,0,0,1,0,0,0,0,0,1,1,
1967,1,0,1,0,1,0,0,0,0,0,0,0,1,0,0,,,,,,,0,1,0,0,0,,,0,0,,,,,0,0,,,,,,,,,0,1,0,0,0,0,0,0,1,0,0,0,0,0,1,0,0,0,0,0,1,1,
1968,,,,,,,0,0,0,0,0,0,1,0,0,,,,,,,0,1,0,0,0,,,0,0,,,,,0,0,,,,,,,,,0,1,0,0,0,0,0,0,1,0,0,0,0,0,1,0,0,0,0,0,1,1,
1969,,,,,,,0,0,0,0,0,0,1,0,0,,,,,,,0,1,0,0,0,,,0,0,,,,,0,0,,,,,,,,,0,1,0,0,0,0,0,0,1,0,0,0,0,0,1,0,0,0,0,0,1,1,
1970,,,,,,,0,0,0,0,0,0,1,0,0,,,,,,,0,1,0,0,0,,,0,0,,,,,0,0,,,,,,,,,0,1,0,0,0,0,0,0,1,0,0,0,0,0,1,0,0,0,0,0,1,1,
1971,,,,,,,0,0,0,0,0,0,1,0,0,,,,,,,0,1,0,0,0,,,0,0,,,,,0,0,,,,,,,,,0,1,0,0,0,0,0,0,1,0,0,0,0,0,1,0,0,0,0,0,1,1,
1972,,,,,,,0,0,0,0,0,0,1,0,0,,,,,,,0,1,0,0,0,,,0,0,,,,,0,0,,,,,,,,,0,1,0,0,0,0,0,0,1,0,0,0,0,0,1,0,0,0,0,0,1,1,
1973,,,,,,,0,0,0,0,0,0,1,0,0,,,,,,,0,1,0,0,0,,,0,0,,,,,0,0,,,,,,,,,0,1,0,0,0,0,0,0,1,0,0,0,0,0,1,0,0,0,0,0,1,1,
1974,,,,,,,0,0,0,0,0,0,1,0,0,,,,,,,0,1,0,0,0,,,0,0,,,,,0,0,,,,,,,,,0,1,0,0,0,0,0,0,1,0,0,0,0,0,1,0,0,0,0,0,1,1,
1975,,,,,,,0,0,0,0,0,0,1,0,0,,,,,,,0,1,0,0,0,,,0,0,,,,,0,0,,,,,,,,,0,1,0,0,0,0,0,0,1,0,0,0,0,0,1,0,0,0,0,0,1,1,
1976,,,,,,,0,0,0,0,0,0,1,0,0,,,,,,,0,1,0,0,0,,,0,0,,,,,0,0,,,,,,,,,0,1,0,0,0,0,0,0,1,0,0,0,0,0,1,0,0,0,0,0,1,1,
1977,,,,,,,0,0,0,0,0,0,1,0,0,,,,,,,0,1,0,0,0,,,0,0,,,,,0,0,,,,,,,,,0,1,0,0,0,0,0,0,1,0,0,0,0,0,1,0,0,0,0,0,1,1,
1978,,,,,,,0,0,0,0,0,0,1,0,0,,,,,,,0,1,0,0,0,,,0,0,,,,,0,0,,,,,,,,,0,1,0,0,0,0,0,0,1,0,0,0,0,0,1,0,0,0,0,0,1,1,
1979,,,,,,,0,0,0,0,0,0,1,0,0,,,,,,,0,1,0,0,0,,,0,0,,,,,0,0,,,,,,,,,0,1,0,0,0,0,0,0,1,0,0,0,0,0,1,0,0,0,0,0,1,1,
1980,,,,,,,0,0,0,0,0,0,1,0,0,,,,,,,0,1,0,0,0,,,0,0,,,,,0,0,,,,,,,,,0,1,0,0,0,0,0,0,1,0,0,0,0,0,1,0,0,0,0,0,1,1,
1981,,,,,,,0,0,0,0,0,0,1,0,0,,,,,,,0,1,0,0,0,,,0,0,,,,,0,0,,,,,,,,,0,1,0,0,0,0,0,0,1,0,0,0,0,0,1,0,0,0,0,0,1,1,
1982,,,,,,,0,0,0,0,0,0,1,0,0,,,,,,,0,1,0,0,0,,,0,0,,,,,0,0,,,,,,,,,0,1,0,0,0,0,0,0,1,0,0,0,0,0,1,0,0,0,0,0,1,1,
1983,,,,,,,0,0,0,0,0,0,1,0,0,,,,,,,0,1,0,0,0,,,0,0,,,,,0,0,,,,,,,,,0,1,0,0,0,0,0,0,1,0,0,0,0,0,1,0,0,0,0,0,1,1,
1984,,,,,,,0,0,0,0,0,0,1,0,0,,,,,,,0,1,0,0,0,,,0,0,,,,,0,0,,,,,,,,,0,1,0,0,0,0,0,0,1,0,0,0,0,0,1,0,0,0,0,0,1,1,
1985,,,,,,,0,0,0,0,0,0,1,0,0,,,,,,,0,1,0,0,0,,,0,0,,,,,0,0,,,,,,,,,0,1,0,0,0,0,0,0,1,0,0,0,0,0,1,0,0,0,0,0,1,1,
1986,,,,,,,0,0,0,0,0,0,1,0,0,,,,,,,0,1,0,0,0,,,0,0,,,,,0,0,,,,,,,,,0,1,0,0,0,0,0,0,1,0,0,0,0,0,1,0,0,0,0,0,1,1,
1987,,,,,,,0,0,0,0,0,0,1,0,0,,,,,,,0,1,0,0,0,,,0,0,,,,,0,0,,,,,,,,,0,1,0,0,0,0,0,0,1,0,0,0,0,0,1,0,0,0,0,0,1,1,
1988,,,,,,,0,0,0,0,0,0,1,0,0,,,,,,,0,1,0,0,0,,,0,0,,,,,0,0,,,,,,,,,0,1,0,0,0,0,0,0,1,0,0,0,0,0,1,0,0,0,0,0,1,1,
1989,,,,,,,0,0,0,0,0,0,1,0,0,,,,,,,0,1,0,0,0,,,0,0,,,,,0,0,,,,,,,,,0,1,0,0,0,0,0,0,1,0,0,0,0,0,1,0,0,0,0,0,1,1,
1990,,,,,,,0,0,0,0,0,0,1,0,0,,,,,,,0,1,0,0,0,,,0,0,,,,,0,0,,,,,,,,,0,1,0,0,0,0,0,0,1,0,0,0,0,0,1,0,0,0,0,0,1,1,
1991,,,,,,,0,0,0,0,0,0,1,0,0,,,,,,,0,1,0,0,0,,,0,0,,,,,0,0,,,,,,,,,0,1,0,0,0,0,0,0,1,0,0,0,0,0,1,0,0,0,0,0,1,1,
1992,,,,,,,0,0,0,0,0,0,1,0,0,,,,,,,0,1,0,0,0,,,0,0,,,,,0,0,,,,,,,,,0,1,0,0,0,0,0,0,1,0,0,0,0,0,1,0,0,0,0,0,1,1,
1993,,,,,,,0,0,0,0,0,0,1,0,0,,,,,,,0,1,0,0,0,,,0,0,,,,,0,0,,,,,,,,,0,1,0,0,0,0,0,0,1,0,0,0,0,0,1,0,0,0,0,0,1,1,
1994,,,,,,,0,0,0,0,0,0,1,0,0,,,,,,,0,1,0,0,0,,,0,0,,,,,0,0,,,,,,,,,0,1,0,0,0,0,0,0,1,0,0,0,0,0,1,0,0,0,0,0,1,1,
1995,,,,,,,0,0,0,0,0,0,1,0,0,,,,,,,0,1,0,0,0,,,0,0,,,,,0,0,,,,,,,,,0,1,0,0,0,0,0,0,1,0,0,0,0,0,1,0,0,0,0,0,1,1,
1996,,,,,,,0,0,0,0,0,0,1,0,0,,,,,,,,,,,,,,,0,,,,,0,0,,,,,,,,,0,1,0,0,0,0,0,0,1,0,0,0,0,0,1,0,0,0,0,0,1,1,
1997,,,,,,,0,0,0,0,0,0,1,0,0,,,,,,,,,,,,,,,0,,,,,0,0,,,,,,,,,0,1,0,0,0,0,0,0,1,0,0,0,0,0,1,0,0,0,0,0,1,1,
1998,,,,,,,0,0,0,0,0,0,1,0,0,,,,,,,,,,,,,,,0,,,,,0,0,,,,,,,,,0,1,0,0,0,0,0,0,1,0,0,0,0,0,1,0,0,0,0,0,1,1,
1999,,,,,,,0,0,0,0,0,0,1,0,0,,,,,,,,,,,,,,,0,,,,,0,0,,,,,,,,,0,1,0,0,0,0,0,0,1,0,0,0,0,0,1,0,0,0,0,0,1,1,
2000,,,,,,,0,0,0,0,0,0,1,0,0,,,,,,,,,,,,,,,0,,,,,0,0,,,,,,,,,0,1,0,0,0,0,0,0,1,0,0,0,0,0,1,0,0,0,0,0,1,1,
2001,,,,,,,0,0,0,0,0,0,0,0,0,,,,,,,,,,,,,,,,,,,,,,,,,,,,,,0,0,0,0,0,0,0,0,1,0,0,0,0,0,0,0,0,0,0,0,1,1,
2002,,,,,,,,,,,,,,,,,,,,,,,,,,,,,,,,,,,,,,,,,,,,,0,0,0,0,0,0,0,0,0,0,0,0,0,0,0,0,0,0,0,0,0,0,


