Year,Black Mountain_06,Canada Bonia South_12,Canada Bonia South-18,cerro bandera north_05,cerro bandera north_13,cerro bandera north_15,cerro bandera north_17,Fillmore Side Canyon 2_FSTPN,hitchcock_06,Hoya de cibola_12,Hoya de cibola_14,Hoya de cibola_24,Hoya de cibola_27,La Luz Trail_100,La Luz Trail_110,La Luz Trail_120,La Marchanita_10,La Marchanita_25,La Marchanita_26,La Marchanita_32,Mesita Blanca_01,Mesita Blanca_15,Mesita Blanca_19,Mica Mountain_04,Monument Canyon Natural Area_18,N Alamo bog_05,old pine bluff_10,old pine bluff_11,old pine bluff_13,Peters Flat_01,Peters Flat_02,Peters Flat_05,Rincon Peak_01,Rincon Peak_03,Rito de los Frijoles GP3_46,Rock house spring_01,Round Mountain_02,Round Mountain_04,Round Mountain_07,Round Mountain_09,Round Mountain_75,High Sierra Ridge Pine_04,Baja LIBO_9002,Black Mountain SJbm_19,Blacks Mountain 43b_25,Blacks Mountain 43b_30,Blacks Mountain 43b_31,Blacks Mountain 44b_25,Blacks Mountain 44b_42,Blacks Mountain 49b_13,Blacks Mountain 49b-16,Blacks Mountain 49b-29,Blacks Mountain 49b_32
1230,,,,,,,,,,,,,,,,,,,,,,,,,,,,,,,,,,,,,,,2,,,,,,,,,,,,,,
1231,,,,,,,,,,,,,,,,,,,,,,,,,,,,,,,,,,,,,,,1,,,,,,,,,,,,,,
1232,,,,,,,,,,,,,,,,,,,,,,,,,,,,,,,,,,,,,,,1,,,,,,,,,,,,,,
1233,,,,,,,,,,,,,,,,,,,,,,,,,,,,,,,,,,,,,,,1,,,,,,,,,,,,,,
1234,,,,,,,,,,,,,,,,,,,,,,,,,,,,,,,,,,,,,,,1,,,,,,,,,,,,,,
1235,,,,,,,,,,,,,,,,,,,,,,,,,,,,,,,,,,,,,,,1,,,,,,,,,,,,,,
1236,,,,,,,,,,,,,,,,,,,,,,,,,,,,,,,,,,,,,,,1,,,,,,,,,,,,,,
1237,,,,,,,,,,,,,,,,,,,,,,,,,,,,,,,,,,,,,,,1,,,,,,,,,,,,,,
1238,,,,,,,,,,,,,,,,,,,,,,,,,,,,,,,,,,,,,,,1,,,,,,,,,,,,,,
1239,,,,,,,,,,,,,,,,,,,,,,,,,,,,,,,,,,,,,,,1,,,,,,,,,,,,,,
1240,,,,,,,,,,,,,,,,,,,,,,,,,,,,,,,,,,,,,,,1,,,,,,,,,,,,,,
1241,,,,,,,,,,,,,,,,,,,,,,,,,,,,,,,,,,,,,,,1,,,,,,,,,,,,,,
1242,,,,,,,,,,,,,,,,,,,,,,,,,,,,,,,,,,,,,,,1,,,,,,,,,,,,,,
1243,,,,,,,,,,,,,,,,,,,,,,,,,,,,,,,,,,,,,,,1,,,,,,,,,,,,,,
1244,,,,,,,,,,,,,,,,,,,,,,,,,,,,,,,,,,,,,,,1,,,,,,,,,,,,,,
1245,,,,,,,,,,,,,,,,,,,,,,,,,,,,,,,,,,,,,,,1,,,,,,,,,,,,,,
1246,,,,,,,,,,,,,,,,,,,,,,,,,,,,,,,,,,,,,,,1,,,,,,,,,,,,,,
1247,,,,,,,,,,,,,,,,,,,,,,,,,,,,,,,,,,,,,,,1,,,,,,,,,,,,,,
1248,,,,,,,,,,,,,,,,,,,,,,,,,,,,,,,,,,,,,,,1,,,,,,,,,,,,,,
1249,,,,,,,,,,,,,,,,,,,,,,,,,,,,,,,,,,,,,,,1,,,,,,,,,,,,,,
1250,,,,,,,,,,,,,,,,,,,,,,,,,,,,,,,,,,,,,,,1,,,,,,,,,,,,,,
1251,,,,,,,,,,,,,,,,,,,,,,,,,,,,,,,,,,,,,,,1,,,,,,,,,,,,,,
1252,,,,,,,,,,,,,,,,,,,,,,,,,,,,,,,,,,,,,,,1,,,,,,,,,,,,,,
1253,,,,,,,,,,,,,,,,,,,,,,,,,,,,,,,,,,,,,,,1,,,,,,,,,,,,,,
1254,,,,,,,,,,,,,,,,,,,,,,,,,,,,,,,,,,,,,,,1,,,,,,,,,,,,,,
1255,,,,,,,,,,,,,,,,,,,,,,,,,,,,,,,,,,,,,,,1,,,,,,,,,,,,,,
1256,,,,,,,,,,,,,,,,,,,,,,,,,,,,,,,,,,,,,,,1,,,,,,,,,,,,,,
1257,,,,,,,,,,,,,,,,,,,,,,,,,,,,,,,,,,,,,,,1,,,,,,,,,,,,,,
1258,,,,,,,,,,,,,,,,,,,,,,,,,,,,,,,,,,,,,,,1,,,,,,,,,,,,,,
1259,,,,,,,,,,,,,,,,,,,,,,,,,,,,,,,,,,,,,,,1,,,,,,,,,,,,,,
1260,,,,,,,,,,,,,,,,,,,,,,,,,,,,,,,,,,,,,,,1,,,,,,,,,,,,,,
1261,,,,,,,,,,,,,,,,,,,,,,,,,,,,,,,,,,,,,,,1,,,,,,,,,,,,,,
1262,,,,,,,,,,,,,,,,,,,,,,,,,,,,,,,,,,,,,,,1,,,,,,,,,,,,,,
1263,,,,,,,,,,,,,,,,,,,,,,,,,,,,,,,,,,,,,,,1,,,,,,,,,,,,,,
1264,,,,,,,,,,,,,,,,,,,,,,,,,,,,,,,,,,,,,,,1,,,,,,,,,,,,,,
1265,,,,,,,,,,,,,,,,,,,,,,,,,,,,,,,,,,,,,,,1,,,,,,,,,,,,,,
1266,,,,,,,,,,,,,,,,,,,,,,,,,,,,,,,,,,,,,,,1,,,,,,,,,,,,,,
1267,,,,,,,,,,,,,,,,,,,,,,,,,,,,,,,,,,,,,,,1,,,,,,,,,,,,,,
1268,,,,,,,,,,,,,,,,,,,,,,,,,,,,,,,,,,,,,,,1,,,,,,,,,,,,,,
1269,,,,,,,,,,,,,,,,,,,,,,,,,,,,,,,,,,,,,,,1,,,,,,,,,,,,,,
1270,,,,,,,,,,,,,,,,,,,,,,,,,,,,,,,,,,,,,,,1,,,,,,,,,,,,,,
1271,,,,,,,,,,,,,,,,,,,,,,,,,,,,,,,,,,,,,,,1,,,,,,,,,,,,,,
1272,,,,,,,,,,,,,,,,,,,,,,,,,,,,,,,,,,,,,,,1,,,,,,,,,,,,,,
1273,,,,,,,,,,,,,,,,,,,,,,,,,,,,,,,,,,,,,,,1,,,,,,,,,,,,,,
1274,,,,,,,,,,,,,,,,,,,,,,,,,,,,,,,,,,,,,,,1,,,,,,,,,,,,,,
1275,,,,,,,,,,,,,,,,,,,,,,,,,,,,,,,,,,,,,,,1,,,,,,,,,,,,,,
1276,,,,,,,,,,,,,,,,,,,,,,,,,,,,,,,,,,,,,,,1,,,,,,,,,,,,,,
1277,,,,,,,,,,,,,,,,,,,,,,,,,,,,,,,,,,,,,,,1,,,,,,,,,,,,,,
1278,,,,,,,,,,,,,,,,,,,,,,,,,,,,,,,,,,,,,,,1,,,,,,,,,,,,,,
1279,,,,,,,,,,,,,,,,,,,,,,,,,,,,,,,,,,,,,,,1,,,,,,,,,,,,,,
1280,,,,,,,,,,,,,,,,,,,,,,,,,,,,,,,,,,,,,,,2,,,,,,,,,,,,,,
1281,,,,,,,,,,,,,,,,,,,,,,,,,,,,,,,,,,,,,,,1,,,,,,,,,,,,,,
1282,,,,,,,,,,,,,,,,,,,,,,,,,,,,,,,,,,,,,,,1,,,,,,,,,,,,,,
1283,,,,,,,,,,,,,,,,,,,,,,,,,,,,,,,,,,,,,,,1,,,,,,,,,,,,,,
1284,,,,,,,,,,,,,,,,,,,,,,,,,,,,,,,,,,,,,,,1,,,,,,,,,,,,,,
1285,,,,,,,,,,,,,,,,,,,,,,,,,,,,,,,,,,,,,,,1,,,,,,,,,,,,,,
1286,,,,,,,,,,,,,,,,,,,,,,,,,,,,,,,,,,,,,,,1,,,,,,,,,,,,,,
1287,,,,,,,,,,,,,,,,,,,,,,,,,,,,,,,,,,,,,,,1,,,,,,,,,,,,,,
1288,,,,,,,,,,,,,,,,,,,,,,,,,,,,,,,,,,,,,,,1,,,,,,,,,,,,,,
1289,,,,,,,,,,,,,,,,,,,,,,,,,,,,,,,,,,,,,,,1,,,,,,,,,,,,,,
1290,,,,,,,,,,,,,,,,,,,,,,,,,,,,,,,,,,,,,,,1,,,,,,,,,,,,,,
1291,,,,,,,,,,,,,,,,,,,,,,,,,,,,,,,,,,,,,,,1,,,,,,,,,,,,,,
1292,,,,,,,,,,,,,,,,,,,,,,,,,,,,,,,,,,,,,,,1,,,,,,,,,,,,,,
1293,,,,,,,,,,,,,,,,,,,,,,,,,,,,,,,,,,,,,,,1,,,,,,,,,,,,,,
1294,,,,,,,,,,,,,,,,,,,,,,,,,,,,,,,,,,,,,,,1,,,,,,,,,,,,,,
1295,,,,,,,,,,,,,,,,,,,,,,,,,,,,,,,,,,,,,,,1,,,,,,,,,,,,,,
1296,,,,,,,,,,,,,,,,,,,,,,,,,,,,,,,,,,,,,,,1,,,,,,,,,,,,,,
1297,,,,,,,,,,,,,,,,,,,,,,,,,,,,,,,,,,,,,,,1,,,,,,,,,,,,,,
1298,,,,,,,,,,,,,,,,,,,,,,,,,,,,,,,,,,,,,,,1,,,,,,,,,,,,,,
1299,,,,,,,,,,,,,,,,,,,,,,,,,,,,,,,,,,,,,,,1,,,,,,,,,,,,,,
1300,,,,,,,,,,,,,,,,,,,,,,,,,,,,,,,,,,,,,,,1,,,,,,,,,,,,,,
1301,,,,,,,,,,,,,,,,,,,,,,,,,,,,,,,,,,,,,,,1,,,,,,,,,,,,,,
1302,,,,,,,,,,,,,,,,,,,,,,,,,,,,,,,,,,,,,,,1,,,,,,,,,,,,,,
1303,,,,,,,,,,,,,,,,,,,,,,,,,,,,,,,,,,,,,,,1,,,,,,,,,,,,,,
1304,,,,,,,,,,,,,,,,,,,,,,,,,,,,,,,,,,,,,,,1,,,,,,,,,,,,,,
1305,,,,,,,,,,,,,,,,,,,,,,,,,,,,,,,,,,,,,,,1,,,,,,,,,,,,,,
1306,,,,,,,,,,,,,,,,,,,,,,,,,,,,,,,,,,,,,,,1,,,,,,,,,,,,,,
1307,,,,,,,,,,,,,,,,,,,,,,,,,,,,,,,,,,,,,,,1,,,,,,,,,,,,,,
1308,,,,,,,,,,,,,,,,,,,,,,,,,,,,,,,,,,,,,,,1,,,,,,,,,,,,,,
1309,,,,,,,,,,,,,,,,,,,,,,,,,,,,,,,,,,,,,,,1,,,,,,,,,,,,,,
1310,,,,,,,,,,,,,,,,,,,,,,,,,,,,,,,,,,,,,,,1,,,,,,,,,,,,,,
1311,,,,,,,,,,,,,,,,,,,,,,,,,,,,,,,,,,,,,,,1,,,,,,,,,,,,,,
1312,,,,,,,,,,,,,,,,,,,,,,,,,,,,,,,,,,,,,,,1,,,,,,,,,,,,,,
1313,,,,,,,,,,,,,,,,,,,,,,,,,,,,,,,,,,,,,,,1,,,,,,,,,,,,,,
1314,,,,,,,,,,,,,,,,,,,,,,,,,,,,,,,,,,,,,,,1,,,,,,,,,,,,,,
1315,,,,,,,,,,,,,,,,,,,,,,,,,,,,,,,,,,,,,,,1,,,,,,,,,,,,,,
1316,,,,,,,,,,,,,,,,,,,,,,,,,,,,,,,,,,,,,,,1,,,,,,,,,,,,,,
1317,,,,,,,,,,,,,,,,,,,,,,,,,,,,,,,,,,,,,,,1,,,,,,,,,,,,,,
1318,,,,,,,,,,,,,,,,,,,,,,,,,,,,,,,,,,,,,,,1,,,,,,,,,,,,,,
1319,,,,,,,,,,,,,,,,,,,,,,,,,,,,,,,,,,,,,,,1,,,,,,,,,,,,,,
1320,,,,,,,,,,,,,,,,,,,,,,,,,,,,,,,,,,,,,,,1,,,,,,,,,,,,,,
1321,,,,,,,,,,,,,,,,,,,,,,,,,,,,,,,,,,,,,,,1,,,,,,,,,,,,,,
1322,,,,,,,,,,,,,,,,,,,,,,,,,,,,,,,,,,,,,,,1,,,,,,,,,,,,,,
1323,,,,,,,,,,,,,,,,,,,,,,,,,,,,,,,,,,,,,,,1,,,,,,,,,,,,,,
1324,,,,,,,,,,,,,,,,,,,,,,,,,,,,,,,,,,,,,,,1,,,,,,,,,,,,,,
1325,,,,,,,,,,,,,,,,,,,,,,,,,,,,,,,,,,,,,,,1,,,,,,,,,,,,,,
1326,,,,,,,,,,,,,,,,,,,,,,,,,,,,,,,,,,,,,,,1,,,,,,,,,,,,,,
1327,,,,,,,,,,,,,,,,,,,,,,,,,,,,,,,,,,,,,,,1,,,,,,,,,,,,,,
1328,,,,,,,,,,,,,,,,,,,,,,,,,,,,,,,,,,,,,,,1,,,,,,,,,,,,,,
1329,,,,,,,,,,,,,,,,,,,,,,,,,,,,,,,,,,,,,,,1,,,,,,,,,,,,,,
1330,,,,,,,,,,,,,,,,,,,,,,,,,,,,,,,,,,,,,,,1,,,,,,,,,,,,,,
1331,,,,,,,,,,,,,,,,,,,,,,,,,,,,,,,,,,,,,,,1,,,,,,,,,,,,,,
1332,,,,,,,,,,,,,,,,,,,,,,,,,,,,,,,,,,,,,,,1,,,,,,,,,,,,,,
1333,,,,,,,,,,,,,,,,,,,,,,,,,,,,,,,,,,,,,,,1,,,,,,,,,,,,,,
1334,,,,,,,,,,,,,,,,,,,,,,,,,,,,,,,,,,,,,,,1,,,,,,,,,,,,,,
1335,,,,,,,,,,,,,,,,,,,,,,,,,,,,,,,,,,,,,,,1,,,,,,,,,,,,,,
1336,,,,,,,,,,,,,,,,,,,,,,,,,,,,,,,,,,,,,,,1,,,,,,,,,,,,,,
1337,,,,,,,,,,,,,,,,,,,,,,,,,,,,,,,,,,,,,,,1,,,,,,,,,,,,,,
1338,,,,,,,,,,,,,,,,,,,,,,,,,,,,,,,,,,,,,,,1,,,,,,,,,,,,,,
1339,,,,,,,,,,,,,,,,,,,,,,,,,,,,,,,,,,,,,,,1,,,,,,,,,,,,,,
1340,,,,,,,,,,,,,,,,,,,,,,,,,,,,,,,,,,,,,,,1,,,,,,,,,,,,,,
1341,,,,,,,,,,,,,,,,,,,,,,,,,,,,,,,,,,,,,,,1,,,,,,,,,,,,,,
1342,,,,,,,,,,,,,,,,,,,,,,,,,,,,,1,,,,,,,,,,1,,,,,,,,,,,,,,
1343,,,,,,,,,,,,,,,,,,,,,,,,,,,,,1,,,,,,,,,,1,,,,,,,,,,,,,,
1344,,,,,,,,,,,,,,,,,,,,,,,,,,,,,1,,,,,,,,,,1,,,,,,,,,,,,,,
1345,,,,,,,,,,,,,,,,,,,,,,,,,,,,,1,,,,,,,,,,1,,,,,,,,,,,,,,
1346,,,,,,,,,,,,,,,,,,,,,,,,,,,,,1,,,,,,,,,,1,,,,,,,,,,,,,,
1347,,,,,,,,,,,,,,,,,,,,,,,,,,,,,2,,,,,,,,,,1,,,,,,,,,,,,,,
1348,,,,,,,,,,,,,,,,,,,,,,,,,,,,,1,,,,,,,,,,1,,,,,,,,,,,,,,
1349,,,,,,,,,,,,,,,,,,,,,,,,,,,,,1,,,,,,,,,,1,,,,,,,,,,,,,,
1350,,,,,,,,,,,,,,,,,,,,,,,,,,,,,1,,,,,,,,,,1,,,,,,,,,,,,,,
1351,,,,,,,,,,,,,,,,,,,,,,,,,,,,,1,,,,,,,,,,1,,,,,,,,,,,,,,
1352,,,,,,,,,,,,,,,,,,,,,,,,,,,,,1,,,,,,,,,,1,,,,,,,,,,,,,,
1353,,,,,,,,,,,,,,,,,,,,,,,,,,,,,1,,,,,,,,,,1,,,,,,,,,,,,,,
1354,,,,,,,,,,,,,,,,,,,,,,,,,,,,,1,,,,,,,,,,1,,,,,,,,,,,,,,
1355,,,,,,,,,,,,,,,,,,,,,,,,,,,,,1,,,,,,,,,,1,,,,,,,,,,,,,,
1356,,,,,,,,,,,,,,,,,,,,,,,,,,,,,1,,,,,,,,,,1,,,,,,,,,,,,,,
1357,,,,,,,,,,,,,,,,,,,,,,,,,,,,,2,,,,,,,,,,1,,,,,,,,,,,,,,
1358,,,,,,,,,,,,,,,,,,,,,,,,,,,,,1,,,,,,,,,,1,,,,,,,,,,,,,,
1359,,,,,,,,,,,,,,,,,,,,,,,,,,,,,1,,,,,,,,,,1,,,,,,,,,,,,,,
1360,,,,,,,,,,,,,,,,,,,,,,,,,,,,,1,,,,,,,,,,1,,,,,,,,,,,,,,
1361,,,,,,,,,,,,,,,,,,,,,,,,,,,,,1,,,,,,,,,,1,,,,,,,,,,,,,,
1362,,,,,,,,,,,,,,,,,,,,,,,,,,,,,1,,,,,,,,,,1,,,,,,,,,,,,,,
1363,,,,,,,,,,,,,,,,,,,,,,,,,,,,,1,,,,,,,,,,1,,,,,,,,,,,,,,
1364,,,,,,,,,,,,,,,,,,,,,,,,,,,,,1,,,,,,,,,,1,,,,,,,,,,,,,,
1365,,,,,,,,,,,,,,,,,,,,,,,,,,,,2,1,,,,,,,,,,1,,,,,,,,,,,,,,
1366,,,,,,,,,,,,,,,,,,,,,,,,,,,,0,1,,,,,,,,,,1,,,,,,,,,,,,,,
1367,,,,,,,,,,,2,,,,,,,,2,,,,,,,,,0,1,,,,,,,,,,1,,,,,,,,,,,,,,
1368,,,,,,,,,,,1,,,,,,,,1,,,,,,,,,0,1,,,,,,,,,,1,,,,,,,,,,,,,,
1369,,,,,,,,,,,1,,,,,,,,1,,,,,,,,,0,1,,,,,,,,,,1,,,,,,,,,,,,,,
1370,,,,,,,,,,,1,,,,,,,,1,,,,,,,,,0,1,,,,,,,,,,1,,,,,,,,,,,,,,
1371,,,,,,,,,,,1,,,,,,,,1,,,,,,,,,0,1,,,,,,,,,,1,,,,,,,,,,,,,,
1372,,,,,,,,,,,1,,,,,,,,1,,,,,,,,,0,1,,,,,,,,,,1,,,,,,,,,,,,,,
1373,,,,,,,,,,,1,,,,,,,,1,,,,,,,,,0,1,,,,,,,,,,1,,,,,,,,,,,,,,
1374,,,,,,,,,,,1,,,,,,,,1,,,,,,,,,0,1,,,,,,,,,,1,,,,,,,,,,,,,,
1375,,,,,,,,,,,2,,,,,,,,1,,,,,,,,,0,2,,,,,,,,,,1,,,,,,,,,,,,,,
1376,,,,,,,,,,,1,,,,,,,,1,,,,,,,,,0,1,,,,,,,,,,1,,,,,,,,,,,,,,
1377,,,,,,,,,,,1,,,,,,,,1,,,,,,,,,0,1,,,,,,,,,,1,,,,,,,,,,,,,,
1378,,,,,,,,,,,1,,,,,,,,1,,,,,,,,,0,1,,,,,,,,,,1,,,,,,,,,,,,,,
1379,,,,,,,,,,,1,,,,,,,,1,,,,,,,,,0,1,,,,,,,,,,1,,,,,,,,,,,,,2,2
1380,,,,,,,,,,,1,,,,,,,,1,,,,,,,,,0,1,,,,,,,,,,1,,,,,,,,,,,,,1,1
1381,,,,,,,,,,,1,,,,,,,,1,,,,,,,,,0,1,,,,,,,,,,1,,,,,,,,,,,,,1,1
1382,,,,,,,,,,,2,,,,,,,,2,,,,,,,,,0,2,,,,,,,,,,1,,,,,,,,,,,,,1,1
1383,,,,,,,,,,,1,,,,,,,,1,,,,,,,,,0,1,,,,,,,,,,1,,,,,,,,,,,,,1,1
1384,,,,,,,,,,,1,,,,,,,,1,,,,,,,,,0,1,,,,,,,,,,1,,,,,,,,,,,,,1,1
1385,,,,,,,,,,,1,,,,,,,,1,,,,,,,,,0,1,,,,,,,,,,1,,,,,,,,,,,,,1,1
1386,,,,,,,,,,,1,,,,,,,,1,,,,,,,,,0,1,,,,,,,,,,1,,,,,,,,,,,,,1,1
1387,,,,,2,,,,,,1,,,,,,,,1,,,,,,,,,0,1,,,,,,,,,,1,,,,,,,,,,2,,,1,1
1388,,,,,0,,,,,,1,,,,,,,,1,,,,,,,,,0,1,,,,,,,,,,1,,,,,,,,,,1,,,1,1
1389,,,,,0,,,,,,1,,,,,,,,1,,,,,,,,,0,1,,,,,,,,,,1,,,,,,,,,,1,,,1,1
1390,,,,,0,,,,,,1,,,,,,,,1,,,,,,,,,0,1,,,,,,,,,,1,,,,,,,,,,1,,,1,1
1391,,,,,2,,,,,,1,,,,,,,,1,,,,,,,,,0,1,,,,,,,,,,1,,,,,,,,,,1,,,1,1
1392,,,,,0,,,,,,1,,,,,,,,1,,,,,,,,,0,1,,,,,,,,,,1,,,,,,,,,,1,,,1,1
1393,,,,,0,,,,,,1,,,,,,,,1,,,,,,,,,0,1,,,,,,,,,,1,,,,,,,,,,1,,,1,1
1394,,,,,0,,,,,,1,,,,,,,,1,,,,,,,,,0,1,,,,,,,,,,1,,,,,,,,,,1,,,1,1
1395,,,,,0,,,,,,1,,,,,,,,1,,,,,,,,,0,1,,,,,,,,,,1,,,,,,,,,,1,,,1,1
1396,,,,,0,,,,,,1,,,,,,,,1,,,,,,,,,0,1,,,,,,,,,,1,,,,,,,,,,1,,,1,1
1397,,,,,0,,,,,,1,,,,,,,,1,,,,,,,,,0,2,,,,,,,,,,1,,,,,,,,,,1,,,1,1
1398,,,,,0,,,,,,1,,,,,,,,1,,,,,,,,,0,1,,,,,,,,,,1,,,,,,,,,,1,,,1,1
1399,,,,,0,,,,,,1,,,,,,,,1,,,,,,,,,0,1,,,,,,,,,,1,,,,,,,,,,1,,,1,1
1400,,,,,0,,,,,,2,,,,,,,,1,,,,,,,,,0,1,,,,,,,,,2,1,,,,,,,,,,1,,,1,1
1401,,,,,0,,,,,,1,,,,,,,,1,,,,,,,,,0,1,,,,,,,,,0,1,,,,,,,,,,1,,,1,1
1402,,,,,0,,,,,2,1,,,,,,,,1,,,,,,,,,0,1,,,,,,,,,0,1,,,,,,,,,,1,,,1,1
1403,,,,,0,,,,,1,1,,,,,,,,1,,,,,,,,,2,2,2,,,,,,,,0,1,,,,,,,,,,1,,,1,1
1404,,,,,0,,,,,1,1,,,,,,,,1,,,,,,,,,1,1,1,,,,,,,,0,2,,,,,,,,,,1,,,1,1
1405,,,,,0,,,,,1,1,,,,,,,,1,,,,,,,,,1,1,1,,,,,,,,0,1,,,,,,,,,,1,,,1,1
1406,,,,,0,,,,,1,1,,,,,,,,1,,,,,,,,,1,1,1,,,,,,,,0,2,,,,,,,,,,1,,,1,1
1407,,,,,0,,,,,1,1,,,,,,,,1,,,,,,,,,2,1,1,,,,,,,,0,1,,,,,,,,,,1,,,1,1
1408,,,,,0,,,,,1,2,,,,,,,,1,,,,,,,,2,1,1,2,,,,,,,,0,1,,,,,,,,,,1,,,1,1
1409,,,,,0,,,,,1,1,,,,,,,,1,,,,,,,,0,1,1,1,,,,,,,,0,1,,,,,,,,,,1,,,1,1
1410,,,,,0,,,,,1,1,,,,,,,,2,,,,,,,,0,1,1,1,,,,,,,,0,1,,,,,,,,,,1,,,1,1
1411,,,,,0,,,,,1,1,,,,,,,,1,,,,,,,,0,1,1,1,,,,,,,,0,1,,,,,,,,,,1,,,1,1
1412,,,,,0,,,,,1,1,,,,,,,,1,,,,,,,,0,1,1,1,,,,,,,,0,1,,,,,,,,,,1,,,1,1
1413,,,,,0,,,,,1,1,,,,,,,,1,,,,,,,,0,1,1,1,,,,,,,2,0,1,,,,,,,,,,1,,,1,1
1414,,,,,0,,,,,1,1,,,,,,,,1,,,,,,,,0,1,1,1,,,,,,,1,0,1,,,,,,,,,,1,,,1,1
1415,,,,,0,,,,,2,1,2,,,,,,,1,,,,,,,,0,2,1,1,,,,,,,1,0,1,,,,,,,,,,1,,,1,1
1416,,,,,0,,,,,1,1,1,,,,,,,1,,,,,,,,2,1,1,1,,,,,,,1,0,1,,,,,,,,,,1,,,1,1
1417,,,,,0,,,,,1,1,1,,,,,,,1,,,,,,,,0,1,1,1,,,,,,,1,0,1,,,,,,,,,,1,,,1,1
1418,,,,,0,,,,,1,1,1,,,,,,,1,,,,,,,,0,1,1,1,,,,,,,1,0,1,,,,2,,,,,,1,,,1,1
1419,,,,,0,,,,,1,1,1,,,,,,,1,,,,,,,,0,1,1,1,,,,,,,1,0,1,,,,1,,,,,,1,,,1,1
1420,,,,,0,,,,,1,1,1,,,,,,,1,,,,,,,,0,1,1,1,,,,,,,1,0,1,,,,1,,,,,,1,,,1,1
1421,,,,,0,,,,,1,2,2,2,,,,,,1,,,,,,,,0,1,1,1,,,,,,,1,0,1,,,,1,,,,,,1,,,1,1
1422,,,,,0,,,,,1,1,1,1,,,,,,1,,,,,,,2,0,1,1,2,2,,,,,,2,0,1,,,,1,,,,,,1,,,1,1
1423,,,,,0,,,,,1,1,1,1,,,,,,1,,,,,,,1,0,1,1,1,1,,,,,,1,0,1,,,,1,,,,,,1,,,1,1
1424,,,,,0,,,,,1,1,1,1,,,,,,1,,,,,,,1,0,1,1,1,1,,,,,,1,0,1,,,,1,,,,,,1,,,1,1
1425,,,,,0,,,,,1,1,1,1,,,2,,,1,,,,,,,1,2,1,1,1,1,,,,,,1,0,1,,,,1,,,,,,1,,,1,1
1426,,,,,0,,,,,1,2,2,1,,,1,,,1,,,,,,,1,0,1,1,1,1,,,,,,2,0,1,,,,1,,,,,,1,,,1,1
1427,,,,,0,,,,,1,1,1,1,,,1,,,1,,,,,,,1,0,1,1,1,1,,,,,,1,0,1,,,,1,,,,,,1,,,1,1
1428,,,,,0,,,,,1,1,1,1,,,1,,,1,,,,,,,1,0,1,1,1,1,,,,,,2,0,1,,,,1,,,,2,,2,,,1,1
1429,,,,,0,,,,,1,1,2,1,,,1,,,1,,,,,,,1,0,1,1,1,1,,,,,,1,0,1,,,,1,,,,1,,1,,,1,1
1430,,,,,0,,,,,1,1,0,1,,,1,,,1,,,,,,,1,0,1,1,1,1,,,,,,1,0,1,,,,1,,,,1,,1,,,1,1
1431,,,,,0,,,,,1,1,0,1,,,1,,,1,,,,,,,1,0,1,1,1,1,,,,,,1,0,1,,,,1,,,,1,,1,,,1,1
1432,,,,,0,,,,,1,1,0,1,,,1,,,1,,,,,,,1,0,1,1,1,1,,,,,,1,0,1,,,,1,,,,1,,1,,,1,1
1433,,,,,0,,,,,1,1,0,1,,,1,,,1,,,,,,,1,0,1,1,1,1,,,,,,1,0,1,,,,1,,,,1,,1,,,1,1
1434,,,,,0,,,,,1,1,0,1,,,2,,,2,2,,,,,,1,0,1,1,1,1,,,,,,1,0,1,,,,1,,,,1,,1,,,1,1
1435,,,,,0,,,,,1,1,0,1,,,1,,,1,1,,,,,,1,0,1,1,1,1,,,,,,1,0,1,,,,1,,,,1,,1,,,1,1
1436,,,,,0,,,,,1,1,0,1,,,1,,,1,1,,,,,,1,2,2,2,1,1,,,,,,1,0,1,,,,1,,,,1,,1,,,1,1
1437,,,,,0,,,,,1,1,0,1,,,2,,,1,1,,,,,,1,1,1,1,1,1,,,,,,1,0,1,,,,1,,,,1,,1,,,1,1
1438,,,,,0,,,,,1,1,0,1,,,1,,,1,1,,,,,,1,1,1,1,1,1,,,,,,1,0,1,,,,1,,,,1,,1,,,1,1
1439,,,,,0,,,,,1,1,0,1,,,2,,,1,1,,,,,,1,1,1,1,1,1,,,,,,1,0,1,,,,1,,,,2,,1,,,1,1
1440,,,,,0,,,,,1,1,0,1,,,1,,,1,1,,,,,,1,1,1,1,1,1,,,,,,1,0,1,,,,1,,,,1,,1,,,1,1
1441,,,,,0,,,,,1,1,0,1,,,1,,,1,1,,,,,,1,2,1,1,1,1,,,,,,1,0,1,,,,1,,,,1,,1,,,1,1
1442,,,,,0,,,,,1,1,0,1,,,1,,,1,1,,,,,,1,1,1,1,2,2,,,,,,1,0,1,,,,1,,,,1,,1,,,1,1
1443,,,,,0,,,,,1,1,0,1,,,1,,,1,1,,,,,,1,1,1,1,1,1,,,,,,1,0,1,,,,1,,,,1,,1,,,1,1
1444,,,,,0,,,,,1,1,0,1,,,2,,,1,2,,,,,,1,1,1,1,1,1,,,,,,1,0,1,,,,1,,,,1,,1,,,1,1
1445,,,,2,0,2,,,,1,1,0,1,,,1,,,1,1,,,,,,1,1,1,1,1,1,,,,,,1,0,1,,,,1,,,,1,,1,,,1,1
1446,,,,0,0,1,,,,1,1,0,1,,,1,,,1,1,,,,,,1,1,1,1,1,1,,,,,,1,0,1,,,,1,,,,1,,1,,,1,1
1447,,,,0,0,1,,,,1,1,0,1,,2,1,,,1,1,,2,,,,1,1,1,1,1,1,,,,,,1,0,1,,,,1,,,,1,,1,,,1,1
1448,,,,2,0,1,,,,1,1,0,1,,1,1,,,1,1,,1,,,,1,1,1,1,1,1,,,,,,1,0,1,,,,1,,,,1,,1,,,1,1
1449,,,,0,0,1,,,,1,1,0,1,,1,1,,,1,1,,1,,,,1,1,1,1,1,1,,,,,,1,0,1,,,,1,,,,1,,1,,,1,1
1450,,,,0,0,1,,,,1,1,0,1,,1,1,,,1,1,,1,,,,1,2,1,1,1,1,,,,,,1,0,1,,,,1,,,2,1,,1,,,1,1
1451,,,,0,0,1,,,,1,1,0,1,,1,1,,,1,1,,1,,,,1,1,1,1,1,1,,,,,,1,0,1,,,,1,,,1,1,,1,,,1,1
1452,,,,0,0,1,,,,1,1,0,1,2,1,2,,,1,1,,1,,,,1,1,1,1,1,1,,,,,,1,0,1,,,,1,,,1,2,,1,,,1,1
1453,,,,0,0,1,,,,1,1,0,1,1,1,1,,,1,1,,1,,,,1,1,1,1,1,1,,,,,,1,0,1,,,,1,,,1,1,,1,,,1,1
1454,,,,0,0,2,,,,1,1,0,1,1,1,1,,,1,1,,1,,,,1,1,1,1,1,1,,,,,,1,0,1,,,,1,,,1,1,,1,,,1,1
1455,,,,0,0,1,,,,1,1,0,1,1,1,1,,2,1,2,,1,,,,1,1,1,1,1,1,,,,,,1,0,1,,,,1,,,1,1,,1,,,1,1
1456,,,,0,0,1,,,,1,1,0,1,1,1,1,,0,1,1,,2,,,,1,1,1,1,1,1,,,,,,1,0,1,,,,1,,,1,1,,1,,,1,1
1457,,,,0,0,1,,,,1,1,0,1,2,2,1,,0,1,1,,1,,,,1,1,1,1,1,1,,,,,,1,0,1,,,,1,,,1,1,,2,,,1,1
1458,,,,0,0,1,,,,1,1,0,1,1,1,1,,0,1,1,,1,,,,1,1,1,1,1,1,,,,,,1,0,1,,,,1,,,1,1,,1,,,1,1
1459,2,,,0,0,1,,,,1,1,0,1,1,1,1,,0,1,1,,1,,,,1,1,1,1,2,1,,,,,,1,0,1,,,,1,,,1,1,,1,,,1,1
1460,1,,,0,0,1,,,,1,1,0,1,1,1,1,,0,1,1,,1,,,,1,2,1,1,1,1,,,,,,1,0,1,,,,1,,,1,2,,1,,,1,1
1461,1,,,0,0,1,,,,1,1,0,1,1,1,1,,0,1,1,,1,,,,1,1,1,1,1,1,,,,,,1,0,1,,,,1,,,1,1,,1,,,1,1
1462,1,,,0,0,1,,,,1,1,0,1,1,1,1,,0,1,1,,1,,,,1,1,1,1,1,1,,,,,,1,0,1,,,,1,2,,1,1,,1,,,1,1
1463,1,,,0,0,1,,,,1,2,2,2,1,1,1,,0,1,1,,2,,,,1,1,1,1,1,1,,,,,2,1,0,1,,,,1,1,,1,1,,1,,,1,1
1464,1,,,0,0,2,,,,1,1,0,1,2,1,1,,0,1,1,,1,,,,1,1,1,1,2,1,,,,,1,1,0,1,,,,1,1,,1,1,,1,,,1,1
1465,2,,,0,0,1,,,,1,1,0,1,1,1,2,,0,2,2,,1,,,,1,1,1,1,1,1,,,,,1,1,0,1,,,,1,1,,1,1,,1,,,1,1
1466,1,,,0,0,1,,,,1,1,0,1,1,1,1,,0,1,0,,1,,,,1,1,1,1,1,1,,,,,2,1,0,1,,,,1,1,,1,1,,1,,,1,1
1467,1,,,0,0,1,,,,1,1,0,1,1,2,1,,0,1,0,,1,,,,1,1,1,1,1,1,,,,,1,1,0,1,,,,1,1,,1,1,,1,,,1,1
1468,1,,,0,0,1,,,,1,1,0,1,1,0,1,,0,1,0,,1,,,,1,1,1,1,1,1,,,,,1,1,0,1,,,,1,1,,1,1,,1,,,1,1
1469,1,,,0,0,1,,,,1,1,0,1,1,0,2,,0,1,0,,1,,,,1,1,1,1,1,1,,,,,1,1,0,1,,,,1,1,,1,1,,1,,,1,1
1470,1,,,0,0,1,,,,1,1,0,1,1,0,1,,0,1,0,,2,,,,1,1,1,1,2,1,,,,,1,1,0,1,,,,1,1,,1,1,,1,,,1,1
1471,1,,,0,0,1,,,,1,1,0,1,1,0,1,,2,1,0,,1,,,,1,1,1,1,1,1,,,,,1,1,0,1,,,,1,1,,2,1,,1,,,1,1
1472,1,,,0,0,1,,,,1,1,0,1,1,0,1,,0,1,0,,1,,,,1,1,1,1,1,1,,,,,1,1,0,1,,,,1,1,,1,1,,1,,,1,1
1473,1,,,0,0,1,,,,1,1,0,1,1,0,1,,0,1,0,,1,,,,1,1,1,1,1,1,,,,,1,1,0,1,,,,1,1,,1,1,,1,,,1,1
1474,1,,,0,0,1,,,,1,1,0,1,1,0,1,,0,1,0,,1,,,,1,1,1,1,1,1,,,,,1,1,0,1,,,,1,2,,1,1,,1,,,1,1
1475,1,,,0,0,1,,,2,1,1,0,1,1,0,1,,0,1,0,,1,,,,1,2,2,2,1,1,,,,,2,1,0,1,,,,1,1,,1,1,,1,,,1,1
1476,1,,,0,0,1,,,0,1,1,0,1,1,0,1,,0,1,0,,1,,,,1,1,1,1,1,1,,,,,1,1,0,1,,,,1,1,,1,1,2,1,,,1,1
1477,1,,,0,0,1,,,0,1,1,0,1,1,0,1,,0,1,0,,1,,,,1,2,1,1,1,1,,,,,1,1,0,1,,,,1,1,,1,1,1,1,,,1,1
1478,1,,,0,0,1,,,0,1,1,0,1,1,0,1,,0,1,0,,1,,,,1,1,1,1,1,1,,,,,1,1,0,1,,,,1,1,,1,1,1,2,,2,1,1
1479,1,,,0,0,1,,,0,1,1,0,1,1,0,1,,0,1,0,,1,,,,1,1,1,1,1,1,,,,,1,1,0,1,,,,1,1,,1,1,1,1,,1,1,1
1480,2,,2,0,0,2,,,0,1,1,0,1,1,0,1,,0,1,0,,1,,,,1,2,1,1,2,1,2,,,2,1,1,0,1,,2,,1,1,,1,1,1,1,,1,1,1
1481,1,,1,0,0,1,,,0,1,1,0,1,1,0,1,,0,1,0,,1,,,,1,1,1,1,1,1,1,,,1,1,1,0,1,,1,,1,1,,1,1,1,1,,1,1,1
1482,1,,1,0,0,1,,,0,1,1,0,1,1,0,2,,0,1,0,,1,,,,1,2,1,1,1,1,1,,,1,1,1,0,1,,1,,1,1,,1,1,1,1,,1,1,1
1483,1,,1,0,2,1,,,0,2,2,0,1,2,0,1,,0,1,0,,1,,,,1,1,1,1,1,1,1,,,1,1,1,0,1,,1,,1,1,,1,1,1,1,,1,1,1
1484,1,,1,0,0,1,,,0,1,1,0,1,1,0,1,,0,1,0,,1,,,,1,1,1,1,1,1,1,,,1,1,1,0,1,,1,,1,1,,1,1,1,1,,1,1,1
1485,1,,1,0,0,1,,,0,1,1,0,1,1,0,1,,0,1,0,,1,,,,1,1,1,1,1,1,1,,,1,1,1,0,1,,1,,1,1,,1,1,1,1,,1,1,1
1486,2,,1,0,0,1,,,0,1,1,0,1,1,0,1,,0,1,0,,1,,,,1,1,1,1,1,1,1,,,1,1,1,0,1,,1,1,1,1,,1,1,1,1,,1,1,1
1487,1,,1,0,2,1,2,,0,1,1,0,1,2,0,1,,0,2,0,,1,,,,1,1,1,1,1,1,1,,,1,1,1,0,1,,1,1,1,1,,1,1,1,1,,1,1,1
1488,1,,1,0,0,1,0,,0,2,2,2,1,1,0,1,,0,1,0,,1,,,,1,1,1,1,1,1,1,,,1,1,1,0,1,,1,1,1,1,,1,1,1,1,,1,1,1
1489,1,,1,0,0,1,0,,0,1,1,0,1,1,0,1,,0,1,0,2,1,2,,,1,1,1,1,1,1,1,,,1,1,1,0,1,,1,1,1,1,,1,1,1,1,,1,1,1
1490,1,,1,0,0,1,0,,0,1,1,0,1,1,0,1,,0,1,0,0,1,0,,,1,1,1,1,2,1,1,,,1,1,1,0,1,,1,1,1,1,,1,1,1,1,,2,1,1
1491,2,,1,0,0,1,0,,0,1,1,0,1,1,0,1,,0,1,0,0,1,0,,,1,1,1,1,1,1,1,,,1,1,1,0,1,,1,1,1,1,,1,1,1,1,,1,1,1
1492,0,,1,0,0,1,0,,0,1,1,0,1,1,0,2,,0,1,0,0,1,0,,,1,2,1,1,1,1,1,,,1,1,1,0,1,,1,1,1,1,2,1,1,1,2,,1,1,1
1493,0,,1,0,0,2,0,,0,1,1,0,1,1,0,1,2,0,2,0,0,2,0,,2,1,1,1,1,1,1,1,,,1,1,1,0,1,,1,1,1,1,1,1,1,1,1,,1,1,1
1494,2,,1,0,0,1,0,,0,1,1,0,1,1,0,1,0,0,0,0,0,1,0,2,1,1,1,1,1,1,1,1,,,1,1,1,0,1,,1,1,1,1,1,1,1,1,1,,1,1,1
1495,0,2,2,0,0,1,0,,2,1,1,0,1,1,0,1,0,0,0,0,0,1,0,1,1,1,1,1,1,1,1,1,2,,1,1,1,0,1,,1,1,1,1,1,1,2,1,1,,1,1,1
1496,0,1,1,0,0,1,0,,1,1,1,0,1,1,0,1,0,0,0,0,0,1,0,1,1,1,1,1,1,1,1,1,1,,1,1,1,0,1,,1,1,1,1,1,1,1,1,1,,1,1,1
1497,0,1,1,0,0,1,0,2,1,1,1,0,1,1,0,1,0,0,0,0,0,1,0,1,1,1,1,1,1,1,1,1,1,2,1,1,1,0,1,,1,1,1,1,1,1,1,1,1,,1,2,2
1498,0,1,1,0,0,1,0,1,1,1,1,0,1,1,0,1,0,0,0,0,0,1,0,1,1,1,2,0,1,1,1,1,1,1,1,1,1,0,1,2,1,1,1,1,1,1,1,1,1,,1,1,1
1499,0,1,1,0,0,1,0,1,1,1,1,0,1,1,0,1,0,0,0,0,0,1,0,1,1,1,1,0,1,1,1,1,1,1,1,1,1,0,1,1,1,1,1,1,1,1,1,1,1,,1,1,1
1500,0,1,1,0,2,2,0,1,1,1,1,0,1,1,0,1,2,2,0,0,0,1,0,1,1,1,1,0,1,1,1,1,1,1,2,1,1,0,1,1,1,1,1,1,1,1,1,1,1,2,1,1,1
1501,0,1,1,0,0,1,0,1,1,2,1,0,1,1,0,1,0,0,0,0,0,1,0,1,1,2,2,0,2,1,1,1,1,1,1,2,1,0,1,1,1,1,1,1,1,1,1,1,1,1,1,1,1
1502,0,1,1,0,0,1,0,1,2,1,1,0,1,1,0,1,0,0,0,0,0,1,0,1,1,1,1,0,0,1,1,1,1,1,1,1,1,0,1,1,1,1,1,1,1,1,1,1,2,1,1,1,1
1503,0,1,1,0,0,1,0,1,1,1,1,0,1,1,0,1,0,0,0,0,0,1,0,1,1,1,1,0,0,1,1,1,1,1,1,1,1,0,1,1,2,1,1,1,1,1,1,1,1,1,1,1,1
1504,0,1,1,0,0,1,0,1,1,1,1,0,1,1,0,1,0,0,0,0,0,1,0,1,1,1,1,0,0,1,1,1,1,1,1,2,1,0,1,1,1,1,1,1,1,1,1,1,1,1,1,1,1
1505,0,1,1,0,0,1,0,1,1,1,1,0,1,1,0,1,0,0,0,0,0,1,0,1,1,1,1,0,0,1,1,1,1,1,1,1,1,0,1,1,1,1,1,1,2,1,1,1,1,1,1,1,1
1506,0,1,1,0,0,1,0,1,1,1,1,0,1,1,0,1,0,0,0,0,0,1,0,1,1,1,1,0,0,1,1,1,2,1,1,1,1,0,1,1,1,1,1,1,1,1,1,1,1,1,1,1,1
1507,0,1,1,0,0,1,0,1,1,1,1,0,1,1,0,1,0,0,0,0,0,1,0,1,1,1,2,0,0,1,1,1,1,1,1,1,1,0,1,1,1,1,1,1,1,1,1,1,1,1,1,1,1
1508,0,1,1,0,0,1,0,1,1,1,1,0,1,1,0,1,0,0,0,0,0,1,0,1,2,1,1,0,0,1,1,1,1,1,1,1,1,0,1,1,1,1,1,1,1,1,1,1,1,1,1,1,1
1509,0,1,1,0,0,1,0,1,1,1,1,0,1,1,0,1,0,0,0,0,0,1,0,1,1,1,1,0,0,1,1,1,1,1,2,1,1,0,1,1,1,1,1,1,1,1,1,1,1,1,1,1,1
1510,0,1,1,0,2,1,0,1,2,1,1,0,1,1,0,2,0,0,0,0,0,2,0,1,1,1,1,0,0,2,1,1,1,1,1,1,1,0,1,1,1,1,1,1,1,1,1,1,1,1,1,1,1
1511,0,1,1,0,0,1,0,1,1,1,1,0,1,1,0,1,0,0,0,0,0,1,0,1,1,1,1,0,0,1,1,1,1,1,1,1,1,0,1,1,1,1,1,1,1,1,1,1,1,1,1,1,1
1512,0,1,1,0,0,1,0,1,1,1,1,0,1,1,0,1,0,0,0,0,0,1,0,1,1,1,2,0,0,1,1,1,1,1,1,2,1,0,1,1,1,1,1,1,1,1,1,1,1,1,1,1,1
1513,0,1,1,0,0,1,0,1,1,1,2,0,1,1,0,1,0,0,0,0,0,1,0,1,1,1,1,0,0,1,1,1,1,1,1,1,1,0,1,1,1,1,1,1,1,1,2,1,1,1,1,1,1
1514,0,1,1,0,0,1,0,1,1,1,1,0,1,1,0,1,0,0,0,0,0,1,0,1,1,1,1,0,0,1,1,2,1,1,1,1,1,0,1,1,1,1,1,1,1,1,1,1,1,1,1,1,1
1515,0,1,1,0,0,1,0,1,1,1,1,0,1,1,0,1,0,0,0,0,0,1,0,1,1,1,1,0,0,1,1,1,1,1,1,1,1,0,1,1,1,1,1,1,1,1,1,1,1,1,1,1,1
1516,0,1,1,0,0,2,2,1,1,1,1,0,2,1,0,1,0,0,2,2,0,1,0,1,1,1,1,0,0,1,1,1,1,2,1,1,1,0,1,1,1,1,1,1,1,1,1,1,1,1,1,1,1
1517,0,1,1,0,0,1,0,1,1,1,1,0,1,1,0,1,0,2,0,1,0,1,0,1,1,1,1,0,0,1,1,1,1,1,1,1,1,0,1,1,1,2,1,1,1,1,1,1,1,1,1,1,1
1518,0,1,1,0,0,1,0,1,2,1,1,0,1,1,0,1,0,1,0,1,0,1,0,1,1,1,1,0,0,1,1,1,1,1,1,1,1,0,1,1,1,1,1,1,1,1,1,1,1,1,1,1,1
1519,0,1,1,0,0,1,0,1,1,1,1,0,1,1,0,1,0,1,0,1,0,1,0,1,1,1,1,0,0,1,1,1,1,1,1,1,1,0,1,1,1,1,1,1,1,1,1,1,1,1,1,1,1
1520,0,1,1,0,0,1,0,1,1,1,1,0,1,1,0,1,0,1,0,1,0,1,0,1,1,1,1,0,0,1,1,1,1,1,1,1,1,0,1,1,1,1,1,1,1,2,1,1,1,1,1,1,1
1521,0,1,1,0,0,1,0,1,2,1,1,0,1,1,0,1,0,1,0,1,0,1,0,1,1,1,1,0,0,1,1,1,1,1,1,1,1,0,1,1,1,1,1,1,1,1,1,1,1,1,1,1,1
1522,0,1,1,0,0,1,0,1,1,2,2,2,2,2,0,2,0,1,0,1,2,2,2,1,1,2,1,0,0,2,2,1,1,1,1,2,1,0,1,1,1,1,1,1,1,1,1,1,1,1,1,1,1
1523,0,1,1,0,0,1,0,1,1,1,1,0,1,1,0,1,0,1,0,1,0,1,0,1,1,1,1,0,0,1,1,1,1,1,1,1,1,0,1,1,1,1,1,1,1,1,1,1,1,1,1,1,1
1524,0,1,1,0,0,1,0,1,1,1,1,0,1,1,0,1,0,1,0,1,0,1,0,1,1,1,2,0,0,1,1,1,1,1,1,1,1,0,1,1,1,1,1,1,1,1,1,1,1,1,1,1,1
1525,0,1,1,0,0,1,0,1,1,1,1,0,1,1,0,1,0,1,0,1,0,1,0,1,1,1,1,0,0,1,1,1,1,1,1,1,1,0,1,1,1,1,1,1,1,1,1,1,1,1,1,2,1
1526,0,1,1,0,0,1,0,1,1,1,1,0,1,1,0,1,0,1,0,2,0,1,0,1,1,1,1,0,0,1,1,1,1,1,1,1,1,0,1,1,1,1,1,1,1,1,1,1,1,1,1,1,1
1527,0,1,1,0,0,1,0,1,1,1,1,0,1,1,0,1,0,1,0,1,0,1,0,1,1,1,1,0,0,1,1,1,1,1,1,1,1,0,1,1,1,1,1,1,1,1,1,1,2,1,1,1,1
1528,0,1,1,0,0,1,0,1,2,1,1,0,1,1,0,1,0,1,0,1,0,1,0,1,1,1,1,0,0,2,1,2,1,1,1,1,1,0,1,1,1,1,1,1,1,1,1,1,1,1,1,1,1
1529,0,1,1,0,0,1,0,1,1,1,1,0,1,1,0,1,0,1,0,1,0,1,0,1,1,1,1,0,0,1,1,1,1,2,1,1,1,0,1,1,1,1,1,1,1,1,2,1,1,1,1,1,1
1530,0,1,1,0,0,1,0,1,1,1,1,0,1,1,0,1,0,1,0,1,0,1,0,1,1,1,1,0,0,1,1,1,1,1,1,1,1,0,1,1,1,1,1,1,1,1,1,1,1,1,1,1,1
1531,0,1,1,0,0,1,0,1,1,1,1,0,1,1,0,1,0,1,0,1,0,1,0,1,1,1,1,0,0,1,1,1,1,1,1,1,1,0,1,1,1,1,1,1,1,1,1,1,1,1,1,1,1
1532,0,1,1,0,0,1,0,1,1,1,1,0,1,1,0,1,0,1,0,1,0,1,0,1,1,1,1,0,0,1,1,1,1,1,2,2,1,0,1,1,1,1,2,1,1,1,1,1,1,1,1,1,1
1533,0,1,1,0,0,1,0,1,1,1,1,0,2,1,0,1,0,1,0,1,0,1,0,1,1,1,1,0,0,1,1,1,1,1,1,1,1,0,1,1,1,1,1,1,1,1,1,1,1,1,1,1,1
1534,0,1,1,0,0,1,0,1,2,1,1,0,1,1,0,1,0,1,0,1,0,1,0,1,1,1,1,0,0,1,1,1,1,2,1,1,1,0,1,1,1,1,1,1,1,1,1,1,1,1,1,1,1
1535,0,1,1,0,0,1,0,1,1,1,1,0,1,1,0,1,0,1,0,1,0,1,0,1,1,1,1,0,0,1,1,1,1,1,1,1,1,0,1,1,1,1,1,1,1,1,1,1,1,1,1,1,1
1536,0,1,1,0,0,1,0,1,1,1,1,0,1,2,0,1,0,1,0,1,0,1,0,1,1,1,2,0,0,1,1,1,1,1,1,1,1,0,1,1,1,1,1,1,1,1,1,1,1,1,1,1,1
1537,0,1,1,0,0,1,0,1,1,1,1,0,1,1,0,1,0,1,0,1,0,1,0,1,1,1,1,0,0,1,1,1,1,1,1,1,1,0,1,1,1,1,1,1,1,1,1,1,1,1,1,1,1
1538,0,1,1,0,2,2,2,1,2,1,1,0,1,1,0,1,2,2,2,2,0,1,0,1,1,1,2,0,0,1,1,1,1,1,1,1,1,0,1,1,1,1,1,1,1,1,1,1,1,1,1,1,1
1539,0,1,1,0,0,1,1,1,1,1,1,0,1,1,0,1,0,1,0,0,0,1,0,1,1,1,1,0,0,1,1,1,1,1,1,1,1,0,1,1,1,1,1,1,1,1,1,1,1,1,1,1,1
1540,0,1,1,0,0,1,1,1,1,1,1,0,1,1,0,1,0,1,0,0,0,1,0,1,1,1,1,0,0,1,1,1,1,1,1,1,1,0,1,1,1,1,1,1,1,1,1,1,1,1,1,1,1
1541,0,1,1,0,0,1,1,1,1,1,1,0,1,1,0,1,0,1,0,0,0,2,0,1,1,1,1,0,0,1,1,1,1,1,1,1,1,0,1,1,1,1,1,1,1,1,1,1,1,1,1,1,1
1542,0,1,2,0,0,1,1,1,2,1,1,0,1,1,0,1,0,1,0,0,0,1,0,1,1,2,1,0,0,1,1,1,1,2,2,1,1,0,1,1,1,1,1,1,1,1,2,1,1,1,1,1,1
1543,0,1,1,0,0,1,1,1,1,1,1,0,1,1,0,1,0,1,0,0,0,1,0,1,1,1,1,0,0,1,1,1,1,1,1,1,1,0,1,1,1,1,1,1,1,1,1,1,1,1,1,1,1
1544,0,1,1,0,0,1,1,1,1,1,1,0,1,1,0,1,0,1,0,0,0,1,0,1,1,1,1,0,0,1,1,1,1,1,2,1,1,0,1,1,1,1,1,1,1,1,1,1,1,1,1,1,1
1545,0,1,1,0,0,1,1,1,1,1,1,0,1,2,0,1,0,1,0,0,0,1,0,2,1,1,1,0,0,1,1,1,1,1,1,1,1,0,1,1,1,1,1,1,1,1,1,1,1,1,1,1,1
1546,0,1,1,0,0,1,2,1,2,1,1,0,1,1,0,2,0,1,2,0,0,1,0,1,1,1,1,0,0,1,1,1,1,1,1,1,1,0,1,1,1,1,1,1,1,1,1,1,1,1,1,1,1
1547,0,1,1,0,0,1,1,1,1,1,1,0,1,1,0,1,0,1,0,0,0,1,0,1,1,1,1,0,0,1,1,1,1,1,1,1,1,0,1,1,1,1,1,1,1,1,1,1,1,1,1,1,1
1548,0,1,1,0,0,1,1,1,1,2,1,0,2,1,0,1,0,1,0,0,0,1,0,1,1,1,1,0,0,1,1,1,1,1,1,1,1,0,1,1,1,1,1,1,1,1,1,1,1,1,1,1,1
1549,0,1,1,0,0,1,1,1,1,1,1,0,0,1,0,1,0,1,0,0,0,1,0,1,1,1,1,0,0,1,1,2,1,1,1,1,1,0,1,1,1,1,1,1,1,1,1,1,1,1,1,1,1
1550,0,1,1,0,0,1,1,1,2,1,1,0,0,1,0,1,0,1,0,0,0,1,0,1,1,1,1,0,0,1,1,1,1,2,1,1,1,0,1,1,1,1,1,1,1,1,1,1,1,1,1,1,1
1551,0,1,1,0,0,1,1,1,1,1,1,0,0,1,0,1,0,1,0,0,0,1,0,1,1,1,1,0,0,1,1,1,1,1,1,1,1,0,1,1,1,1,1,1,1,1,1,1,1,1,1,1,1
1552,0,1,1,0,0,1,2,1,1,1,1,0,0,1,0,1,0,1,0,0,0,1,0,1,1,1,1,0,0,1,1,1,1,1,1,1,1,0,1,1,1,1,1,1,1,1,1,1,1,1,1,1,1
1553,0,1,1,0,0,1,1,1,1,1,1,0,0,2,0,1,0,2,0,0,0,1,0,1,1,1,1,0,0,1,1,1,1,1,1,1,1,0,1,1,1,1,1,1,1,1,1,1,1,1,1,1,1
1554,0,1,1,0,0,1,1,1,1,1,1,0,0,1,0,1,0,1,0,0,0,2,0,1,1,1,1,0,0,1,1,1,1,1,1,1,1,0,1,1,1,1,1,1,1,1,1,1,1,1,1,1,1
1555,0,1,1,0,0,1,1,1,1,1,1,0,0,1,0,1,0,1,0,0,0,1,0,1,1,1,1,0,0,1,1,1,1,1,1,1,1,0,1,1,1,1,1,1,1,1,2,1,1,1,1,1,1
1556,0,1,1,0,2,1,1,1,1,1,1,0,0,1,0,1,0,1,0,0,0,1,0,1,1,1,1,0,0,1,1,1,1,1,1,1,1,0,1,1,1,1,1,1,1,1,1,1,2,1,1,1,1
1557,0,1,1,0,1,1,1,2,1,1,1,0,0,1,0,1,0,1,0,0,0,1,0,1,1,1,2,0,0,1,1,1,1,2,1,2,1,0,1,1,1,1,1,1,1,1,1,1,1,1,1,1,1
1558,0,1,1,0,1,1,2,1,2,1,0,0,0,1,0,1,0,1,0,0,0,1,0,1,1,1,1,0,0,1,1,1,1,1,1,1,1,0,1,1,1,1,1,1,1,1,1,1,1,1,1,1,1
1559,0,1,1,0,1,1,1,1,1,1,0,0,0,1,0,1,0,1,0,0,0,1,0,1,1,1,1,0,0,1,1,1,1,1,1,1,1,0,1,1,1,1,1,1,1,1,1,1,1,1,1,1,1
1560,0,1,1,0,1,1,1,1,1,1,0,0,0,2,0,1,0,1,0,0,0,1,0,2,1,1,1,0,0,1,1,1,1,1,1,1,1,0,1,1,1,1,1,1,1,1,1,1,1,1,1,1,1
1561,0,1,1,0,1,1,1,1,1,1,0,0,0,1,0,1,0,1,0,0,0,1,0,1,1,1,1,0,0,1,1,1,1,1,1,1,1,0,1,1,1,1,1,1,1,1,1,1,1,1,1,1,1
1562,0,1,1,0,1,1,2,1,1,1,0,0,0,1,0,1,0,1,0,0,0,2,0,1,1,1,1,0,0,1,1,1,1,1,2,1,1,0,1,1,1,1,1,1,1,1,1,1,1,1,1,1,1
1563,0,1,1,0,1,1,1,1,1,1,0,0,0,1,0,2,0,1,0,0,0,1,0,1,1,1,1,0,0,1,1,1,1,2,1,1,1,0,1,1,1,1,1,1,1,1,1,1,1,1,1,1,1
1564,0,1,1,0,1,1,1,1,1,1,0,0,0,1,0,1,0,1,0,0,0,1,0,1,1,1,1,0,0,1,1,1,1,1,1,1,1,0,1,1,1,1,1,1,1,1,1,1,1,1,1,1,1
1565,0,1,1,0,1,1,1,1,1,1,0,0,0,1,0,1,0,1,0,0,0,1,0,2,1,1,1,0,0,1,1,1,1,1,1,1,2,0,1,1,1,1,1,1,1,1,1,1,1,1,1,1,1
1566,0,1,1,0,1,1,1,1,2,1,0,0,0,1,0,1,0,1,0,0,0,1,0,1,1,1,1,0,0,1,1,1,1,1,1,1,1,0,1,1,1,1,1,2,1,1,2,1,1,1,1,1,1
1567,0,1,1,0,2,2,2,1,1,1,0,0,0,1,0,1,0,2,0,0,0,1,0,1,1,1,1,0,0,1,1,1,1,1,1,1,1,0,1,1,1,1,1,1,1,1,1,1,1,1,1,1,1
1568,0,1,1,0,1,1,1,1,1,2,0,0,0,1,0,1,0,1,0,0,0,1,0,1,1,1,1,0,0,1,1,1,1,1,1,1,1,0,1,1,1,1,1,1,1,1,1,1,1,1,1,1,1
1569,0,1,1,0,1,1,1,1,1,1,0,0,0,1,0,1,0,1,0,0,0,1,0,1,1,1,1,0,0,1,1,1,1,1,1,1,1,0,1,1,1,2,1,1,1,1,1,1,1,1,1,1,1
1570,0,1,1,0,1,1,1,1,1,1,0,0,0,1,0,1,0,1,0,0,0,1,0,1,1,1,1,0,0,1,1,1,1,1,1,1,1,0,1,1,1,1,1,1,1,1,1,2,1,1,1,1,1
1571,0,1,1,0,1,1,1,1,1,1,0,0,0,1,0,1,0,1,0,0,0,1,0,1,1,1,1,0,0,1,1,1,1,1,1,1,1,0,1,1,1,1,1,1,1,1,1,1,1,1,1,1,1
1572,0,1,1,0,1,1,1,1,2,1,0,0,0,1,0,1,0,2,0,0,0,1,0,1,1,1,1,0,0,1,1,1,1,1,1,1,1,0,1,1,1,1,1,1,1,1,1,1,1,1,1,1,1
1573,0,1,1,0,2,2,2,1,1,1,0,0,0,1,0,1,0,1,0,0,0,1,0,1,1,1,1,0,0,2,2,1,1,1,1,2,1,0,1,1,1,1,1,1,1,1,1,1,1,1,1,1,1
1574,0,1,1,0,1,1,1,1,2,1,0,0,0,1,0,1,0,1,0,0,0,1,0,1,1,1,1,0,0,1,1,1,1,2,1,1,1,0,1,1,1,1,1,1,1,1,1,1,1,1,1,1,1
1575,0,1,1,0,1,1,1,1,1,1,0,0,0,1,0,1,0,1,0,0,0,1,0,1,1,1,1,0,0,1,1,1,1,1,1,1,1,0,1,1,1,1,1,1,1,1,1,1,1,1,1,1,1
1576,0,1,1,0,1,1,1,1,1,1,0,0,0,1,0,1,0,1,0,0,0,1,0,1,1,1,1,0,0,1,1,1,2,1,1,2,1,0,1,1,1,1,1,1,1,1,1,1,1,1,1,1,1
1577,0,1,1,0,1,1,1,1,1,1,0,0,0,1,0,1,0,1,0,0,0,1,0,1,1,1,1,0,0,1,1,1,1,1,1,1,1,0,1,1,1,1,1,1,1,1,1,1,1,1,1,1,1
1578,0,1,1,0,1,1,1,1,1,1,0,0,0,1,0,1,0,1,0,0,0,1,0,1,1,1,1,0,0,1,1,1,1,1,1,1,1,0,1,1,1,1,1,1,1,1,1,1,1,1,1,1,1
1579,0,1,1,0,1,1,2,1,2,1,0,0,0,2,0,1,0,1,0,0,0,1,0,1,1,1,1,0,0,1,1,1,1,1,1,1,1,0,1,1,1,1,1,1,1,1,1,1,1,1,1,1,1
1580,0,1,1,0,1,1,1,1,1,1,0,0,0,1,0,1,0,1,0,2,0,1,0,1,1,1,1,0,0,1,1,1,1,1,1,1,1,0,1,2,1,2,1,1,1,1,1,1,1,1,1,1,1
1581,0,1,1,0,1,1,1,1,1,1,0,0,0,1,0,1,0,1,0,1,0,1,0,1,1,1,1,0,0,1,1,1,1,1,1,1,1,0,1,1,1,1,1,1,1,1,1,1,1,1,1,1,1
1582,0,1,1,0,1,1,1,1,1,1,0,0,0,1,0,1,0,1,0,1,0,1,0,1,1,1,1,0,0,1,1,1,1,1,1,1,1,0,1,1,1,1,1,1,1,1,1,1,1,1,1,1,1
1583,0,1,1,0,1,1,1,1,1,1,0,0,0,1,0,1,0,1,0,1,2,2,0,1,1,1,1,0,0,1,1,1,1,1,1,1,1,0,1,1,1,1,1,1,1,1,1,2,1,1,1,1,1
1584,0,1,1,0,1,1,1,1,2,1,0,0,0,1,0,1,0,1,0,1,0,0,0,1,1,1,1,0,0,2,1,2,1,1,1,1,1,0,1,1,1,1,1,1,1,1,1,1,1,1,1,1,1
1585,0,1,1,0,1,1,1,1,1,1,0,0,0,1,0,1,0,1,0,1,0,0,0,1,1,1,1,0,0,1,1,1,1,1,1,1,1,0,1,1,1,1,1,1,1,1,1,1,1,1,1,1,1
1586,0,1,1,0,1,1,1,1,1,1,0,0,0,1,0,1,0,1,0,1,0,0,0,1,1,1,1,0,0,1,1,1,1,1,1,1,1,0,1,1,1,1,1,1,1,1,1,1,1,1,1,1,1
1587,0,2,1,0,1,1,1,1,2,1,0,0,0,1,0,1,0,1,0,2,0,0,0,1,1,1,1,0,0,1,1,1,1,1,1,1,1,0,1,1,1,1,1,1,1,1,1,1,1,1,1,1,1
1588,0,1,1,0,1,1,1,1,1,1,0,0,0,1,0,1,0,1,0,1,0,0,0,1,1,1,1,0,0,1,1,1,1,1,1,1,1,0,1,1,1,1,1,1,1,1,1,1,1,1,1,1,1
1589,0,1,1,0,1,1,1,1,1,1,0,0,0,2,0,1,0,1,0,1,0,0,0,1,1,1,1,0,0,1,1,1,1,1,1,1,1,0,1,1,1,1,1,1,1,1,1,1,1,1,1,1,1
1590,0,1,0,0,1,1,1,1,1,1,0,0,0,1,0,1,0,1,0,1,0,0,0,1,1,1,1,0,0,1,1,1,1,2,2,1,1,0,1,1,1,1,1,1,1,1,1,1,1,1,1,1,1
1591,0,1,0,0,1,1,1,1,1,1,0,0,0,1,0,1,0,1,0,1,0,0,0,1,1,1,1,0,0,1,1,1,1,1,1,1,1,0,1,1,1,1,1,1,1,1,1,1,1,1,1,1,1
1592,0,1,0,0,2,2,1,1,1,1,0,0,0,1,0,1,0,1,0,1,0,0,0,1,1,1,2,0,0,1,1,1,1,1,1,1,1,0,1,1,1,1,1,1,1,1,1,2,1,1,1,1,1
1593,0,1,0,0,1,1,1,1,1,1,0,0,0,1,0,1,0,1,0,2,0,0,0,1,1,1,1,0,0,1,1,1,1,2,1,1,1,0,1,1,1,1,1,1,1,1,1,1,1,1,1,1,1
1594,0,1,0,0,1,1,1,1,2,1,0,0,0,2,0,1,0,1,0,1,0,0,0,1,1,1,1,0,0,1,1,1,1,1,1,1,1,0,1,1,1,1,1,1,1,1,1,1,1,1,1,1,1
1595,0,1,0,0,1,1,1,1,1,1,0,0,0,1,0,1,0,1,0,1,0,0,0,1,1,1,1,0,0,1,1,1,1,1,1,1,1,0,1,1,1,1,1,1,1,1,1,1,1,1,1,1,1
1596,0,1,0,0,1,1,1,1,2,1,0,0,0,1,0,1,0,1,0,1,0,0,0,1,1,1,1,0,0,1,1,1,1,1,1,1,1,0,1,1,1,1,1,1,1,1,1,1,1,1,1,2,1
1597,0,1,0,0,1,1,1,1,1,1,0,0,0,1,0,1,0,1,0,1,0,0,0,1,1,1,1,0,0,1,1,1,1,1,1,1,1,0,1,1,1,1,1,1,1,1,1,1,1,1,1,1,1
1598,0,1,0,0,1,1,2,1,1,1,0,0,0,1,0,1,2,1,2,1,0,0,0,1,1,2,1,0,0,1,1,1,1,1,1,1,1,0,1,1,1,1,1,1,1,1,1,1,1,1,1,1,1
1599,0,1,0,0,1,1,1,1,1,1,0,0,0,1,0,1,0,1,0,1,0,0,0,1,1,1,1,0,0,1,1,1,1,1,1,1,1,0,1,1,1,1,1,1,1,1,1,1,1,1,1,1,1
1600,0,1,0,0,1,2,1,1,1,1,0,0,0,1,0,1,0,1,0,1,0,0,0,1,1,1,1,0,0,1,1,1,1,1,1,1,1,0,1,1,1,1,1,1,1,1,1,1,1,1,1,1,1
1601,0,1,0,0,1,1,1,1,2,1,0,0,0,2,0,2,0,1,0,1,0,0,0,1,1,1,1,0,0,1,1,1,1,1,1,1,1,0,1,1,1,1,1,1,1,1,1,1,1,1,1,1,1
1602,0,1,0,0,1,1,1,1,1,1,0,0,0,1,0,0,0,1,0,1,0,0,0,1,1,1,1,0,0,1,1,1,1,1,1,1,1,0,1,1,1,1,1,1,1,1,1,1,1,1,1,1,1
1603,0,1,0,0,1,1,1,1,1,1,0,0,0,1,0,0,0,1,0,1,0,0,0,1,1,1,1,0,0,1,1,1,1,1,1,1,1,0,1,1,1,1,1,1,1,1,1,1,1,1,1,1,1
1604,0,1,0,0,1,1,1,1,1,1,0,0,0,1,0,0,0,1,0,1,0,0,0,1,1,1,1,0,0,1,1,1,1,1,1,1,1,0,1,1,1,1,1,1,1,1,1,1,1,1,1,1,1
1605,0,1,0,0,2,1,2,1,1,2,0,0,0,1,0,0,0,2,0,2,0,0,0,1,1,1,1,0,0,1,1,1,1,2,1,1,1,0,1,1,1,1,1,1,1,1,1,1,1,1,1,1,1
1606,0,1,0,0,1,1,1,1,1,1,0,0,0,1,0,0,0,1,0,1,0,0,0,2,1,1,1,0,0,1,1,1,1,1,1,1,1,0,1,1,1,1,1,1,1,1,1,1,1,1,1,2,1
1607,0,1,0,0,1,1,1,1,1,1,0,0,0,1,0,0,0,1,0,1,0,0,0,1,1,1,1,0,0,1,1,1,1,1,1,1,1,0,1,1,1,1,1,1,1,1,1,1,1,1,1,1,1
1608,0,1,0,0,1,1,1,1,1,1,0,0,0,1,0,0,0,1,0,1,0,0,0,1,1,1,1,0,0,2,1,2,1,1,1,1,1,0,1,1,1,1,1,1,1,1,1,1,1,1,1,1,1
1609,0,1,0,0,1,1,1,1,1,1,0,0,0,1,0,0,0,1,0,1,0,0,0,1,1,1,1,0,0,1,1,1,1,2,1,1,1,0,1,1,1,1,1,1,1,1,1,1,1,1,1,1,1
1610,0,1,0,0,1,1,1,1,1,1,0,0,0,1,0,0,0,1,0,1,0,0,0,1,1,1,1,0,0,1,1,1,1,1,1,1,1,0,1,1,1,1,1,1,1,1,1,1,1,1,1,1,1
1611,0,1,0,0,1,1,1,1,1,1,0,0,0,1,0,0,0,1,0,1,0,0,0,1,1,1,1,0,0,1,1,1,1,1,1,1,1,0,1,1,1,1,1,1,1,1,1,1,1,1,1,1,1
1612,0,1,0,0,1,1,1,1,2,1,0,0,0,1,0,0,0,1,0,1,0,0,0,1,1,1,1,0,0,1,1,1,1,1,1,1,1,0,1,1,1,1,1,1,1,1,1,1,1,1,1,1,1
1613,0,1,0,0,1,1,1,1,1,1,0,0,0,1,0,0,0,1,0,1,0,0,0,2,1,1,1,0,0,1,1,1,1,1,1,1,1,0,1,1,1,1,1,1,1,1,1,1,1,1,1,1,1
1614,0,1,0,0,1,1,1,1,1,1,0,0,0,1,0,0,2,1,0,1,0,0,0,1,1,1,1,0,0,1,1,1,1,1,2,1,1,0,1,1,1,1,1,1,1,1,1,1,1,1,1,1,1
1615,0,1,0,0,1,1,1,1,2,1,0,0,0,1,0,0,0,2,0,1,0,0,0,1,1,1,1,0,0,1,1,1,1,1,1,1,1,0,1,1,1,1,1,1,1,1,1,1,1,1,1,1,1
1616,0,1,0,0,1,1,1,1,1,1,0,0,0,1,0,0,0,1,0,1,0,0,0,1,1,1,1,0,0,1,1,1,1,1,2,1,1,0,1,1,1,1,1,1,1,1,1,1,1,1,1,1,1
1617,0,1,0,0,1,1,1,1,1,1,0,0,0,1,0,0,0,1,0,1,0,0,0,1,1,1,1,0,0,1,1,1,1,1,1,1,1,0,1,1,1,1,1,1,1,1,1,1,1,1,1,1,1
1618,0,1,0,0,1,1,1,1,1,1,0,0,0,1,0,0,0,1,0,1,0,0,0,1,1,1,1,0,0,1,1,1,1,1,1,1,1,2,1,1,2,1,1,1,1,1,1,1,1,1,1,1,1
1619,0,1,0,0,1,1,1,1,1,1,0,0,0,1,0,0,0,1,0,1,0,0,0,1,1,1,1,0,0,1,1,1,1,1,1,1,1,1,1,1,1,1,1,1,1,1,1,1,1,1,1,1,1
1620,0,1,0,0,2,1,2,1,1,1,0,0,0,1,0,0,0,1,0,1,0,0,0,2,1,1,1,0,0,1,0,1,1,1,1,1,1,1,1,1,1,1,1,1,1,1,1,1,1,1,1,1,1
1621,0,1,0,0,1,1,1,1,1,1,0,0,0,1,0,0,0,1,0,1,0,0,0,1,1,1,1,0,0,1,0,1,1,1,1,1,1,1,1,1,1,1,1,1,1,1,1,1,1,1,1,1,1
1622,0,1,0,0,1,1,1,1,2,1,0,0,0,1,0,0,0,2,0,1,0,0,0,1,1,1,1,0,0,1,0,1,1,2,1,1,1,1,1,1,1,1,1,1,1,1,1,1,1,1,1,1,1
1623,0,1,0,0,1,1,1,1,1,1,0,0,0,1,0,0,0,1,0,1,0,0,0,1,1,1,1,0,0,1,0,1,1,1,1,1,1,1,1,1,1,1,1,1,1,1,1,1,1,1,1,1,1
1624,0,1,0,0,1,1,1,1,1,1,0,0,0,2,0,0,0,1,0,1,0,0,0,1,1,1,1,0,0,1,0,1,1,1,1,1,1,1,1,1,1,1,1,1,1,1,1,1,1,1,1,1,1
1625,0,1,0,0,1,2,1,1,1,1,0,0,0,1,0,0,0,1,2,2,2,0,2,1,1,1,1,0,0,1,0,1,1,1,1,1,1,1,1,1,1,1,1,1,1,1,1,1,1,1,1,1,1
1626,0,1,0,0,1,1,1,1,1,1,0,0,0,1,0,0,0,1,0,1,0,0,0,1,1,1,1,0,0,1,0,1,1,1,1,1,1,1,1,1,1,1,1,1,1,1,1,2,1,1,1,1,1
1627,0,1,0,0,1,1,1,1,1,1,0,0,0,1,0,0,0,1,0,1,0,0,0,1,1,1,1,0,0,1,0,1,1,1,1,1,1,1,1,1,1,1,1,1,1,1,1,1,1,1,1,1,1
1628,0,1,0,0,1,1,1,1,1,1,0,0,0,1,0,0,0,1,0,1,0,0,0,1,1,1,1,0,0,1,0,1,1,1,1,1,1,1,1,1,1,1,1,1,1,1,1,1,1,1,1,1,1
1629,0,1,0,0,1,1,2,1,1,1,0,0,0,1,0,0,0,1,0,1,0,0,0,1,1,1,1,0,0,1,0,1,1,1,1,1,1,1,1,1,1,1,1,1,1,1,2,1,1,1,1,1,1
1630,0,1,0,0,1,1,1,1,2,1,0,0,0,1,0,0,0,1,0,1,0,0,0,1,1,1,1,0,0,1,0,1,1,1,1,1,1,1,1,1,1,1,1,1,1,1,1,1,1,1,1,1,1
1631,0,1,0,0,1,1,1,1,1,1,0,0,0,1,0,0,0,1,0,1,0,0,0,1,1,1,1,0,0,1,0,1,1,1,1,1,1,1,1,1,1,1,1,1,1,1,1,1,1,1,1,1,1
1632,0,1,0,0,2,2,1,2,1,1,0,0,0,1,0,0,0,1,0,1,0,0,0,1,1,1,1,0,0,1,0,1,1,1,1,2,1,1,1,1,1,1,1,1,1,1,1,1,1,1,1,1,1
1633,0,1,0,0,1,1,1,1,1,1,0,0,0,1,0,0,0,1,0,1,0,0,0,1,1,1,1,0,0,1,0,1,1,1,1,1,1,1,1,1,1,1,1,1,1,1,1,1,1,1,1,1,1
1634,0,1,0,0,1,1,1,1,2,1,0,0,0,1,0,0,0,1,0,1,0,0,0,1,1,1,1,0,0,1,0,1,1,2,1,1,1,1,1,1,1,1,1,1,1,1,1,1,1,1,1,1,1
1635,0,1,0,0,2,1,2,1,1,0,0,0,0,1,0,0,0,1,0,1,0,0,0,1,1,1,1,0,0,1,0,1,1,1,1,1,1,1,1,1,1,1,1,1,1,1,1,1,1,1,1,1,1
1636,0,1,0,0,1,1,1,1,1,0,0,0,0,1,0,0,0,1,0,1,0,0,0,1,1,1,1,0,0,1,0,1,1,1,1,1,1,1,1,1,1,1,1,1,1,1,1,1,2,1,1,1,1
1637,0,1,0,0,1,1,1,1,1,0,0,0,0,1,0,0,0,1,0,1,0,0,0,1,1,1,1,0,0,1,0,1,1,1,1,1,1,1,1,1,1,1,1,1,1,1,1,1,1,1,1,1,1
1638,0,1,0,0,1,1,1,1,1,0,0,0,0,1,0,0,2,2,0,1,0,0,0,1,1,1,1,0,0,1,0,2,1,1,1,1,1,1,1,1,1,1,1,1,1,1,1,1,1,1,1,1,1
1639,0,1,0,0,1,1,1,1,2,0,0,0,0,2,0,0,1,0,0,1,0,0,0,1,1,1,1,0,0,1,0,1,1,1,1,2,1,1,1,1,1,1,1,1,1,1,2,2,1,1,2,1,2
1640,0,1,0,0,1,1,1,1,1,0,0,0,0,1,0,0,1,0,0,1,0,0,0,1,1,1,1,0,0,1,0,1,1,1,1,1,1,1,1,1,1,1,1,1,1,2,1,1,1,1,0,1,1
1641,0,1,0,0,1,1,1,1,1,0,0,0,0,1,0,0,1,0,0,1,0,0,0,1,1,1,1,0,0,0,0,1,1,1,1,1,1,1,1,1,1,1,1,1,1,1,1,1,1,1,0,1,1
1642,0,1,0,0,1,1,1,1,1,0,0,0,0,1,0,0,1,0,0,1,0,0,0,1,1,1,1,0,0,0,0,1,1,1,1,1,1,1,1,1,1,1,1,1,1,1,1,1,1,1,0,1,1
1643,0,1,0,0,1,1,1,1,2,0,0,0,0,1,0,0,1,0,0,2,0,0,0,1,1,1,1,0,0,0,0,1,1,1,1,1,1,1,1,1,1,1,1,1,1,1,1,1,1,1,0,1,1
1644,0,1,0,0,1,2,1,1,1,0,0,0,0,1,0,0,1,0,0,1,0,0,0,1,1,1,1,0,0,0,0,1,1,1,1,2,1,1,1,1,1,1,1,1,1,1,1,1,1,1,0,1,1
1645,0,1,0,0,1,1,1,1,1,0,0,0,0,1,0,0,2,0,0,1,0,0,0,1,1,1,1,0,0,0,0,1,1,1,1,1,1,1,1,1,1,1,1,1,1,1,1,1,1,1,0,1,1
1646,0,1,0,0,1,1,1,1,1,0,0,0,0,1,0,0,1,0,0,1,0,0,0,1,1,1,1,0,0,0,0,1,1,1,1,1,1,1,1,1,1,1,1,1,1,1,1,1,1,1,0,1,1
1647,0,1,0,0,2,1,2,1,2,0,0,0,0,1,0,0,1,0,0,1,0,0,0,1,1,1,1,0,0,0,0,1,1,1,1,1,1,1,1,1,1,1,1,1,1,1,1,1,1,1,0,1,1
1648,0,1,0,0,1,1,1,1,1,0,0,0,0,1,0,0,1,0,2,2,0,0,0,2,1,1,1,0,0,0,0,2,1,2,1,1,1,1,1,1,1,1,1,2,1,1,1,1,1,1,0,1,1
1649,0,1,0,0,1,1,1,1,1,0,0,0,0,1,0,0,1,0,0,1,0,0,0,1,1,1,1,0,0,0,0,1,1,1,1,1,1,1,1,1,1,1,1,1,1,1,1,1,1,1,0,1,1
1650,0,1,0,0,1,2,1,2,1,0,0,0,0,1,0,0,1,0,0,1,0,0,0,1,1,1,1,0,0,0,0,1,1,1,1,2,1,1,1,1,1,1,1,1,1,1,1,1,1,1,0,1,1
1651,0,1,0,0,1,1,1,1,1,0,0,0,0,1,0,0,1,0,0,1,0,0,0,1,1,1,1,0,0,0,0,1,1,1,1,1,1,1,1,1,1,1,1,1,1,1,1,1,2,1,0,1,1
1652,0,1,0,0,1,1,1,1,1,0,0,0,0,1,0,0,1,0,0,1,0,0,0,1,1,1,1,0,0,0,0,1,1,1,1,1,1,1,1,1,1,1,1,1,1,1,1,1,1,1,0,1,1
1653,0,1,0,0,1,1,2,1,1,0,0,0,2,1,0,0,1,0,0,1,0,0,0,1,1,1,1,0,0,0,0,1,1,1,1,1,1,1,1,1,1,1,1,1,1,1,1,1,1,1,0,1,1
1654,0,1,0,0,1,1,1,1,1,0,0,0,0,1,0,0,1,0,0,1,0,0,0,2,1,1,1,0,0,0,0,1,1,1,1,1,1,1,1,1,1,1,1,1,1,1,2,1,1,1,0,1,1
1655,0,1,0,0,1,1,1,1,1,0,0,0,0,1,0,0,1,0,0,1,0,0,0,1,1,1,1,0,0,0,0,1,1,1,1,1,1,1,1,1,1,1,1,1,1,1,1,1,1,1,0,1,2
1656,0,1,0,0,1,2,1,2,1,0,0,0,0,1,0,0,1,0,0,1,0,0,0,1,1,1,2,0,0,0,0,1,1,1,1,1,1,1,1,1,1,2,1,1,1,1,1,1,1,1,0,1,1
1657,0,1,0,0,1,1,1,1,1,0,0,0,0,1,0,0,1,0,0,1,0,0,0,1,1,1,1,0,0,0,0,1,1,1,1,1,1,1,1,1,1,1,1,2,1,1,1,1,1,1,0,1,1
1658,0,1,0,0,1,1,1,1,1,0,0,0,0,1,0,0,1,0,0,1,2,0,2,1,1,1,1,0,0,0,0,1,1,1,1,1,1,1,1,1,1,1,1,1,1,1,1,1,1,1,0,1,1
1659,0,1,0,0,1,1,1,1,1,0,0,0,0,1,0,0,1,0,0,1,0,0,0,1,1,1,1,0,0,0,0,1,1,2,1,1,1,1,1,1,1,1,1,1,1,1,1,1,1,1,0,1,1
1660,0,1,0,0,1,1,1,1,1,0,0,0,0,1,0,0,1,0,0,1,0,0,0,1,1,1,1,0,0,0,0,1,1,1,1,1,1,1,1,1,1,1,1,1,1,1,1,1,1,1,0,1,1
1661,0,1,0,0,1,1,1,1,1,0,0,0,0,1,0,0,2,0,0,1,0,0,0,1,1,1,1,0,0,0,0,1,1,1,1,1,1,1,1,1,1,1,1,1,1,1,1,1,1,1,0,1,1
1662,0,1,0,0,1,1,1,1,1,0,0,0,0,1,0,0,1,0,0,1,0,0,0,1,1,1,1,0,0,0,0,1,1,1,1,1,1,1,1,1,1,1,1,1,1,1,1,1,1,1,0,1,1
1663,0,1,0,0,1,1,1,1,1,0,0,0,0,1,0,0,1,0,2,1,0,0,0,1,1,1,1,0,0,0,0,1,1,1,1,1,1,1,1,1,1,1,1,1,1,1,1,1,1,1,0,1,1
1664,0,1,0,0,1,1,1,2,1,0,0,0,0,1,0,0,1,0,0,2,0,0,0,1,1,1,1,0,0,0,0,1,1,1,1,1,1,1,1,1,1,1,1,1,1,1,1,1,1,1,0,1,1
1665,0,1,0,0,1,1,1,1,1,0,0,0,0,1,0,0,1,0,0,1,0,0,0,1,1,1,1,0,0,0,0,1,1,1,1,1,1,1,1,1,1,1,1,1,1,1,1,1,1,1,0,1,1
1666,0,1,0,0,2,1,1,1,1,0,0,0,0,1,0,0,1,0,0,1,0,0,0,1,1,1,1,0,0,0,0,1,1,1,1,1,1,1,1,1,1,1,1,1,1,1,1,1,1,1,0,1,1
1667,0,1,0,0,1,1,1,1,1,0,0,0,0,1,0,0,1,0,0,1,0,0,0,1,1,1,1,0,0,0,0,1,1,1,1,1,1,1,1,1,1,1,1,1,1,1,1,1,1,1,0,1,1
1668,0,1,0,0,1,1,1,1,1,0,0,0,0,1,0,0,1,0,0,1,0,0,0,1,1,1,1,0,0,0,0,1,1,2,1,1,1,1,1,1,1,1,1,1,1,1,1,1,1,1,0,1,1
1669,0,1,0,0,1,1,1,1,1,0,0,0,0,1,0,0,1,0,0,1,0,0,0,1,1,1,1,0,0,0,0,1,1,1,1,2,1,1,1,1,1,1,1,1,1,1,1,1,1,1,0,1,1
1670,0,1,0,0,1,1,1,1,2,0,0,0,0,2,0,0,1,0,0,1,0,0,0,1,1,1,1,0,0,0,0,2,1,1,1,1,1,1,1,1,1,1,1,1,1,1,1,1,1,1,0,1,1
1671,0,1,0,0,1,1,1,1,1,0,0,0,0,1,0,0,1,0,0,1,0,0,0,2,1,1,1,0,0,0,0,1,1,1,1,1,1,1,1,1,1,1,1,1,1,1,1,1,1,1,0,1,1
1672,0,1,0,0,1,1,2,2,1,0,0,0,0,1,0,0,1,0,2,2,0,0,0,1,1,1,1,0,0,0,0,1,1,1,1,1,1,1,1,2,1,1,1,1,1,1,1,1,1,1,0,1,1
1673,0,1,0,0,1,1,1,1,1,0,0,0,0,1,0,0,1,0,0,1,0,0,0,1,1,1,1,0,0,0,0,1,1,1,1,1,1,1,1,1,1,1,1,1,1,1,1,1,1,1,0,1,1
1674,0,1,0,0,1,1,1,1,1,0,0,0,0,1,0,0,1,0,0,1,0,0,0,1,1,1,1,0,0,0,0,1,1,1,1,1,1,1,1,1,1,1,1,1,1,1,1,1,1,1,0,1,1
1675,0,1,0,0,1,1,1,1,1,0,0,0,0,1,2,0,1,0,0,1,0,0,0,1,1,0,1,0,0,0,0,1,1,1,1,1,1,1,1,1,1,1,1,1,2,1,1,2,1,1,0,1,2
1676,0,1,0,2,2,2,2,1,1,0,0,0,0,1,0,0,1,0,0,1,0,0,0,1,1,0,1,0,0,0,0,1,1,1,1,1,1,1,1,1,1,1,1,1,1,1,1,1,1,1,0,1,1
1677,0,1,0,1,1,1,1,1,2,0,0,0,0,1,0,0,1,0,0,1,0,0,0,1,1,0,1,0,0,0,0,1,1,1,1,1,1,1,1,1,1,1,1,1,1,1,1,1,1,1,0,1,1
1678,0,1,0,1,1,1,1,2,1,0,0,0,0,1,0,0,1,0,0,1,0,0,0,1,1,0,1,0,0,0,0,1,2,1,1,1,1,1,1,1,1,1,1,1,1,1,1,1,1,1,0,1,1
1679,0,1,0,1,1,1,1,1,1,0,0,0,0,1,0,0,2,0,2,2,0,0,0,1,1,0,1,0,0,0,0,1,1,1,1,1,1,1,1,1,1,1,1,1,1,1,1,1,1,1,0,1,1
1680,0,1,0,1,1,1,1,1,1,0,0,0,0,1,0,0,1,0,0,1,0,0,0,1,1,0,1,0,0,0,0,1,1,1,1,1,1,1,1,1,1,1,1,1,1,1,1,1,1,1,0,1,1
1681,0,1,0,1,1,1,1,1,1,0,0,0,0,1,0,0,1,0,0,1,0,0,0,1,1,0,1,0,0,0,0,1,1,1,1,1,1,1,1,1,1,1,1,1,1,1,1,1,1,1,0,1,1
1682,0,1,0,1,1,1,1,1,1,0,0,0,0,1,0,0,1,0,0,1,0,0,0,1,1,0,1,0,0,0,0,1,1,1,1,1,1,1,1,1,1,1,1,1,1,1,1,1,1,1,0,1,1
1683,0,1,0,1,1,1,2,1,1,0,0,0,0,1,0,0,1,0,0,1,0,0,0,1,1,0,1,0,0,0,0,1,1,1,1,1,1,1,1,1,1,1,1,1,1,1,1,1,1,1,0,1,1
1684,0,1,0,1,1,1,1,1,1,0,0,0,0,1,0,0,1,0,0,2,0,0,0,1,1,0,1,0,0,0,0,1,1,1,1,2,1,1,1,1,1,1,1,1,1,1,1,1,1,1,0,1,1
1685,0,1,0,1,1,1,1,2,1,0,0,0,0,1,0,0,1,0,0,1,0,0,0,1,1,0,1,0,0,0,0,2,1,1,1,1,1,2,2,1,2,1,1,1,1,1,1,1,1,1,0,1,1
1686,0,1,0,1,1,1,1,1,1,0,0,0,0,1,0,0,1,0,0,1,0,0,0,1,1,0,1,0,0,0,0,1,1,1,1,1,1,1,1,1,1,1,1,1,1,1,2,1,1,1,0,1,1
1687,0,1,0,1,1,1,1,1,1,0,0,0,0,1,0,0,1,0,0,1,0,0,0,1,1,0,1,0,0,0,0,1,1,2,1,1,1,1,1,1,1,1,1,2,1,1,0,1,1,1,0,1,1
1688,0,1,0,1,1,1,1,1,1,0,0,0,0,1,0,0,1,0,0,1,0,0,0,1,1,0,1,0,0,0,0,1,1,1,1,1,1,1,1,1,1,1,1,1,1,1,0,1,1,1,0,1,1
1689,0,1,0,1,1,1,1,1,1,0,0,0,0,1,0,0,1,0,0,1,0,0,0,1,1,0,1,0,0,0,0,1,1,1,1,1,1,1,1,1,1,1,1,1,1,1,0,1,1,1,0,1,1
1690,0,1,0,1,1,1,1,2,1,0,0,0,0,1,0,0,1,0,0,1,0,0,0,1,1,0,1,0,0,0,0,1,1,1,1,1,1,1,1,1,1,1,1,1,1,1,0,1,1,1,0,1,1
1691,0,1,0,1,2,2,1,1,2,0,0,0,0,1,0,0,2,0,2,2,0,0,0,1,1,0,1,0,0,0,0,1,1,1,1,1,1,1,1,1,1,1,1,1,1,1,0,1,1,1,0,1,1
1692,0,1,0,1,1,1,1,1,1,0,0,0,0,1,0,0,1,0,0,1,0,0,0,1,1,0,1,0,0,0,0,1,1,1,1,1,1,1,1,1,1,2,1,1,1,1,0,1,1,1,0,1,1
1693,0,1,0,1,1,1,1,1,1,0,0,0,0,1,0,0,1,0,0,1,0,0,0,1,1,0,1,0,0,0,0,1,1,1,1,1,1,1,1,1,1,1,1,1,1,1,0,1,1,1,0,1,1
1694,0,1,0,1,1,1,1,1,1,0,0,0,0,1,0,0,1,0,0,1,0,0,0,1,1,0,1,0,0,0,0,1,1,1,1,1,1,1,1,1,1,1,1,1,1,1,0,1,1,1,0,1,1
1695,0,1,0,1,1,1,1,1,1,0,0,0,0,1,0,0,1,0,0,1,2,0,2,1,1,0,1,0,0,0,0,1,1,1,1,1,1,1,1,1,1,1,1,1,1,1,0,2,2,1,0,1,2
1696,0,1,0,1,1,1,1,1,1,0,0,0,0,1,0,0,1,0,0,1,0,0,0,2,1,0,1,0,0,0,0,1,1,1,1,1,1,1,1,1,1,1,1,1,1,1,0,1,1,1,0,1,1
1697,0,1,0,1,1,1,1,1,1,0,0,0,0,1,0,0,1,0,0,1,0,0,0,1,1,0,1,0,0,0,0,1,1,1,1,1,1,1,1,1,1,1,1,1,1,1,0,1,1,1,0,1,1
1698,0,1,0,2,2,2,1,1,1,0,0,0,0,1,0,0,1,0,2,2,0,0,0,2,1,0,1,0,0,0,0,1,1,1,1,1,1,1,1,1,1,1,1,1,1,1,0,1,1,1,0,1,1
1699,0,1,0,1,1,1,1,1,1,0,0,0,0,1,0,0,1,0,0,1,0,0,0,1,1,0,1,0,0,0,0,1,1,1,1,1,1,1,1,1,1,1,1,1,1,1,0,1,1,1,0,1,1
1700,0,1,0,1,1,1,1,1,1,0,0,0,0,1,0,0,1,0,0,1,0,0,0,1,1,0,1,0,0,0,0,1,1,1,1,1,1,1,1,1,1,1,2,1,1,1,0,1,1,1,0,1,1
1701,0,1,0,1,1,1,1,1,1,0,0,0,0,1,0,0,1,0,0,1,0,0,0,1,1,0,1,0,0,0,0,1,1,1,1,1,1,1,1,1,1,1,0,1,1,1,0,1,1,1,0,1,1
1702,0,1,0,1,1,1,1,1,1,0,0,0,0,1,0,0,1,0,0,1,0,0,0,1,1,0,1,0,0,0,0,1,1,1,1,1,1,1,1,1,1,1,0,1,1,1,0,1,1,1,0,1,1
1703,0,1,0,1,1,1,1,2,1,0,0,0,0,1,0,0,2,0,0,2,0,0,0,1,1,0,1,0,0,0,0,1,1,1,1,1,1,1,1,1,1,2,0,1,1,1,0,1,1,1,0,1,1
1704,0,1,0,1,1,1,1,1,1,0,0,0,0,1,0,0,1,0,0,1,0,0,0,1,1,0,1,0,0,0,0,1,1,1,1,1,1,1,1,1,1,1,0,1,1,1,0,1,1,1,0,1,1
1705,0,1,0,1,1,1,1,1,1,0,0,0,0,1,0,0,1,0,0,1,0,0,0,1,1,0,1,0,0,0,0,1,1,1,1,1,1,1,1,1,1,1,0,2,1,1,0,1,1,1,0,1,1
1706,0,1,0,1,1,1,1,1,1,0,0,0,0,1,0,0,1,0,0,1,0,0,0,1,1,0,1,0,0,0,0,1,1,1,1,1,1,1,1,1,1,1,0,1,1,1,0,1,1,1,0,1,2
1707,0,1,0,1,1,1,1,1,1,0,0,0,0,1,0,0,1,0,0,1,0,0,0,2,1,0,1,0,0,0,0,1,1,1,1,1,1,1,1,1,1,2,0,1,1,1,0,1,1,1,0,1,1
1708,0,1,0,1,1,1,1,1,1,0,0,0,0,1,0,0,1,0,0,1,0,0,0,1,1,0,1,0,0,0,0,1,1,1,1,1,1,1,1,1,1,1,0,1,1,1,0,2,2,1,0,1,1
1709,0,2,0,1,1,1,1,1,1,0,0,0,0,1,0,0,1,0,0,1,0,0,0,1,1,0,1,0,0,0,0,1,1,1,2,1,1,1,1,1,1,1,0,1,1,1,0,1,1,1,0,1,1
1710,0,1,0,1,1,1,1,1,1,0,0,0,0,1,0,0,1,0,0,1,0,0,0,1,1,0,1,0,0,0,0,1,1,1,1,1,1,1,1,1,1,1,0,1,1,1,0,1,1,1,0,1,1
1711,0,1,0,1,1,1,1,1,1,0,0,0,0,1,0,0,1,0,0,1,0,0,0,1,1,0,1,0,0,0,0,1,2,1,1,1,1,1,1,1,1,1,0,1,1,1,0,1,1,1,0,1,1
1712,0,1,0,1,1,1,1,1,2,0,0,0,0,1,0,0,2,0,0,1,0,0,0,1,1,0,1,0,0,0,0,1,1,1,1,1,1,1,1,1,1,1,0,1,1,1,0,1,1,1,0,1,1
1713,0,1,0,1,1,1,1,1,1,0,0,0,0,2,0,0,1,0,0,1,0,0,0,1,1,0,1,0,0,0,0,1,1,1,1,1,1,1,1,1,1,1,0,1,1,1,0,1,1,1,0,1,1
1714,0,1,0,1,1,1,1,1,1,0,0,0,0,1,0,0,1,0,0,1,0,0,0,1,1,0,1,0,0,0,0,1,1,1,1,1,1,1,1,1,1,2,0,1,1,1,0,1,1,1,0,1,1
1715,0,1,0,1,2,2,2,2,1,0,0,0,0,1,0,0,1,0,0,1,0,0,0,2,1,0,1,0,0,0,0,1,2,2,1,2,1,1,1,1,1,1,0,2,1,1,0,1,1,1,0,2,2
1716,0,1,0,1,1,1,1,1,1,0,0,0,0,1,0,0,1,0,2,2,0,0,0,1,1,0,1,0,0,0,0,1,1,1,1,1,1,1,1,1,1,1,0,1,1,1,0,1,1,1,0,1,1
1717,0,1,0,1,1,1,1,1,1,0,0,0,0,1,0,0,1,0,0,1,0,0,0,1,1,0,1,0,0,0,0,1,1,1,1,1,1,1,1,1,1,1,0,1,1,1,0,1,1,1,0,1,1
1718,0,1,0,1,1,1,1,2,1,0,0,0,0,1,0,0,1,0,0,1,0,0,0,1,1,0,0,0,0,0,0,1,1,1,1,1,1,1,1,1,1,1,0,1,1,1,0,1,1,1,0,1,1
1719,0,1,0,1,1,1,1,1,1,0,0,0,0,1,0,0,1,0,0,1,0,0,0,1,1,0,,,,0,0,1,1,1,1,1,1,1,1,1,1,1,0,1,1,1,0,1,1,1,0,1,1
1720,0,1,0,1,1,1,1,1,1,0,0,0,0,1,0,0,1,0,0,1,0,0,0,1,1,0,,,,0,0,1,1,1,1,1,1,1,1,1,1,1,0,1,1,1,0,1,1,1,0,1,1
1721,0,1,0,1,1,1,1,1,1,0,0,0,0,1,0,0,1,0,0,1,0,0,0,1,1,0,,,,0,0,1,1,1,1,1,1,1,1,1,1,1,0,1,1,1,0,1,1,1,0,1,1
1722,0,1,0,1,1,1,1,1,1,0,0,0,0,1,0,0,1,0,0,1,0,0,0,1,1,0,,,,0,0,1,1,1,1,1,1,1,1,1,1,1,0,1,1,1,0,1,1,1,0,1,1
1723,0,1,0,1,1,1,1,1,1,0,0,0,0,1,0,0,1,0,0,1,0,0,0,1,1,0,,,,0,0,1,1,1,1,1,1,1,1,1,1,1,0,1,1,1,0,1,1,1,0,1,1
1724,0,1,0,2,2,2,1,1,1,0,0,0,0,1,0,0,1,0,0,2,0,0,0,1,1,0,,,,0,0,1,1,1,1,1,1,1,1,1,1,2,0,1,1,1,0,1,1,1,0,1,1
1725,0,1,0,0,1,1,1,1,1,0,0,0,0,1,0,0,1,0,0,1,0,0,0,1,1,0,,,,0,0,1,1,1,1,1,1,1,1,1,1,1,0,1,1,1,0,1,1,1,0,1,1
1726,0,1,0,0,1,1,1,1,1,0,0,0,0,1,0,0,1,0,0,1,0,0,0,1,1,0,,,,0,0,1,1,1,1,1,1,1,1,1,1,1,0,2,1,1,0,1,1,1,0,1,1
1727,0,1,0,0,1,1,1,1,1,0,0,0,0,1,0,0,1,0,0,1,0,0,0,1,1,0,,,,0,0,1,1,1,1,1,1,1,1,1,1,1,0,1,1,1,0,1,1,1,0,1,1
1728,0,1,0,0,1,1,1,1,1,0,0,0,0,1,0,0,1,0,0,1,0,0,0,1,1,0,,,,0,0,1,1,1,1,1,1,1,1,1,1,1,0,1,2,1,0,1,1,1,0,1,1
1729,0,1,0,0,2,1,2,1,1,0,0,0,0,1,0,0,1,0,0,1,0,0,0,1,1,0,,,,0,0,1,1,2,1,1,1,1,1,1,1,2,0,1,1,1,0,2,2,1,0,1,1
1730,0,1,0,0,1,1,1,1,1,0,0,0,0,2,0,0,1,0,0,1,0,0,0,1,1,0,,,,0,0,1,1,1,1,1,1,1,1,1,1,1,0,1,1,1,0,1,1,1,0,1,1
1731,0,1,0,0,1,1,1,1,1,0,0,0,0,1,0,0,1,0,0,1,0,0,0,1,1,0,,,,0,0,1,1,1,1,1,1,1,1,1,1,1,0,1,1,1,0,1,1,1,0,1,1
1732,0,1,0,0,1,1,1,2,1,0,0,0,0,1,0,0,1,0,0,1,0,0,0,1,1,0,,,,0,0,1,1,1,1,1,1,1,1,1,1,1,0,1,1,1,0,1,1,1,0,1,1
1733,0,1,0,0,1,1,1,1,1,0,0,0,0,1,0,0,1,0,0,1,0,0,0,1,1,0,,,,0,0,1,1,1,1,2,1,1,1,1,1,1,0,1,1,1,0,1,1,1,0,1,1
1734,0,1,0,0,1,1,1,1,1,0,0,0,0,1,0,0,1,0,0,1,0,0,0,1,1,0,,,,0,0,1,1,1,1,1,1,1,1,1,1,1,0,1,1,1,0,1,1,1,0,1,1
1735,0,1,0,0,2,1,1,1,1,0,0,0,0,1,0,0,2,0,2,2,0,0,0,1,1,0,,,,0,0,1,1,1,1,1,1,1,1,1,1,1,0,1,1,1,0,1,1,1,0,1,1
1736,0,1,0,0,1,1,1,1,1,0,0,0,0,1,0,0,1,0,0,1,0,0,0,1,1,0,,,,0,0,1,1,1,1,2,1,1,1,1,1,2,0,1,1,1,0,1,1,1,0,1,1
1737,0,1,0,0,1,1,1,1,1,0,0,0,0,1,0,0,1,0,0,1,0,0,0,1,1,0,,,,0,0,1,1,1,1,1,1,1,1,1,1,1,0,1,1,1,0,1,1,1,0,1,1
1738,0,1,0,0,1,1,1,1,1,0,0,0,0,1,0,0,1,0,0,1,0,0,0,1,1,0,,,,0,0,1,1,1,1,1,1,1,1,1,1,1,0,1,1,2,0,1,1,1,0,1,1
1739,0,1,0,0,1,1,1,1,1,0,0,0,0,1,0,0,1,0,0,1,0,0,0,1,1,0,,,,0,0,1,1,1,1,1,1,1,1,1,1,1,0,1,1,1,0,1,1,1,0,2,2
1740,0,1,0,0,1,1,1,1,1,0,0,0,0,1,0,0,1,0,0,1,0,0,0,1,1,0,,,,0,0,1,1,1,1,1,1,1,1,1,1,1,0,1,1,1,0,1,1,1,0,1,1
1741,0,1,0,0,1,1,1,1,1,0,0,0,0,1,0,0,1,0,0,1,0,0,0,1,1,0,,,,0,0,1,1,1,1,1,1,1,1,1,1,1,0,1,1,1,0,1,1,1,0,1,1
1742,0,1,0,0,2,2,1,1,1,0,0,0,0,1,0,0,1,0,0,1,0,0,0,1,1,0,,,,0,0,1,1,1,1,1,1,1,1,1,1,1,0,1,1,1,0,1,1,1,0,1,1
1743,0,1,0,0,1,1,1,1,1,0,0,0,0,1,0,0,1,0,0,1,0,0,0,1,1,0,,,,0,0,1,1,1,1,1,1,1,1,1,1,1,0,1,1,1,0,1,1,1,0,1,1
1744,0,1,0,0,1,1,1,1,1,0,0,0,0,1,0,0,1,0,0,1,0,0,0,1,1,0,,,,0,0,1,1,1,1,1,1,1,1,1,1,1,0,1,1,1,0,1,1,1,0,1,1
1745,0,1,0,0,1,1,1,1,1,0,0,0,0,1,0,0,1,0,0,1,0,0,0,1,1,0,,,,0,0,1,1,1,1,1,1,1,1,1,1,1,0,1,1,1,0,1,1,1,0,1,1
1746,0,1,0,0,1,1,1,1,1,0,0,0,0,1,0,0,1,0,0,1,0,0,0,1,1,0,,,,0,0,1,1,1,1,1,1,1,1,1,1,1,0,1,1,1,0,1,1,1,0,1,1
1747,0,1,0,0,1,2,1,1,1,0,0,0,0,1,0,0,1,0,0,1,0,0,0,1,1,0,,,,0,0,1,2,1,1,1,1,1,1,1,1,1,0,1,1,1,0,1,1,1,0,1,1
1748,0,1,0,0,1,1,1,1,1,0,0,0,0,2,0,0,1,0,0,1,2,0,2,2,1,0,,,,0,0,1,1,2,1,1,1,1,1,1,1,1,0,1,1,1,0,1,1,1,0,1,1
1749,0,1,0,0,1,1,1,1,1,0,0,0,0,1,0,0,1,0,0,1,0,0,0,1,1,0,,,,0,0,1,1,1,1,1,1,1,1,1,1,1,0,1,1,1,0,1,1,1,0,1,1
1750,0,1,0,0,1,1,1,1,1,0,0,0,0,1,0,0,1,0,0,1,0,0,0,1,1,0,,,,0,0,1,1,1,1,1,1,1,1,1,1,1,0,2,1,1,0,1,1,1,0,1,1
1751,0,1,0,0,1,1,1,1,1,0,0,0,0,1,0,0,1,0,0,1,0,0,0,2,1,0,,,,0,0,1,1,1,1,1,1,1,1,1,1,1,0,1,1,1,0,1,1,1,0,1,1
1752,0,1,0,0,2,1,1,1,1,0,0,0,0,1,0,0,1,0,0,1,0,0,0,1,1,0,,,,0,0,1,1,1,1,1,1,1,1,1,1,1,0,1,1,1,0,1,1,1,0,1,1
1753,0,1,0,0,1,1,1,1,1,0,0,0,0,1,0,0,1,0,0,1,0,0,0,1,1,0,,,,0,0,0,1,1,1,1,1,1,1,1,1,1,0,1,1,1,0,1,1,1,0,1,1
1754,0,1,0,0,1,1,1,1,1,0,0,0,0,1,0,0,1,0,0,1,0,0,0,1,1,0,,,,0,0,0,1,1,1,1,1,1,1,1,1,1,0,1,1,1,0,1,1,1,0,1,1
1755,0,1,0,0,2,2,2,1,1,0,0,0,0,1,0,0,1,0,2,2,0,0,0,1,1,0,,,,0,0,0,1,1,1,1,1,1,1,1,1,2,0,1,1,1,0,1,1,1,0,1,1
1756,0,1,0,0,1,1,1,1,1,0,0,0,0,1,0,0,1,0,0,1,0,0,0,1,1,0,,,,0,0,0,1,1,1,1,1,1,1,1,1,1,0,1,2,1,0,1,2,2,0,1,1
1757,0,1,0,0,1,1,1,1,1,0,0,0,0,1,0,0,1,0,0,1,0,0,0,1,1,0,,,,0,0,0,1,1,1,1,1,1,1,1,1,1,0,1,1,1,0,1,1,1,0,1,1
1758,0,1,0,0,1,1,1,1,1,0,0,0,0,1,0,0,1,0,0,1,0,0,0,1,1,0,,,,0,0,0,1,1,1,1,1,1,1,1,1,1,0,1,1,1,0,1,1,1,0,1,1
1759,0,1,0,0,1,1,1,1,1,0,0,0,0,1,0,0,1,0,0,1,0,0,0,1,1,0,,,,0,0,0,1,1,1,1,1,1,1,1,1,1,0,1,1,1,0,1,1,1,0,1,1
1760,0,1,0,0,1,1,1,1,1,0,0,0,0,1,0,0,1,0,0,1,0,0,0,1,1,0,,,,0,0,0,1,1,1,2,1,1,1,1,1,1,0,1,1,1,0,1,1,1,0,1,1
1761,0,1,0,0,1,1,1,1,1,0,0,0,0,1,0,0,1,0,0,1,0,0,0,1,1,0,,,,0,0,0,1,1,1,1,1,1,1,1,1,1,0,1,1,1,0,1,1,1,0,1,1
1762,0,1,0,0,1,1,1,1,1,0,0,0,0,2,0,0,2,0,0,2,0,0,0,1,1,0,,,,0,0,0,1,1,1,1,1,1,1,1,1,1,0,1,1,1,0,1,1,1,0,1,1
1763,0,1,0,0,2,2,1,1,1,0,0,0,0,0,0,0,1,0,0,1,0,0,0,1,1,0,,,,0,0,0,2,2,1,1,1,1,1,1,1,1,0,1,1,1,0,1,1,1,0,1,1
1764,0,1,0,0,1,1,1,1,1,0,0,0,0,0,0,0,1,0,0,1,0,0,0,1,1,0,,,,0,0,0,1,1,1,1,1,1,1,1,1,1,0,1,1,1,0,1,1,1,0,1,1
1765,0,1,0,0,1,1,1,1,1,0,0,0,0,0,0,0,1,0,0,1,0,0,0,1,1,0,,,,0,0,0,1,1,1,1,1,1,1,1,1,1,0,1,1,1,0,1,1,1,0,1,1
1766,0,1,0,0,1,2,1,1,1,0,0,0,0,0,0,0,1,0,0,1,0,0,0,1,1,0,,,,0,0,0,1,2,1,1,1,1,1,1,1,1,0,1,1,1,0,1,1,1,0,1,1
1767,0,1,0,0,1,1,1,1,1,0,0,0,0,0,0,0,1,0,0,1,0,0,0,1,1,0,,,,0,0,0,1,1,1,1,1,1,1,1,1,1,0,1,1,1,0,1,1,1,0,1,1
1768,0,1,0,0,1,1,1,1,1,0,0,0,0,0,0,0,1,0,0,1,0,0,0,1,1,0,,,,0,0,0,1,1,1,1,1,1,1,1,1,1,0,1,1,1,0,1,1,1,0,1,1
1769,0,1,0,0,2,1,1,1,1,0,0,0,0,0,0,0,1,0,2,1,0,0,0,1,1,0,,,,0,0,0,1,1,1,1,1,1,1,1,1,1,0,1,1,1,0,1,1,1,0,1,1
1770,0,1,0,0,1,1,1,0,1,0,0,0,0,0,0,0,1,0,0,1,0,0,0,1,1,0,,,,0,0,0,1,1,1,1,1,1,1,1,1,2,0,1,2,2,0,2,2,1,0,2,2
1771,0,1,0,0,1,1,1,0,1,0,0,0,0,0,0,0,1,0,0,1,0,0,0,1,1,0,,,,0,0,0,1,1,1,1,1,1,1,1,1,1,0,1,1,1,0,1,1,1,0,0,0
1772,0,1,0,0,1,1,1,0,1,0,0,0,0,0,0,0,1,0,0,1,0,0,0,1,1,0,,,,0,0,0,1,1,1,1,1,1,1,1,1,1,0,1,1,1,0,1,1,1,0,0,0
1773,0,1,0,0,2,2,2,0,1,0,0,0,0,0,0,0,1,0,0,1,0,0,0,1,1,0,,,,0,0,0,1,1,1,2,1,1,1,1,1,1,0,1,1,1,0,1,1,1,0,0,0
1774,0,1,0,0,1,1,1,0,1,0,0,0,0,0,0,0,1,0,0,1,0,0,0,1,1,0,,,,0,0,0,1,1,1,1,1,1,1,1,1,1,0,1,1,1,0,1,1,1,0,0,0
1775,0,2,0,0,1,1,1,0,1,0,0,0,0,0,0,0,1,0,0,1,0,0,0,1,1,0,,,,0,0,0,1,1,1,1,1,1,1,1,1,1,0,1,1,1,0,1,1,1,0,0,0
1776,0,1,0,0,1,1,1,0,1,0,0,0,0,0,0,0,1,0,0,1,0,0,0,1,1,0,,,,0,0,0,1,1,1,1,1,1,1,1,1,1,0,2,1,1,0,1,1,1,0,0,0
1777,0,1,0,0,1,1,1,0,1,0,0,0,0,0,0,0,1,0,0,1,0,0,0,1,1,0,,,,0,0,0,1,1,1,1,1,1,1,1,1,2,0,1,1,1,0,1,1,1,0,0,0
1778,0,1,0,0,1,1,1,0,1,0,0,0,0,0,0,0,1,0,0,1,0,0,0,1,1,0,,,,0,0,0,1,1,1,2,1,1,1,1,1,1,0,1,1,1,0,1,1,1,0,0,0
1779,0,1,0,0,1,1,1,0,1,0,0,0,0,0,0,0,1,0,0,1,0,0,0,1,1,0,,,,0,0,0,1,1,1,1,1,1,1,1,1,1,0,1,1,1,0,1,1,1,0,0,0
1780,0,1,0,0,1,1,1,0,1,0,0,0,0,0,0,0,1,0,0,1,0,0,0,1,1,0,,,,0,0,0,1,1,1,1,1,1,1,1,1,1,0,1,1,1,0,1,1,1,0,0,0
1781,0,1,0,0,1,1,1,0,1,0,0,0,0,0,0,0,1,0,0,1,0,0,0,1,1,0,,,,0,0,0,1,1,1,1,1,1,1,1,1,1,0,1,1,1,0,1,1,1,0,0,0
1782,0,1,0,2,2,2,2,0,1,0,0,0,0,0,0,0,1,0,0,1,2,0,0,1,1,0,,,,0,0,0,1,1,1,1,1,1,1,1,1,1,0,1,1,1,0,1,1,1,0,0,0
1783,0,1,0,1,1,1,1,0,1,0,0,0,0,0,0,0,1,0,0,1,0,0,0,1,1,0,,,,0,0,0,1,1,1,1,1,1,1,1,1,1,0,1,2,1,0,2,1,1,0,0,0
1784,0,1,0,1,1,1,1,0,1,0,0,0,0,0,0,0,1,0,0,1,0,0,0,1,1,0,,,,0,0,0,1,1,1,2,1,1,1,2,1,1,0,1,1,1,0,1,1,1,0,0,0
1785,0,1,0,1,1,1,1,0,1,0,0,0,0,0,0,0,1,0,0,1,0,0,0,1,1,0,,,,0,0,0,1,1,1,1,1,1,1,1,1,1,0,1,1,1,0,1,1,1,0,0,0
1786,0,1,0,1,1,1,1,0,1,0,0,0,0,0,0,0,1,0,0,1,0,0,0,1,1,0,,,,0,0,0,1,1,1,1,1,1,1,1,1,1,0,1,1,1,0,1,1,1,0,0,0
1787,0,1,0,1,1,1,1,0,1,0,0,0,0,0,0,0,1,0,0,1,0,0,0,1,1,0,,,,0,0,0,1,1,1,1,1,1,1,1,1,1,0,1,1,1,0,1,1,1,0,0,0
1788,0,1,0,1,1,1,1,0,1,0,0,0,0,0,0,0,1,0,0,1,0,0,0,1,1,0,,,,0,0,0,1,1,1,1,1,1,1,1,1,1,0,1,1,1,0,1,1,1,0,0,0
1789,0,1,0,1,1,1,1,0,1,0,0,0,0,0,0,0,1,0,0,1,0,0,0,1,1,0,,,,0,0,0,1,1,1,1,1,1,1,1,1,1,0,1,2,1,0,1,1,1,0,0,0
1790,0,1,0,1,1,1,1,0,1,0,0,0,0,0,0,0,1,0,0,1,0,0,0,1,1,0,,,,0,0,0,1,1,1,1,1,1,1,1,1,1,0,1,1,1,0,1,1,1,0,0,0
1791,0,1,0,1,1,1,1,0,1,0,0,0,0,0,0,0,1,0,0,1,0,0,0,1,1,0,,,,0,0,0,1,1,1,1,1,1,1,1,1,1,0,1,1,1,0,1,1,1,0,0,0
1792,0,1,0,1,1,1,1,0,1,0,0,0,0,0,0,0,1,0,0,1,0,0,0,1,1,0,,,,0,0,0,1,1,1,1,1,1,1,1,1,1,0,1,1,1,0,1,1,1,0,0,0
1793,0,1,0,1,1,1,1,0,1,0,0,0,0,0,0,0,1,0,0,1,0,0,0,1,1,0,,,,0,0,0,1,1,1,1,1,1,1,1,2,1,0,1,1,1,0,1,1,1,0,0,0
1794,0,1,0,1,1,1,1,0,1,0,0,0,0,0,0,0,1,0,0,1,0,0,0,1,1,0,,,,0,0,0,1,1,1,1,1,1,1,1,1,1,0,2,1,1,0,1,1,1,0,0,0
1795,0,1,0,2,1,2,1,0,1,0,0,0,0,0,0,0,2,0,0,2,0,0,0,1,,0,,,,0,0,0,1,1,1,1,1,1,1,1,1,2,0,1,1,1,0,1,1,1,0,0,0
1796,0,1,0,1,1,1,1,0,1,0,0,0,0,0,0,0,1,0,0,1,0,0,0,1,,0,,,,0,0,0,1,1,1,1,1,1,1,1,1,1,0,1,1,1,0,1,1,1,0,0,0
1797,0,1,0,1,1,1,1,0,1,0,0,0,0,0,0,0,1,0,0,1,0,0,0,1,,0,,,,0,0,0,1,1,1,1,1,1,1,1,1,1,0,1,1,1,0,1,1,1,0,0,0
1798,0,1,0,1,1,1,1,0,1,0,0,0,0,0,0,0,1,0,0,1,0,0,0,1,,0,,,,0,0,0,1,1,1,1,1,1,1,1,1,1,0,1,1,1,0,1,1,1,0,0,0
1799,0,1,0,1,1,1,1,0,1,0,0,0,0,0,0,0,1,0,0,1,0,0,0,2,,0,,,,0,0,0,1,1,1,1,1,1,1,1,1,1,0,1,1,1,0,1,1,2,0,0,0
1800,0,1,0,2,2,2,1,0,1,0,0,0,0,0,0,0,1,0,0,1,0,0,0,1,,0,,,,0,0,0,1,1,1,1,1,1,1,1,1,1,0,1,1,1,0,1,1,0,0,0,0
1801,0,1,0,1,0,1,1,0,1,0,0,0,0,0,0,0,1,0,0,1,0,0,0,1,,0,,,,0,0,0,1,1,1,1,1,1,1,1,1,1,0,1,1,1,0,1,1,0,0,0,0
1802,0,1,0,1,0,1,1,0,1,0,0,0,0,0,0,0,1,0,0,1,0,0,0,1,,0,,,,0,0,0,1,1,1,1,1,1,1,1,1,1,0,1,1,1,0,1,1,0,0,0,0
1803,0,1,0,1,0,1,1,0,1,0,0,0,0,0,0,0,1,0,0,1,0,0,0,1,,0,,,,0,0,0,1,1,1,1,1,1,1,1,1,1,0,2,1,1,0,1,1,0,0,0,0
1804,0,1,0,1,0,1,1,0,1,0,0,0,0,0,0,0,1,0,0,1,0,0,0,1,,0,,,,0,0,0,1,1,1,1,1,1,1,1,1,1,0,1,1,1,0,1,1,0,0,0,0
1805,0,1,0,1,0,2,2,0,1,0,0,0,0,0,0,0,1,0,0,1,0,0,0,1,,0,,,,0,0,0,1,1,1,1,1,1,1,1,1,1,0,1,1,1,0,1,1,0,0,0,0
1806,0,1,0,1,0,1,1,0,1,0,0,0,0,0,0,0,2,0,0,2,2,0,2,2,,0,,,,0,0,0,0,1,1,1,1,1,1,1,1,1,0,1,1,1,0,1,1,0,0,0,0
1807,0,1,0,1,0,1,1,0,0,0,0,0,0,0,0,0,1,0,0,1,0,0,0,1,,0,,,,0,0,0,0,1,1,1,1,1,1,1,1,1,0,1,1,1,0,1,1,0,0,0,0
1808,0,1,0,1,0,2,1,0,0,0,0,0,0,0,0,0,1,0,0,1,0,0,0,1,,0,,,,0,0,0,0,1,1,1,1,1,1,1,1,1,0,1,1,1,0,1,1,0,0,0,0
1809,0,1,0,1,0,1,1,0,0,0,0,0,0,0,0,0,1,0,0,1,0,0,0,2,,0,,,,0,0,0,0,1,1,1,1,1,1,1,1,1,0,1,1,1,0,1,1,0,0,0,0
1810,0,1,0,1,0,1,1,0,0,0,0,0,0,0,0,0,1,0,0,1,0,0,0,1,,0,,,,0,0,0,0,1,1,1,1,1,1,1,1,1,0,2,1,1,0,1,1,0,0,0,0
1811,0,1,0,1,0,1,1,0,0,0,0,0,0,0,0,0,1,0,0,1,0,0,0,1,,0,,,,0,0,0,0,1,1,1,1,1,1,1,1,1,0,1,1,1,0,1,1,0,0,0,0
1812,0,1,0,1,0,1,1,0,0,0,0,0,0,0,0,0,1,0,0,1,0,0,0,1,,0,,,,0,0,0,0,1,1,1,1,1,1,1,1,2,0,1,2,2,0,1,2,0,0,0,0
1813,0,1,0,1,0,1,1,0,0,0,0,0,0,0,0,0,1,0,0,1,0,0,0,1,,0,,,,0,0,0,0,1,1,1,1,1,1,1,1,1,0,1,1,1,0,1,0,0,0,0,0
1814,0,1,0,1,0,1,1,0,0,0,0,0,0,0,0,0,1,0,0,1,0,0,0,1,,0,,,,0,0,0,0,1,1,1,1,1,1,1,1,1,0,1,1,1,0,1,0,0,0,0,0
1815,0,1,0,1,0,1,1,0,0,0,0,0,0,0,0,0,1,0,0,1,0,0,0,1,,0,,,,0,0,0,0,1,1,1,1,1,1,1,1,1,0,2,1,1,0,1,0,0,0,0,0
1816,0,1,0,1,0,1,1,0,0,0,0,0,0,0,0,0,1,0,0,1,0,0,0,1,,0,,,,0,0,0,0,1,1,1,1,1,1,2,1,1,0,0,1,1,0,1,0,0,0,0,0
1817,0,1,0,2,0,1,1,0,0,0,0,0,0,0,0,0,1,0,0,1,0,0,0,1,,0,,,,0,0,0,0,1,1,1,1,1,1,1,1,1,0,0,1,1,0,1,0,0,0,0,0
1818,0,1,0,0,0,1,1,0,0,0,0,0,0,0,0,0,1,0,0,1,0,0,0,1,,0,,,,0,0,0,0,1,1,1,1,1,1,1,1,1,0,0,1,1,0,1,0,0,0,0,0
1819,0,1,0,0,0,2,1,0,0,0,0,0,0,0,0,0,1,0,0,1,0,0,0,1,,0,,,,0,0,0,0,2,1,2,1,1,1,1,1,1,0,0,1,1,0,1,0,0,0,0,0
1820,0,1,0,0,0,1,1,0,0,0,0,0,0,0,0,0,1,0,0,,0,0,0,1,,0,,,,0,0,0,0,1,1,1,1,1,1,1,1,1,0,0,1,1,0,1,0,0,0,0,0
1821,0,1,0,0,0,1,1,0,0,0,0,0,0,0,0,0,1,0,0,,0,0,0,1,,0,,,,0,0,0,0,1,1,1,1,1,1,1,1,1,0,0,1,1,0,1,0,0,0,0,0
1822,0,1,0,0,0,1,1,0,0,0,0,0,0,0,0,0,1,0,0,,0,0,0,2,,0,,,,0,0,0,0,1,1,1,1,1,1,1,1,1,0,0,2,2,0,2,0,0,0,0,0
1823,0,1,0,0,0,1,1,0,0,0,0,0,0,0,0,0,1,0,0,,0,0,0,1,,0,,,,0,0,0,0,1,1,1,1,1,1,1,1,1,0,0,1,1,0,1,0,0,0,0,0
1824,0,1,0,0,0,1,1,0,0,0,0,0,0,0,0,0,2,0,0,,0,0,0,1,,0,,,,0,0,0,0,1,1,1,1,1,1,1,1,1,0,0,1,1,0,1,0,0,0,0,0
1825,0,1,0,0,0,1,1,0,0,0,0,0,0,0,0,0,1,0,0,,0,0,0,1,,0,,,,0,0,0,0,1,1,1,1,1,1,1,1,1,0,0,1,1,0,1,0,0,0,0,0
1826,0,1,0,0,0,1,1,0,0,0,0,0,0,0,0,0,1,0,0,,0,0,0,1,,0,,,,0,0,0,0,1,1,1,1,1,1,1,1,1,0,0,1,1,0,1,0,0,0,0,0
1827,0,1,0,0,0,1,1,0,0,0,0,0,0,0,0,0,1,0,0,,0,0,0,1,,0,,,,0,0,0,0,1,1,1,1,1,1,1,1,1,0,0,2,1,0,1,0,0,0,0,0
1828,0,1,0,0,0,1,1,0,0,0,0,0,0,0,0,0,1,0,0,,0,0,0,1,,0,,,,0,0,0,0,1,0,1,1,1,1,1,1,1,0,0,1,1,0,1,0,0,0,0,0
1829,0,1,0,0,0,1,1,0,0,0,0,0,0,0,0,0,1,0,0,,0,0,0,1,,0,,,,0,0,0,0,1,0,1,1,1,1,1,1,1,0,0,1,1,0,1,0,0,0,0,0
1830,0,1,0,0,0,1,1,0,0,0,0,0,0,0,0,0,1,0,0,,0,0,0,1,,0,,,,0,0,0,0,1,0,1,1,1,1,1,1,1,0,0,1,1,0,1,0,0,0,0,0
1831,0,1,0,0,0,1,1,0,0,0,0,0,0,0,0,0,1,0,0,,0,0,0,1,,0,,,,0,0,0,0,1,0,1,1,1,1,1,1,1,0,0,1,1,0,1,0,0,0,0,0
1832,0,1,0,0,0,1,1,0,0,0,0,0,0,0,0,0,1,0,0,,0,0,0,1,,0,,,,0,0,0,0,1,0,1,1,1,1,1,1,1,0,0,1,1,0,1,0,0,0,0,0
1833,0,1,0,0,0,1,1,0,0,0,0,0,0,0,0,0,1,0,0,,0,0,0,1,,0,,,,0,0,0,0,1,0,1,1,1,1,1,1,1,0,0,1,1,0,1,0,0,0,0,0
1834,0,1,0,0,0,1,1,0,0,0,0,0,0,0,0,0,1,0,0,,0,0,0,1,,0,,,,0,0,0,0,1,0,1,1,1,1,1,1,1,0,0,1,1,0,1,0,0,0,0,0
1835,0,1,0,0,0,1,1,0,0,0,0,0,0,0,0,0,1,0,0,,0,0,0,1,,0,,,,0,0,0,0,1,0,1,1,1,1,1,1,,0,0,1,1,0,1,0,0,0,0,0
1836,0,1,0,0,0,1,1,0,0,0,0,0,0,0,0,0,1,0,0,,0,0,0,1,,0,,,,0,0,0,0,1,0,1,1,1,1,1,1,,0,0,1,1,0,1,0,0,0,0,0
1837,0,1,0,0,0,1,1,0,0,0,0,0,0,0,0,0,1,0,0,,0,0,0,1,,0,,,,0,0,0,0,1,0,1,1,1,1,1,1,,0,0,1,1,0,1,0,0,0,0,0
1838,0,1,0,0,0,1,1,0,0,0,0,0,0,0,0,0,1,0,,,0,0,0,1,,0,,,,0,0,0,0,1,0,2,1,0,1,1,1,,0,0,1,1,0,1,0,0,0,0,0
1839,0,1,0,0,0,1,1,0,0,0,0,0,0,0,0,0,1,0,,,0,0,0,1,,0,,,,0,0,0,0,1,0,1,1,0,1,1,1,,0,0,2,2,0,1,0,0,0,0,0
1840,0,1,0,0,0,1,1,0,0,0,0,0,0,0,0,0,1,0,,,0,0,0,1,,0,,,,0,0,0,0,1,0,1,1,0,1,1,1,,0,0,1,0,0,1,0,0,0,0,0
1841,0,1,0,0,0,2,1,0,0,0,0,0,0,0,0,0,2,0,,,0,0,0,2,,0,,,,0,0,0,0,1,0,1,1,0,1,1,1,,0,0,1,0,0,2,0,0,0,0,0
1842,0,1,0,0,0,1,1,0,0,0,0,0,0,0,0,0,,,,,0,0,0,1,,0,,,,0,0,0,0,1,0,1,1,0,1,1,1,,0,0,1,0,0,0,0,0,0,0,0
1843,0,1,0,0,0,1,1,0,0,0,0,0,0,0,0,0,,,,,0,0,0,1,,0,,,,0,0,0,0,1,0,1,1,0,1,1,1,,0,0,1,0,0,0,0,0,0,0,0
1844,0,1,0,0,0,1,1,0,0,0,0,0,0,0,0,0,,,,,0,0,0,1,,0,,,,0,0,0,0,1,0,1,1,0,1,1,1,,0,0,1,0,0,0,0,0,0,0,0
1845,0,1,0,0,0,1,1,0,0,0,0,0,0,0,0,0,,,,,0,0,0,1,,0,,,,0,0,0,0,1,0,1,1,0,1,1,1,,0,0,1,0,0,0,0,0,0,0,0
1846,0,1,0,0,0,1,1,0,0,0,0,0,0,0,0,0,,,,,0,0,0,1,,0,,,,0,0,0,0,1,0,1,1,0,1,1,0,,0,0,1,0,0,0,0,0,0,0,0
1847,0,1,0,0,0,1,1,0,0,0,0,0,0,0,0,0,,,,,0,0,0,1,,0,,,,0,0,0,0,1,0,1,1,0,1,1,0,,0,0,1,0,0,0,0,0,0,0,0
1848,0,1,0,0,0,1,1,0,0,0,0,0,0,0,0,0,,,,,0,0,0,1,,0,,,,0,0,0,0,1,0,1,1,0,1,1,0,,0,0,1,0,0,0,0,0,0,0,0
1849,0,1,0,0,0,1,1,0,0,0,0,0,0,0,0,0,,,,,0,0,0,1,,0,,,,0,0,0,0,1,0,1,1,0,1,1,0,,0,0,1,0,0,0,0,0,0,0,0
1850,0,1,0,0,0,1,1,0,0,0,0,0,0,0,0,0,,,,,0,0,0,1,,0,,,,0,0,0,0,1,0,1,1,0,1,1,0,,0,0,1,0,0,0,0,0,0,0,0
1851,0,1,0,2,0,2,2,0,0,0,0,0,0,0,0,0,,,,,0,0,0,1,,0,,,,0,0,0,0,1,0,1,1,0,1,1,0,,0,0,1,0,0,0,0,0,0,0,0
1852,0,1,0,1,0,1,1,0,0,0,0,0,0,0,0,0,,,,,0,0,0,1,,0,,,,0,0,0,0,1,0,1,1,0,1,1,0,,0,0,1,0,0,0,0,0,0,0,0
1853,0,1,0,1,0,1,1,0,0,0,0,0,0,0,0,0,,,,,0,0,0,1,,0,,,,0,0,0,0,1,0,1,1,0,1,1,0,,0,0,1,0,0,0,0,0,0,0,0
1854,0,1,0,1,0,1,1,0,0,0,0,0,0,0,0,0,,,,,0,0,0,1,,0,,,,0,0,0,0,1,0,1,1,0,1,1,0,,0,0,1,0,0,0,0,0,0,0,0
1855,0,1,0,1,0,1,1,0,0,0,0,0,0,0,0,0,,,,,0,0,0,1,,0,,,,0,0,0,0,1,0,1,1,0,1,1,0,,0,0,1,0,0,0,0,0,0,0,0
1856,0,1,0,1,0,1,1,0,0,0,0,0,0,0,0,0,,,,,0,0,0,1,,0,,,,0,0,0,0,1,0,1,1,0,1,1,0,,0,0,2,0,0,0,0,0,0,0,0
1857,0,1,0,1,0,1,1,0,0,0,0,0,0,0,0,0,,,,,0,0,0,1,,0,,,,0,0,0,0,1,0,1,1,0,1,1,0,,0,0,1,0,0,0,0,0,0,0,0
1858,0,1,0,1,0,1,1,0,0,0,0,0,0,0,0,0,,,,,0,0,0,1,,0,,,,0,0,0,0,0,0,1,1,0,1,1,0,,0,0,1,0,0,0,0,0,0,0,0
1859,0,1,0,1,0,1,1,0,0,0,0,0,0,0,0,0,,,,,0,0,0,1,,0,,,,0,0,0,0,0,0,1,1,0,1,1,0,,0,0,1,0,0,0,0,0,0,0,0
1860,0,1,0,1,0,1,1,0,0,0,0,0,0,0,0,0,,,,,0,0,0,1,,0,,,,0,0,0,0,0,0,0,1,0,1,1,0,,0,0,1,0,0,0,0,0,0,0,0
1861,0,0,0,1,0,2,1,0,0,0,0,0,0,0,0,0,,,,,0,0,0,1,,0,,,,0,0,0,0,0,0,0,1,0,1,1,0,,0,0,1,0,0,0,0,0,0,0,0
1862,0,0,0,1,0,0,1,0,0,0,0,0,0,0,0,0,,,,,0,0,0,1,,0,,,,0,0,0,0,0,0,0,1,0,1,1,0,,0,0,1,0,0,0,0,0,0,0,0
1863,0,0,0,1,0,0,1,0,0,0,0,0,0,0,0,0,,,,,0,0,0,2,,0,,,,0,0,0,0,0,0,0,1,0,1,1,0,,0,0,1,0,0,0,0,0,0,0,0
1864,0,0,0,1,0,0,1,0,0,0,0,0,0,0,0,0,,,,,0,0,0,1,,0,,,,0,0,0,0,0,0,0,1,0,1,1,0,,0,0,1,0,0,0,0,0,0,0,0
1865,0,0,0,1,0,0,1,0,0,0,0,0,0,0,0,0,,,,,0,0,0,2,,0,,,,0,0,0,0,0,0,0,1,0,1,1,0,,0,0,2,0,0,0,0,0,0,0,0
1866,0,0,0,2,0,0,1,0,0,0,0,0,0,0,0,0,,,,,0,0,0,1,,0,,,,0,0,0,0,0,0,0,1,0,1,1,0,,0,0,0,0,0,0,0,0,0,0,0
1867,0,0,0,1,0,0,1,0,0,0,0,0,0,0,0,0,,,,,0,0,0,1,,0,,,,0,0,0,0,0,0,0,1,0,1,1,0,,0,0,0,0,0,0,0,0,0,0,0
1868,0,0,0,1,0,0,1,0,0,0,0,0,0,0,0,0,,,,,0,0,0,1,,0,,,,0,0,0,0,0,0,0,1,0,1,1,0,,0,0,0,0,0,0,0,0,0,0,0
1869,0,0,0,1,0,0,1,0,0,0,0,0,0,0,0,0,,,,,0,0,0,1,,0,,,,0,0,0,0,0,0,0,1,0,1,1,0,,0,0,0,0,0,0,0,0,0,0,0
1870,0,0,0,1,0,0,1,0,0,0,0,0,0,0,0,0,,,,,0,0,0,1,,0,,,,0,0,0,0,0,0,0,1,0,1,1,0,,0,0,0,0,0,0,0,0,0,0,0
1871,0,0,0,1,0,0,1,0,0,0,0,0,0,0,0,0,,,,,0,0,0,1,,0,,,,0,0,0,0,0,0,0,1,0,1,0,0,,0,0,0,0,0,0,0,0,0,0,0
1872,0,0,0,1,0,0,1,0,0,0,0,0,0,0,0,0,,,,,0,0,0,1,,0,,,,0,0,0,0,0,0,0,1,0,1,0,0,,0,0,0,0,0,0,0,0,0,0,0
1873,0,0,0,0,0,0,1,0,0,0,0,0,0,0,0,0,,,,,0,0,0,2,,0,,,,0,0,0,0,0,0,0,2,0,1,0,0,,0,0,0,0,0,0,0,0,0,0,0
1874,0,0,0,0,0,0,1,0,0,0,0,0,0,0,0,0,,,,,0,0,0,1,,0,,,,0,0,0,0,0,0,0,1,0,1,0,0,,0,0,0,0,0,0,0,0,0,0,0
1875,0,0,0,0,0,0,1,0,0,0,0,0,0,0,0,0,,,,,0,0,0,1,,0,,,,0,0,0,0,0,0,0,1,0,1,0,0,,0,0,0,0,0,0,0,0,0,0,0
1876,0,0,0,0,0,0,1,0,0,0,0,0,0,0,0,0,,,,,0,0,0,1,,0,,,,0,0,0,0,0,0,0,1,0,1,0,0,,0,0,0,0,0,0,0,0,0,0,0
1877,0,0,0,0,0,0,1,0,0,0,0,0,0,0,0,0,,,,,0,0,0,1,,0,,,,0,0,0,0,0,0,0,1,0,1,0,0,,0,0,0,0,0,0,0,0,0,0,0
1878,0,0,0,0,0,0,1,0,0,0,0,0,0,0,0,0,,,,,0,0,0,1,,0,,,,0,0,0,0,0,0,0,1,0,1,0,0,,0,0,0,0,0,0,0,0,0,0,0
1879,0,0,0,0,0,0,1,0,0,0,0,0,0,0,0,0,,,,,0,0,0,2,,0,,,,0,0,0,0,0,0,0,1,0,1,0,0,,0,0,0,0,0,0,0,0,0,0,0
1880,0,0,0,0,0,0,2,0,0,0,0,0,0,0,0,0,,,,,0,0,0,1,,0,,,,0,0,0,0,0,0,0,1,0,1,0,0,,0,0,0,0,0,0,0,0,0,0,0
1881,0,0,0,0,0,0,0,0,0,0,0,0,0,0,0,0,,,,,0,0,0,1,,0,,,,0,0,0,0,0,0,0,1,0,1,0,0,,0,0,0,0,0,0,0,0,0,0,0
1882,0,0,0,0,0,0,0,0,0,0,0,0,0,0,0,0,,,,,0,0,0,1,,0,,,,0,0,0,0,0,0,0,1,0,1,0,0,,0,0,0,0,0,0,0,0,0,0,0
1883,0,0,0,0,0,0,0,0,0,0,0,0,0,0,0,0,,,,,0,0,0,2,,0,,,,0,0,0,0,0,0,,1,0,1,0,0,,0,0,0,0,0,0,0,0,0,0,0
1884,0,0,0,0,0,0,0,0,0,0,0,0,0,0,0,0,,,,,0,0,0,1,,0,,,,0,0,0,0,0,0,,1,0,1,0,0,,0,0,0,0,0,0,0,0,0,0,0
1885,0,0,0,0,0,0,0,0,0,0,0,0,0,0,0,0,,,,,0,0,0,1,,0,,,,0,0,0,0,0,0,,1,0,1,0,0,,0,0,0,0,0,0,0,0,0,0,0
1886,0,0,0,0,0,0,0,0,0,0,0,0,0,0,0,0,,,,,0,0,0,1,,0,,,,0,0,0,0,0,0,,1,0,1,0,0,,0,0,0,0,0,0,0,0,0,0,0
1887,0,0,0,0,0,0,0,0,0,0,0,0,0,0,0,0,,,,,0,0,0,1,,0,,,,0,0,0,0,0,0,,1,0,1,0,0,,0,0,0,0,0,0,0,0,0,0,0
1888,0,0,0,0,0,0,0,0,0,0,0,0,0,0,0,0,,,,,0,0,0,1,,0,,,,0,0,0,0,0,0,,1,0,1,0,0,,0,0,0,0,0,0,0,0,0,0,0
1889,0,0,0,0,0,0,0,0,0,0,0,0,0,0,0,0,,,,,0,0,0,1,,0,,,,0,0,0,0,0,0,,1,0,1,0,0,,0,0,0,0,0,0,0,0,0,0,0
1890,0,0,0,0,0,0,0,0,0,0,0,0,0,0,0,0,,,,,0,0,0,1,,0,,,,0,0,0,0,0,0,,1,0,1,0,0,,0,0,0,0,0,0,0,0,0,0,0
1891,0,0,0,0,0,0,0,0,0,0,0,0,0,0,0,0,,,,,0,0,0,1,,0,,,,0,0,0,0,0,0,,1,0,1,0,0,,0,0,0,0,0,0,0,0,0,0,0
1892,0,0,0,0,0,0,0,0,0,0,0,0,0,0,0,0,,,,,0,0,0,1,,0,,,,0,0,0,0,0,0,,1,0,1,0,0,,0,0,0,0,0,0,0,0,0,0,0
1893,0,0,0,0,0,0,0,0,0,0,0,0,0,0,0,0,,,,,0,0,0,1,,0,,,,0,0,0,0,0,0,,1,0,1,0,0,,0,0,0,0,0,0,0,0,0,0,0
1894,0,0,0,0,0,0,0,0,0,0,0,0,0,0,0,0,,,,,0,0,0,1,,0,,,,0,0,0,0,0,0,,1,0,1,0,0,,0,0,0,0,0,0,0,0,0,0,0
1895,0,0,0,0,0,0,0,0,0,0,0,0,0,0,0,0,,,,,0,0,0,1,,0,,,,0,0,0,0,0,0,,1,0,1,0,0,,0,0,0,0,0,0,0,0,0,0,0
1896,0,0,0,0,0,0,0,0,0,0,0,0,0,0,0,0,,,,,0,0,0,1,,0,,,,0,0,0,0,0,0,,1,0,1,0,0,,0,0,0,0,0,0,0,0,0,0,0
1897,0,0,0,0,0,0,0,0,0,0,0,0,0,0,0,0,,,,,0,0,0,1,,0,,,,0,0,0,0,0,0,,1,0,1,0,0,,0,0,0,0,0,0,0,0,0,0,0
1898,0,0,0,0,0,0,0,0,0,0,0,0,0,0,0,0,,,,,0,0,0,1,,0,,,,0,0,0,0,0,0,,1,0,1,0,0,,0,0,0,0,0,0,0,0,0,0,0
1899,0,0,0,0,0,0,0,0,0,0,0,0,0,0,0,0,,,,,0,0,0,1,,0,,,,0,0,0,0,0,0,,1,0,1,0,0,,0,0,0,0,0,0,0,0,0,0,0
1900,0,0,0,0,0,0,0,0,0,0,0,0,0,0,0,0,,,,,0,0,0,1,,0,,,,0,0,0,0,0,0,,1,0,1,0,0,,0,0,0,0,0,0,0,0,0,0,0
1901,0,0,0,0,0,0,0,0,0,0,0,0,0,0,0,0,,,,,0,0,0,1,,0,,,,0,0,0,0,0,0,,1,0,1,0,0,,0,0,0,0,0,0,0,0,0,0,0
1902,0,0,0,0,0,0,0,0,0,0,0,0,0,0,0,0,,,,,,,,1,,0,,,,0,0,0,0,0,0,,1,0,1,0,0,,0,0,0,0,0,0,0,0,0,0,0
1903,0,0,0,0,0,0,0,0,0,0,0,0,0,0,0,0,,,,,,,,1,,0,,,,0,0,0,0,0,0,,1,0,1,0,0,,0,0,0,0,0,0,0,0,0,0,0
1904,0,0,0,0,0,0,0,0,0,0,0,0,0,0,0,0,,,,,,,,0,,0,,,,0,0,0,0,0,0,,1,0,1,0,0,,0,0,0,0,0,0,0,0,0,0,0
1905,0,0,0,0,0,0,0,0,0,0,0,0,0,0,0,0,,,,,,,,0,,0,,,,0,0,0,,,0,,1,0,1,0,0,,0,0,0,0,0,0,0,0,0,0,0
1906,0,0,0,0,0,0,0,0,0,0,0,0,0,0,0,0,,,,,,,,0,,0,,,,0,0,0,,,0,,1,0,1,0,0,,0,0,0,0,0,0,0,0,0,0,0
1907,0,0,0,0,0,0,0,0,0,0,0,0,0,0,0,0,,,,,,,,0,,0,,,,0,0,0,,,0,,1,0,1,0,0,,0,0,0,0,0,0,0,0,0,0,0
1908,0,0,0,0,0,0,0,0,0,0,0,0,0,0,0,0,,,,,,,,0,,0,,,,0,0,0,,,0,,1,0,1,0,0,,0,0,0,0,0,0,0,0,0,0,0
1909,0,0,0,0,0,0,0,0,0,0,0,0,0,0,0,0,,,,,,,,0,,0,,,,0,0,0,,,0,,1,0,1,0,0,,0,0,0,0,0,0,0,0,0,0,0
1910,0,0,0,0,0,0,0,0,0,0,0,0,0,0,0,0,,,,,,,,0,,0,,,,0,0,0,,,0,,1,0,1,0,0,,0,0,0,0,0,0,0,0,0,0,0
1911,0,0,0,0,0,0,0,0,0,0,0,0,0,0,0,0,,,,,,,,0,,0,,,,0,0,0,,,0,,1,0,1,0,0,,0,0,0,0,0,0,0,0,0,0,0
1912,0,0,0,0,0,0,0,0,0,0,0,0,0,0,0,0,,,,,,,,0,,0,,,,0,0,0,,,0,,1,0,1,0,0,,0,0,0,0,0,0,0,0,0,0,0
1913,0,0,0,0,0,0,0,0,0,0,0,0,0,0,0,0,,,,,,,,0,,0,,,,0,0,0,,,0,,1,0,1,0,0,,0,0,0,0,0,0,0,0,0,0,0
1914,0,0,0,0,0,0,0,0,0,0,0,0,0,0,0,0,,,,,,,,0,,0,,,,0,0,0,,,0,,1,0,1,0,0,,0,0,0,0,0,0,0,0,0,0,0
1915,0,0,0,0,0,0,0,0,0,0,0,0,0,0,0,0,,,,,,,,0,,0,,,,0,0,0,,,0,,1,0,1,0,0,,0,0,0,0,0,0,0,0,0,0,0
1916,0,0,0,0,0,0,0,0,0,0,0,0,0,0,0,0,,,,,,,,0,,0,,,,0,0,0,,,0,,1,0,1,0,0,,0,0,0,0,0,0,0,0,0,0,0
1917,0,0,0,0,0,0,0,0,0,0,0,0,0,0,0,0,,,,,,,,0,,0,,,,0,0,0,,,0,,1,0,1,0,0,,0,0,0,0,0,0,0,0,0,0,0
1918,0,0,0,0,0,0,0,0,0,0,0,0,0,0,0,0,,,,,,,,0,,0,,,,0,0,0,,,0,,1,0,1,0,0,,0,0,0,0,0,0,0,0,0,0,0
1919,0,0,0,0,0,0,0,0,0,0,0,0,0,0,0,0,,,,,,,,0,,0,,,,0,0,0,,,0,,1,0,1,0,0,,0,0,0,0,0,0,0,0,0,0,0
1920,0,0,0,0,0,0,0,0,0,0,0,0,0,0,0,0,,,,,,,,0,,0,,,,0,0,0,,,0,,1,0,1,0,0,,0,0,0,0,0,0,0,0,0,0,0
1921,0,0,0,0,0,0,0,0,0,0,0,0,0,0,0,0,,,,,,,,0,,0,,,,0,0,0,,,0,,1,0,1,0,0,,0,0,0,0,0,0,0,0,0,0,0
1922,0,0,0,0,0,0,0,0,0,0,0,0,0,0,0,0,,,,,,,,0,,0,,,,0,0,0,,,0,,1,0,1,0,0,,0,0,0,0,0,0,0,0,0,0,0
1923,0,0,0,0,0,0,0,0,0,0,0,0,0,0,0,0,,,,,,,,0,,0,,,,0,0,0,,,0,,1,0,1,0,0,,0,0,0,0,0,0,0,0,0,0,0
1924,0,0,0,0,0,0,0,0,0,0,0,0,0,0,0,0,,,,,,,,0,,0,,,,0,0,0,,,0,,1,0,1,0,0,,0,0,0,0,0,0,0,0,0,0,0
1925,0,0,0,0,0,2,0,0,0,0,0,0,0,0,0,0,,,,,,,,0,,0,,,,0,0,0,,,0,,1,0,1,0,0,,0,0,0,0,0,0,0,0,0,0,0
1926,0,0,0,0,0,0,0,0,0,0,0,0,0,0,0,0,,,,,,,,0,,0,,,,0,0,0,,,0,,1,0,1,0,0,,0,0,0,0,0,0,0,0,0,0,0
1927,0,0,0,0,0,0,0,0,0,0,0,0,0,0,0,0,,,,,,,,0,,0,,,,0,0,0,,,0,,1,0,1,0,0,,0,0,0,0,0,0,0,0,0,0,0
1928,0,0,0,0,0,0,0,0,0,0,0,0,0,0,0,0,,,,,,,,0,,0,,,,0,0,0,,,0,,1,0,1,0,0,,0,0,0,0,0,0,0,0,0,0,0
1929,0,0,0,0,0,0,0,0,0,0,0,0,0,0,0,0,,,,,,,,0,,0,,,,0,0,0,,,0,,1,0,1,0,0,,0,0,0,0,0,0,0,0,0,0,0
1930,0,0,0,0,0,0,0,0,0,0,0,0,0,0,0,0,,,,,,,,0,,0,,,,0,0,0,,,0,,1,0,1,0,0,,0,0,0,0,0,0,0,0,0,0,0
1931,0,0,0,0,0,0,0,0,0,0,0,0,0,0,0,0,,,,,,,,0,,0,,,,0,0,0,,,0,,1,0,1,0,0,,0,0,0,0,0,0,0,0,0,0,0
1932,0,0,0,0,0,0,0,0,0,0,0,0,0,0,0,0,,,,,,,,0,,0,,,,0,0,0,,,0,,1,0,1,0,0,,0,0,0,0,0,0,0,0,0,0,0
1933,0,0,0,0,0,0,0,0,0,0,0,0,0,0,0,0,,,,,,,,0,,0,,,,0,0,0,,,0,,1,0,1,0,0,,0,0,0,0,0,0,0,0,0,0,0
1934,0,0,0,0,0,0,0,0,0,0,0,0,0,0,0,0,,,,,,,,0,,0,,,,0,0,0,,,0,,1,0,1,0,0,,0,0,0,0,0,0,0,0,0,0,0
1935,0,0,0,0,0,0,0,0,0,0,0,0,0,0,0,0,,,,,,,,0,,0,,,,0,0,0,,,0,,1,0,1,0,0,,0,0,0,0,0,0,0,0,0,0,0
1936,0,0,0,0,0,0,0,0,0,0,0,0,0,0,0,0,,,,,,,,0,,0,,,,0,0,0,,,0,,1,0,1,0,0,,0,0,0,0,0,0,0,0,0,0,0
1937,0,0,0,0,0,0,0,0,0,0,0,0,0,0,0,0,,,,,,,,0,,0,,,,0,0,0,,,0,,1,0,1,0,0,,0,0,0,0,0,0,0,0,0,0,0
1938,0,0,0,0,0,0,0,0,0,0,0,0,0,0,0,0,,,,,,,,0,,0,,,,0,0,0,,,0,,1,0,1,0,0,,0,0,0,0,0,0,0,0,0,0,0
1939,0,0,0,0,0,0,0,0,0,0,0,0,0,0,0,0,,,,,,,,0,,0,,,,0,0,0,,,0,,1,0,1,0,0,,0,0,0,0,0,0,0,0,0,0,0
1940,0,0,0,0,0,0,0,0,0,0,0,0,0,0,0,0,,,,,,,,0,,0,,,,0,0,0,,,0,,1,0,1,0,0,,0,0,0,0,0,0,0,0,0,0,0
1941,0,0,0,0,0,0,0,0,0,0,0,0,0,0,0,0,,,,,,,,0,,0,,,,0,0,0,,,0,,1,0,1,0,0,,0,0,0,0,0,0,0,0,0,0,0
1942,0,0,0,0,0,0,0,0,0,0,0,0,0,0,0,0,,,,,,,,0,,0,,,,0,0,0,,,0,,1,0,1,0,0,,0,0,0,0,0,0,0,0,0,0,0
1943,0,0,0,0,0,0,0,0,0,0,0,0,0,0,0,0,,,,,,,,0,,0,,,,0,0,0,,,0,,1,0,1,0,0,,0,0,0,0,0,0,0,0,0,0,0
1944,0,0,0,0,0,0,0,0,0,0,0,0,0,0,0,0,,,,,,,,0,,0,,,,0,0,0,,,0,,1,0,1,0,0,,0,0,0,0,0,0,0,0,0,0,0
1945,0,0,0,0,0,0,0,0,0,0,0,0,0,0,0,0,,,,,,,,0,,0,,,,0,0,0,,,0,,1,0,1,0,0,,0,0,0,0,0,0,0,0,0,0,0
1946,0,0,0,0,0,0,0,0,0,0,0,0,0,0,0,0,,,,,,,,0,,0,,,,0,0,0,,,0,,1,0,1,0,0,,0,0,0,0,0,0,0,0,0,0,0
1947,0,0,0,0,0,0,0,0,0,0,0,0,0,0,0,0,,,,,,,,0,,0,,,,0,0,0,,,0,,1,0,1,0,0,,0,0,0,0,0,0,0,0,0,0,0
1948,0,0,0,0,0,0,0,0,0,0,0,0,0,0,0,0,,,,,,,,0,,0,,,,0,0,0,,,0,,1,0,1,0,0,,0,0,0,0,0,0,0,0,0,0,0
1949,0,0,0,0,0,0,0,0,0,0,0,0,0,0,0,0,,,,,,,,0,,0,,,,0,0,0,,,0,,1,0,1,0,0,,0,0,0,0,0,0,0,0,0,0,0
1950,0,0,0,0,0,0,0,0,0,0,0,0,0,0,0,0,,,,,,,,0,,0,,,,0,0,0,,,0,,1,0,1,0,0,,0,0,0,0,0,0,0,0,0,0,0
1951,0,0,0,0,0,0,0,0,0,0,0,0,0,0,0,0,,,,,,,,0,,0,,,,0,0,0,,,0,,1,0,1,0,0,,0,0,0,0,0,0,0,0,0,0,0
1952,0,0,0,0,0,0,0,0,0,0,0,0,0,0,0,0,,,,,,,,0,,0,,,,0,0,0,,,,,1,0,1,0,0,,0,0,0,0,0,0,0,0,0,0,0
1953,0,0,0,0,0,0,0,0,0,0,0,0,0,0,0,0,,,,,,,,0,,0,,,,0,0,0,,,,,1,0,0,0,0,,0,0,0,0,0,0,0,0,0,0,0
1954,0,0,0,0,0,0,0,0,0,0,0,0,0,0,0,0,,,,,,,,0,,0,,,,0,0,0,,,,,,,,,,,0,0,0,0,0,0,0,0,0,0,0
1955,0,0,0,0,0,0,0,0,0,0,0,0,0,0,0,0,,,,,,,,0,,0,,,,0,0,0,,,,,,,,,,,0,0,0,0,0,0,0,0,0,0,0
1956,0,0,0,0,0,0,0,0,0,0,0,0,0,0,0,0,,,,,,,,0,,0,,,,0,0,0,,,,,,,,,,,0,0,0,0,0,0,0,0,0,0,0
1957,0,0,0,0,0,0,0,0,0,0,0,0,0,0,0,0,,,,,,,,0,,0,,,,0,0,0,,,,,,,,,,,0,0,0,0,0,0,0,0,0,0,0
1958,0,0,0,0,0,0,0,0,0,0,0,0,0,0,0,0,,,,,,,,0,,0,,,,0,0,0,,,,,,,,,,,0,0,0,0,0,0,0,0,0,0,0
1959,0,0,0,0,0,0,0,0,0,0,0,0,0,0,0,0,,,,,,,,0,,0,,,,0,0,0,,,,,,,,,,,0,0,0,0,0,0,0,0,0,0,0
1960,0,0,0,0,0,0,0,0,0,0,0,0,0,0,0,0,,,,,,,,0,,0,,,,0,0,0,,,,,,,,,,,0,0,0,0,0,0,0,0,0,0,0
1961,0,0,0,0,0,0,0,0,0,0,0,0,0,0,0,0,,,,,,,,0,,0,,,,0,0,0,,,,,,,,,,,0,0,0,0,0,0,0,0,0,0,0
1962,0,0,0,0,0,0,0,0,0,0,0,0,0,0,0,0,,,,,,,,0,,0,,,,0,0,0,,,,,,,,,,,0,0,0,0,0,0,0,0,0,0,0
1963,0,0,0,0,0,0,0,0,0,0,0,0,0,0,0,0,,,,,,,,0,,0,,,,0,0,0,,,,,,,,,,,0,0,0,0,0,0,0,0,0,0,0
1964,0,0,0,0,0,0,0,0,0,0,0,0,0,0,0,0,,,,,,,,0,,0,,,,0,0,0,,,,,,,,,,,0,0,0,0,0,0,0,0,0,0,0
1965,0,0,0,0,0,0,0,0,0,0,0,0,0,0,0,0,,,,,,,,0,,0,,,,0,0,0,,,,,,,,,,,0,0,0,0,0,0,0,0,0,0,0
1966,0,0,0,,,,,0,0,0,0,0,0,0,0,0,,,,,,,,0,,0,,,,0,0,0,,,,,,,,,,,0,0,0,0,0,0,0,0,0,0,0
1967,0,0,0,,,,,,0,0,0,0,0,0,0,0,,,,,,,,0,,0,,,,0,0,0,,,,,,,,,,,0,0,0,0,0,0,0,0,0,0,0
1968,0,0,0,,,,,,0,0,0,0,0,0,0,0,,,,,,,,0,,0,,,,0,0,0,,,,,,,,,,,0,0,0,0,0,0,0,0,0,0,0
1969,0,0,0,,,,,,0,0,0,0,0,0,0,0,,,,,,,,0,,0,,,,0,0,0,,,,,,,,,,,0,0,0,0,0,0,0,0,0,0,0
1970,0,0,0,,,,,,0,0,0,0,0,0,0,0,,,,,,,,0,,0,,,,0,0,0,,,,,,,,,,,0,0,0,0,0,0,0,0,0,0,0
1971,0,0,0,,,,,,0,0,0,0,0,0,0,0,,,,,,,,0,,0,,,,0,0,0,,,,,,,,,,,0,0,0,0,0,0,0,0,0,0,0
1972,0,0,0,,,,,,0,0,0,0,0,0,0,0,,,,,,,,0,,0,,,,0,0,0,,,,,,,,,,,0,0,0,0,0,0,0,0,0,0,0
1973,0,0,0,,,,,,0,0,0,0,0,0,0,0,,,,,,,,0,,0,,,,0,0,0,,,,,,,,,,,0,0,0,0,0,0,0,0,0,0,0
1974,0,0,0,,,,,,0,0,0,0,0,0,0,0,,,,,,,,0,,0,,,,0,0,0,,,,,,,,,,,0,0,0,0,0,0,0,0,0,0,0
1975,0,0,0,,,,,,0,0,0,0,0,0,0,0,,,,,,,,0,,0,,,,0,0,0,,,,,,,,,,,0,0,0,0,0,0,0,0,0,0,0
1976,0,0,0,,,,,,0,0,0,0,0,0,0,0,,,,,,,,0,,0,,,,0,0,0,,,,,,,,,,,0,0,0,0,0,0,0,0,0,0,0
1977,0,0,0,,,,,,0,0,0,0,0,0,0,0,,,,,,,,0,,0,,,,0,0,0,,,,,,,,,,,0,0,0,0,0,0,0,0,0,0,0
1978,0,0,0,,,,,,0,0,0,0,0,0,0,0,,,,,,,,0,,0,,,,0,0,0,,,,,,,,,,,0,0,0,0,0,0,0,0,0,0,0
1979,0,0,0,,,,,,0,0,0,0,0,0,0,0,,,,,,,,0,,0,,,,0,0,0,,,,,,,,,,,0,0,0,0,0,0,0,0,0,0,0
1980,0,0,0,,,,,,0,0,0,0,0,0,0,0,,,,,,,,0,,0,,,,0,0,0,,,,,,,,,,,0,0,0,0,0,0,0,0,0,0,0
1981,0,0,0,,,,,,0,0,0,0,0,0,0,0,,,,,,,,0,,0,,,,0,0,0,,,,,,,,,,,0,0,0,0,0,0,0,0,0,0,0
1982,0,0,0,,,,,,0,0,0,0,0,0,0,0,,,,,,,,0,,0,,,,0,0,0,,,,,,,,,,,0,0,0,0,0,0,0,0,0,0,0
1983,0,0,0,,,,,,0,0,0,0,0,0,0,0,,,,,,,,0,,0,,,,0,0,0,,,,,,,,,,,0,0,0,0,0,0,0,0,0,0,0
1984,0,0,0,,,,,,0,0,0,0,0,0,0,0,,,,,,,,,,0,,,,0,0,0,,,,,,,,,,,0,0,0,0,0,0,0,0,0,0,0
1985,0,0,0,,,,,,0,0,0,0,0,0,0,0,,,,,,,,,,0,,,,0,0,0,,,,,,,,,,,0,0,0,0,0,0,0,0,0,0,0
1986,0,0,0,,,,,,0,0,0,0,0,0,0,0,,,,,,,,,,0,,,,0,0,0,,,,,,,,,,,0,0,0,0,0,0,0,0,0,0,0
1987,,0,0,,,,,,0,0,0,0,0,0,0,0,,,,,,,,,,0,,,,0,0,0,,,,,,,,,,,0,0,0,0,0,0,0,0,0,0,0
1988,,0,0,,,,,,0,0,0,0,0,0,0,0,,,,,,,,,,0,,,,0,0,0,,,,,,,,,,,0,0,0,0,0,0,0,0,0,0,0
1989,,0,0,,,,,,0,0,0,0,0,0,0,0,,,,,,,,,,0,,,,0,0,0,,,,,,,,,,,0,0,0,0,0,0,0,0,0,0,0
1990,,0,0,,,,,,0,0,0,0,0,0,0,0,,,,,,,,,,0,,,,0,0,0,,,,,,,,,,,0,0,0,0,0,0,0,0,0,0,0
1991,,0,0,,,,,,0,0,0,0,0,0,0,0,,,,,,,,,,0,,,,0,0,0,,,,,,,,,,,0,0,0,0,0,0,0,0,0,0,0
1992,,0,0,,,,,,0,,,,,0,0,0,,,,,,,,,,0,,,,0,0,0,,,,,,,,,,,0,0,0,0,0,0,0,0,0,0,0
1993,,0,0,,,,,,0,,,,,0,0,0,,,,,,,,,,0,,,,0,0,0,,,,,,,,,,,0,0,0,0,0,0,0,0,0,0,0
1994,,,,,,,,,0,,,,,,,,,,,,,,,,,0,,,,,,,,,,,,,,,,,0,0,0,0,0,0,0,0,0,0,0
1995,,,,,,,,,0,,,,,,,,,,,,,,,,,0,,,,,,,,,,,,,,,,,0,0,0,0,0,0,0,0,0,0,0
1996,,,,,,,,,0,,,,,,,,,,,,,,,,,0,,,,,,,,,,,,,,,,,0,0,0,0,0,0,0,0,0,0,0
1997,,,,,,,,,,,,,,,,,,,,,,,,,,,,,,,,,,,,,,,,,,,0,0,0,0,0,0,0,0,0,0,0
1998,,,,,,,,,,,,,,,,,,,,,,,,,,,,,,,,,,,,,,,,,,,0,0,0,0,0,0,0,0,0,0,0
1999,,,,,,,,,,,,,,,,,,,,,,,,,,,,,,,,,,,,,,,,,,,0,0,0,0,0,0,0,0,0,0,0
2000,,,,,,,,,,,,,,,,,,,,,,,,,,,,,,,,,,,,,,,,,,,0,0,0,0,0,0,0,0,0,0,0

